dataset	n_seqs	condition	seq_id	kind	reference_rank	reference_original	reference_proposed	reference_conf	test_rank	test_original	test_proposed	test_conf	taxonomy
n400	400	port_py3_epang_T1	ab24a6f7-938e-4292-ba70-41a7aab91d5a	same rank, other proposal	Phylum	NA	Zoopagomycota	0.546	Phylum	NA	Basidiomycota	1.000	Fungi;NA;NA;NA;NA;NA;NA
n400	400	port_py3_epang_T1	381fe2c2-6601-4da5-b77f-d0742d89e4c3	flagged by reference only	Genus	Scorzonera	Koelpinia	0.508					Plantae;Tracheophyta;NA;Asterales;Asteraceae;Scorzonera
n400	400	port_py3_epang_T1	4e64fbdd-787d-4ecb-86a4-d3b9af400c07	flagged by reference only	Species	Bouteloua curtipendula	NA	0.510					Plantae;Tracheophyta;NA;Poales;Poaceae;Bouteloua;Bouteloua curtipendula
n400	400	port_py3_epang_T1	52ee4c25-e482-40e8-b264-0838f7555fbf	flagged by reference only	Species	NA	Asterochloris italiana	0.491					Plantae;Chlorophyta;NA;Microthamniales;NA;Asterochloris;NA
n400	400	port_py3_epang_T1	fc6604a6-b285-426a-9c5a-650da0f8e631	flagged by reference only	Species	Bouteloua curtipendula	NA	0.510					Plantae;Tracheophyta;NA;Poales;Poaceae;Bouteloua;Bouteloua curtipendula
n400	400	port_py3_epang_T1	50ebe735-0968-4662-8c3c-7fb2313c3d3a	flagged by test only					Genus	Evotrochis	Primula	1.000	Plantae;Tracheophyta;NA;Ericales;Primulaceae;Evotrochis
n400	400	port_py3_epang_T1	5a6435e7-8a80-4641-8ad1-79268b3dc7f3	flagged by test only					Genus	Evotrochis	Primula	1.000	Plantae;Tracheophyta;NA;Ericales;Primulaceae;Evotrochis
n400	400	port_py3_epang_T16	ab24a6f7-938e-4292-ba70-41a7aab91d5a	same rank, other proposal	Phylum	NA	Zoopagomycota	0.546	Phylum	NA	Basidiomycota	1.000	Fungi;NA;NA;NA;NA;NA;NA
n400	400	port_py3_epang_T16	381fe2c2-6601-4da5-b77f-d0742d89e4c3	flagged by reference only	Genus	Scorzonera	Koelpinia	0.508					Plantae;Tracheophyta;NA;Asterales;Asteraceae;Scorzonera
n400	400	port_py3_epang_T16	4e64fbdd-787d-4ecb-86a4-d3b9af400c07	flagged by reference only	Species	Bouteloua curtipendula	NA	0.510					Plantae;Tracheophyta;NA;Poales;Poaceae;Bouteloua;Bouteloua curtipendula
n400	400	port_py3_epang_T16	52ee4c25-e482-40e8-b264-0838f7555fbf	flagged by reference only	Species	NA	Asterochloris italiana	0.491					Plantae;Chlorophyta;NA;Microthamniales;NA;Asterochloris;NA
n400	400	port_py3_epang_T16	fc6604a6-b285-426a-9c5a-650da0f8e631	flagged by reference only	Species	Bouteloua curtipendula	NA	0.510					Plantae;Tracheophyta;NA;Poales;Poaceae;Bouteloua;Bouteloua curtipendula
n400	400	port_py3_epang_T16	50ebe735-0968-4662-8c3c-7fb2313c3d3a	flagged by test only					Genus	Evotrochis	Primula	1.000	Plantae;Tracheophyta;NA;Ericales;Primulaceae;Evotrochis
n400	400	port_py3_epang_T16	5a6435e7-8a80-4641-8ad1-79268b3dc7f3	flagged by test only					Genus	Evotrochis	Primula	1.000	Plantae;Tracheophyta;NA;Ericales;Primulaceae;Evotrochis
n400	400	port_py3_epang_T2	ab24a6f7-938e-4292-ba70-41a7aab91d5a	same rank, other proposal	Phylum	NA	Zoopagomycota	0.546	Phylum	NA	Basidiomycota	1.000	Fungi;NA;NA;NA;NA;NA;NA
n400	400	port_py3_epang_T2	381fe2c2-6601-4da5-b77f-d0742d89e4c3	flagged by reference only	Genus	Scorzonera	Koelpinia	0.508					Plantae;Tracheophyta;NA;Asterales;Asteraceae;Scorzonera
n400	400	port_py3_epang_T2	4e64fbdd-787d-4ecb-86a4-d3b9af400c07	flagged by reference only	Species	Bouteloua curtipendula	NA	0.510					Plantae;Tracheophyta;NA;Poales;Poaceae;Bouteloua;Bouteloua curtipendula
n400	400	port_py3_epang_T2	52ee4c25-e482-40e8-b264-0838f7555fbf	flagged by reference only	Species	NA	Asterochloris italiana	0.491					Plantae;Chlorophyta;NA;Microthamniales;NA;Asterochloris;NA
n400	400	port_py3_epang_T2	fc6604a6-b285-426a-9c5a-650da0f8e631	flagged by reference only	Species	Bouteloua curtipendula	NA	0.510					Plantae;Tracheophyta;NA;Poales;Poaceae;Bouteloua;Bouteloua curtipendula
n400	400	port_py3_epang_T2	50ebe735-0968-4662-8c3c-7fb2313c3d3a	flagged by test only					Genus	Evotrochis	Primula	1.000	Plantae;Tracheophyta;NA;Ericales;Primulaceae;Evotrochis
n400	400	port_py3_epang_T2	5a6435e7-8a80-4641-8ad1-79268b3dc7f3	flagged by test only					Genus	Evotrochis	Primula	1.000	Plantae;Tracheophyta;NA;Ericales;Primulaceae;Evotrochis
n400	400	port_py3_epang_T4	ab24a6f7-938e-4292-ba70-41a7aab91d5a	same rank, other proposal	Phylum	NA	Zoopagomycota	0.546	Phylum	NA	Basidiomycota	1.000	Fungi;NA;NA;NA;NA;NA;NA
n400	400	port_py3_epang_T4	381fe2c2-6601-4da5-b77f-d0742d89e4c3	flagged by reference only	Genus	Scorzonera	Koelpinia	0.508					Plantae;Tracheophyta;NA;Asterales;Asteraceae;Scorzonera
n400	400	port_py3_epang_T4	4e64fbdd-787d-4ecb-86a4-d3b9af400c07	flagged by reference only	Species	Bouteloua curtipendula	NA	0.510					Plantae;Tracheophyta;NA;Poales;Poaceae;Bouteloua;Bouteloua curtipendula
n400	400	port_py3_epang_T4	52ee4c25-e482-40e8-b264-0838f7555fbf	flagged by reference only	Species	NA	Asterochloris italiana	0.491					Plantae;Chlorophyta;NA;Microthamniales;NA;Asterochloris;NA
n400	400	port_py3_epang_T4	fc6604a6-b285-426a-9c5a-650da0f8e631	flagged by reference only	Species	Bouteloua curtipendula	NA	0.510					Plantae;Tracheophyta;NA;Poales;Poaceae;Bouteloua;Bouteloua curtipendula
n400	400	port_py3_epang_T4	50ebe735-0968-4662-8c3c-7fb2313c3d3a	flagged by test only					Genus	Evotrochis	Primula	1.000	Plantae;Tracheophyta;NA;Ericales;Primulaceae;Evotrochis
n400	400	port_py3_epang_T4	5a6435e7-8a80-4641-8ad1-79268b3dc7f3	flagged by test only					Genus	Evotrochis	Primula	1.000	Plantae;Tracheophyta;NA;Ericales;Primulaceae;Evotrochis
n400	400	port_py3_epang_T8	ab24a6f7-938e-4292-ba70-41a7aab91d5a	same rank, other proposal	Phylum	NA	Zoopagomycota	0.546	Phylum	NA	Basidiomycota	1.000	Fungi;NA;NA;NA;NA;NA;NA
n400	400	port_py3_epang_T8	381fe2c2-6601-4da5-b77f-d0742d89e4c3	flagged by reference only	Genus	Scorzonera	Koelpinia	0.508					Plantae;Tracheophyta;NA;Asterales;Asteraceae;Scorzonera
n400	400	port_py3_epang_T8	4e64fbdd-787d-4ecb-86a4-d3b9af400c07	flagged by reference only	Species	Bouteloua curtipendula	NA	0.510					Plantae;Tracheophyta;NA;Poales;Poaceae;Bouteloua;Bouteloua curtipendula
n400	400	port_py3_epang_T8	52ee4c25-e482-40e8-b264-0838f7555fbf	flagged by reference only	Species	NA	Asterochloris italiana	0.491					Plantae;Chlorophyta;NA;Microthamniales;NA;Asterochloris;NA
n400	400	port_py3_epang_T8	fc6604a6-b285-426a-9c5a-650da0f8e631	flagged by reference only	Species	Bouteloua curtipendula	NA	0.510					Plantae;Tracheophyta;NA;Poales;Poaceae;Bouteloua;Bouteloua curtipendula
n400	400	port_py3_epang_T8	50ebe735-0968-4662-8c3c-7fb2313c3d3a	flagged by test only					Genus	Evotrochis	Primula	1.000	Plantae;Tracheophyta;NA;Ericales;Primulaceae;Evotrochis
n400	400	port_py3_epang_T8	5a6435e7-8a80-4641-8ad1-79268b3dc7f3	flagged by test only					Genus	Evotrochis	Primula	1.000	Plantae;Tracheophyta;NA;Ericales;Primulaceae;Evotrochis
n400	400	port_py3_epang_T8_K10	ab24a6f7-938e-4292-ba70-41a7aab91d5a	same rank, other proposal	Phylum	NA	Zoopagomycota	0.546	Phylum	NA	Basidiomycota	1.000	Fungi;NA;NA;NA;NA;NA;NA
n400	400	port_py3_epang_T8_K10	4e64fbdd-787d-4ecb-86a4-d3b9af400c07	flagged by reference only	Species	Bouteloua curtipendula	NA	0.510					Plantae;Tracheophyta;NA;Poales;Poaceae;Bouteloua;Bouteloua curtipendula
n400	400	port_py3_epang_T8_K10	fc6604a6-b285-426a-9c5a-650da0f8e631	flagged by reference only	Species	Bouteloua curtipendula	NA	0.510					Plantae;Tracheophyta;NA;Poales;Poaceae;Bouteloua;Bouteloua curtipendula
n400	400	port_py3_epang_T8_K25	ab24a6f7-938e-4292-ba70-41a7aab91d5a	same rank, other proposal	Phylum	NA	Zoopagomycota	0.546	Phylum	NA	Basidiomycota	1.000	Fungi;NA;NA;NA;NA;NA;NA
n400	400	port_py3_epang_T8_K25	381fe2c2-6601-4da5-b77f-d0742d89e4c3	flagged by reference only	Genus	Scorzonera	Koelpinia	0.508					Plantae;Tracheophyta;NA;Asterales;Asteraceae;Scorzonera
n400	400	port_py3_epang_T8_K25	4e64fbdd-787d-4ecb-86a4-d3b9af400c07	flagged by reference only	Species	Bouteloua curtipendula	NA	0.510					Plantae;Tracheophyta;NA;Poales;Poaceae;Bouteloua;Bouteloua curtipendula
n400	400	port_py3_epang_T8_K25	fc6604a6-b285-426a-9c5a-650da0f8e631	flagged by reference only	Species	Bouteloua curtipendula	NA	0.510					Plantae;Tracheophyta;NA;Poales;Poaceae;Bouteloua;Bouteloua curtipendula
n400	400	port_py3_epang_T8_K50	ab24a6f7-938e-4292-ba70-41a7aab91d5a	same rank, other proposal	Phylum	NA	Zoopagomycota	0.546	Phylum	NA	Basidiomycota	1.000	Fungi;NA;NA;NA;NA;NA;NA
n400	400	port_py3_epang_T8_K50	4e64fbdd-787d-4ecb-86a4-d3b9af400c07	flagged by reference only	Species	Bouteloua curtipendula	NA	0.510					Plantae;Tracheophyta;NA;Poales;Poaceae;Bouteloua;Bouteloua curtipendula
n400	400	port_py3_epang_T8_K50	fc6604a6-b285-426a-9c5a-650da0f8e631	flagged by reference only	Species	Bouteloua curtipendula	NA	0.510					Plantae;Tracheophyta;NA;Poales;Poaceae;Bouteloua;Bouteloua curtipendula
n400	400	port_py3_epang_T8_Kexact	ab24a6f7-938e-4292-ba70-41a7aab91d5a	same rank, other proposal	Phylum	NA	Zoopagomycota	0.546	Phylum	NA	Basidiomycota	1.000	Fungi;NA;NA;NA;NA;NA;NA
n400	400	port_py3_epang_T8_Kexact	4e64fbdd-787d-4ecb-86a4-d3b9af400c07	flagged by reference only	Species	Bouteloua curtipendula	NA	0.510					Plantae;Tracheophyta;NA;Poales;Poaceae;Bouteloua;Bouteloua curtipendula
n400	400	port_py3_epang_T8_Kexact	fc6604a6-b285-426a-9c5a-650da0f8e631	flagged by reference only	Species	Bouteloua curtipendula	NA	0.510					Plantae;Tracheophyta;NA;Poales;Poaceae;Bouteloua;Bouteloua curtipendula
n400	400	port_py3_epang_T8_acc999	ab24a6f7-938e-4292-ba70-41a7aab91d5a	same rank, other proposal	Phylum	NA	Zoopagomycota	0.546	Phylum	NA	Basidiomycota	0.999	Fungi;NA;NA;NA;NA;NA;NA
n400	400	port_py3_epang_T8_acc999	381fe2c2-6601-4da5-b77f-d0742d89e4c3	flagged by reference only	Genus	Scorzonera	Koelpinia	0.508					Plantae;Tracheophyta;NA;Asterales;Asteraceae;Scorzonera
n400	400	port_py3_epang_T8_acc999	4e64fbdd-787d-4ecb-86a4-d3b9af400c07	flagged by reference only	Species	Bouteloua curtipendula	NA	0.510					Plantae;Tracheophyta;NA;Poales;Poaceae;Bouteloua;Bouteloua curtipendula
n400	400	port_py3_epang_T8_acc999	52ee4c25-e482-40e8-b264-0838f7555fbf	flagged by reference only	Species	NA	Asterochloris italiana	0.491					Plantae;Chlorophyta;NA;Microthamniales;NA;Asterochloris;NA
n400	400	port_py3_epang_T8_acc999	fc6604a6-b285-426a-9c5a-650da0f8e631	flagged by reference only	Species	Bouteloua curtipendula	NA	0.510					Plantae;Tracheophyta;NA;Poales;Poaceae;Bouteloua;Bouteloua curtipendula
n400	400	port_py3_epang_T8_acc999	50ebe735-0968-4662-8c3c-7fb2313c3d3a	flagged by test only					Genus	Evotrochis	Primula	0.999	Plantae;Tracheophyta;NA;Ericales;Primulaceae;Evotrochis
n400	400	port_py3_epang_T8_acc999	5a6435e7-8a80-4641-8ad1-79268b3dc7f3	flagged by test only					Genus	Evotrochis	Primula	1.000	Plantae;Tracheophyta;NA;Ericales;Primulaceae;Evotrochis
n400	400	port_py3_epang_T8_blo	ab24a6f7-938e-4292-ba70-41a7aab91d5a	same rank, other proposal	Phylum	NA	Zoopagomycota	0.546	Phylum	NA	Basidiomycota	1.000	Fungi;NA;NA;NA;NA;NA;NA
n400	400	port_py3_epang_T8_blo	160139ab-9283-4d59-a53b-e68ae6d80432	flagged by reference only	Order	Trebouxiales	Microthamniales	0.967					Plantae;Chlorophyta;NA;Trebouxiales;Trebouxiaceae;Trebouxia;NA
n400	400	port_py3_epang_T8_blo	381fe2c2-6601-4da5-b77f-d0742d89e4c3	flagged by reference only	Genus	Scorzonera	Koelpinia	0.508					Plantae;Tracheophyta;NA;Asterales;Asteraceae;Scorzonera
n400	400	port_py3_epang_T8_blo	51f9cddc-72cc-4d30-8f32-1df8184db307	flagged by reference only	Species	Bipolaris bicolor	NA	0.946					Fungi;Ascomycota;NA;Pleosporales;Pleosporaceae;Bipolaris;Bipolaris bicolor
n400	400	port_py3_epang_T8_blo	52ee4c25-e482-40e8-b264-0838f7555fbf	flagged by reference only	Species	NA	Asterochloris italiana	0.491					Plantae;Chlorophyta;NA;Microthamniales;NA;Asterochloris;NA
n400	400	port_py3_epang_T8_blo	ac695606-d6b6-48f2-b090-f303df32f3af	flagged by reference only	Order	Trebouxiales	Microthamniales	0.968					Plantae;Chlorophyta;NA;Trebouxiales;Trebouxiaceae;Trebouxia;NA
n400	400	port_py3_epang_T8_blo	d1ec4ad5-520b-4410-8e28-bea482f8498b	flagged by reference only	Species	Bipolaris bicolor	NA	0.946					Fungi;Ascomycota;NA;Pleosporales;Pleosporaceae;Bipolaris;Bipolaris bicolor
n400	400	port_py3_epang_T8_blo	08a9b39e-7e23-4130-bf7f-daaa2702ae7f	flagged by test only					Order	Microthamniales	Trebouxiales	0.553	Plantae;Chlorophyta;NA;Microthamniales;NA;Asterochloris;NA
n400	400	port_py3_epang_T8_blo	50ebe735-0968-4662-8c3c-7fb2313c3d3a	flagged by test only					Genus	Evotrochis	Primula	1.000	Plantae;Tracheophyta;NA;Ericales;Primulaceae;Evotrochis
n400	400	port_py3_epang_T8_blo	5a6435e7-8a80-4641-8ad1-79268b3dc7f3	flagged by test only					Genus	Evotrochis	Primula	1.000	Plantae;Tracheophyta;NA;Ericales;Primulaceae;Evotrochis
n400	400	port_py3_epang_T8_blo	a963e9b2-63dc-4d5f-9bf5-1f0c0ba693e4	flagged by test only					Order	Microthamniales	Trebouxiales	0.617	Plantae;Chlorophyta;NA;Microthamniales;NA;Asterochloris
n400	400	port_py3_epang_T8_noheur	ab24a6f7-938e-4292-ba70-41a7aab91d5a	same rank, other proposal	Phylum	NA	Zoopagomycota	0.546	Phylum	NA	Basidiomycota	1.000	Fungi;NA;NA;NA;NA;NA;NA
n400	400	port_py3_epang_T8_noheur	381fe2c2-6601-4da5-b77f-d0742d89e4c3	flagged by reference only	Genus	Scorzonera	Koelpinia	0.508					Plantae;Tracheophyta;NA;Asterales;Asteraceae;Scorzonera
n400	400	port_py3_epang_T8_noheur	4e64fbdd-787d-4ecb-86a4-d3b9af400c07	flagged by reference only	Species	Bouteloua curtipendula	NA	0.510					Plantae;Tracheophyta;NA;Poales;Poaceae;Bouteloua;Bouteloua curtipendula
n400	400	port_py3_epang_T8_noheur	52ee4c25-e482-40e8-b264-0838f7555fbf	flagged by reference only	Species	NA	Asterochloris italiana	0.491					Plantae;Chlorophyta;NA;Microthamniales;NA;Asterochloris;NA
n400	400	port_py3_epang_T8_noheur	fc6604a6-b285-426a-9c5a-650da0f8e631	flagged by reference only	Species	Bouteloua curtipendula	NA	0.510					Plantae;Tracheophyta;NA;Poales;Poaceae;Bouteloua;Bouteloua curtipendula
n400	400	port_py3_epang_T8_noheur	50ebe735-0968-4662-8c3c-7fb2313c3d3a	flagged by test only					Genus	Evotrochis	Primula	1.000	Plantae;Tracheophyta;NA;Ericales;Primulaceae;Evotrochis
n400	400	port_py3_epang_T8_noheur	5a6435e7-8a80-4641-8ad1-79268b3dc7f3	flagged by test only					Genus	Evotrochis	Primula	1.000	Plantae;Tracheophyta;NA;Ericales;Primulaceae;Evotrochis
n400	400	port_py3_epang_T8_raxmlmatch	ab24a6f7-938e-4292-ba70-41a7aab91d5a	same rank, other proposal	Phylum	NA	Zoopagomycota	0.546	Phylum	NA	Ascomycota	1.000	Fungi;NA;NA;NA;NA;NA;NA
n400	400	port_py3_epang_T8_raxmlmatch	016fe383-b099-4998-a909-45dae9f9af74	flagged by reference only	Phylum	Chlorophyta	Tracheophyta	0.999					Plantae;Chlorophyta;NA;Sphaeropleales;Scenedesmaceae;Scenedesmus;NA
n400	400	port_py3_epang_T8_raxmlmatch	51f9cddc-72cc-4d30-8f32-1df8184db307	flagged by reference only	Species	Bipolaris bicolor	NA	0.946					Fungi;Ascomycota;NA;Pleosporales;Pleosporaceae;Bipolaris;Bipolaris bicolor
n400	400	port_py3_epang_T8_raxmlmatch	52ee4c25-e482-40e8-b264-0838f7555fbf	flagged by reference only	Species	NA	Asterochloris italiana	0.491					Plantae;Chlorophyta;NA;Microthamniales;NA;Asterochloris;NA
n400	400	port_py3_epang_T8_raxmlmatch	d1ec4ad5-520b-4410-8e28-bea482f8498b	flagged by reference only	Species	Bipolaris bicolor	NA	0.946					Fungi;Ascomycota;NA;Pleosporales;Pleosporaceae;Bipolaris;Bipolaris bicolor
n400	400	upstream_py2_raxml_T1	9d4b22f7-024c-4524-8036-5220a2b665f4	rank differs	Kingdom	Plantae	Fungi	0.467	Phylum	Chlorophyta	Rhodophyta	0.403	Plantae;Chlorophyta;NA;Chlamydomonadales;Chlamydomonadaceae;Chlamydomonas
n400	400	upstream_py2_raxml_T1	ab24a6f7-938e-4292-ba70-41a7aab91d5a	same rank, other proposal	Phylum	NA	Zoopagomycota	0.546	Phylum	NA	Basidiomycota	0.991	Fungi;NA;NA;NA;NA;NA;NA
n400	400	upstream_py2_raxml_T1	42a9c432-23cb-47a3-b43b-99f3dfa459d2	flagged by reference only	Genus	Scorzonera	Gelasia	0.510					Plantae;Tracheophyta;NA;Asterales;Asteraceae;Scorzonera;Scorzonera pseudolanata
n400	400	upstream_py2_raxml_T1	52ee4c25-e482-40e8-b264-0838f7555fbf	flagged by reference only	Species	NA	Asterochloris italiana	0.491					Plantae;Chlorophyta;NA;Microthamniales;NA;Asterochloris;NA
n400	400	upstream_py2_raxml_T1	575cae70-a08a-4ff5-8aa5-48605c5605e6	flagged by test only					Genus	Scorzonera	Epilasia	0.435	Plantae;Tracheophyta;NA;Asterales;Asteraceae;Scorzonera;Scorzonera pseudolanata
n400	400	upstream_py2_raxml_T1	8bc74e33-8821-417c-a0ff-ecf1894f1d3b	flagged by test only					Species	Bipolaris sorokiniana	NA	0.531	Fungi;Ascomycota;NA;Pleosporales;Pleosporaceae;Bipolaris;Bipolaris sorokiniana
n400	400	upstream_py2_raxml_T1	a3c55874-dd8d-4eeb-9837-0ccd7cc2be4b	flagged by test only					Species	Russula fellea	Russula pascua	0.493	Fungi;Basidiomycota;NA;Russulales;Russulaceae;Russula;Russula fellea
n400	400	upstream_py2_raxml_T8	9d4b22f7-024c-4524-8036-5220a2b665f4	rank differs	Kingdom	Plantae	Fungi	0.467	Phylum	Chlorophyta	Rhodophyta	0.403	Plantae;Chlorophyta;NA;Chlamydomonadales;Chlamydomonadaceae;Chlamydomonas
n400	400	upstream_py2_raxml_T8	ab24a6f7-938e-4292-ba70-41a7aab91d5a	same rank, other proposal	Phylum	NA	Zoopagomycota	0.546	Phylum	NA	Basidiomycota	0.991	Fungi;NA;NA;NA;NA;NA;NA
n400	400	upstream_py2_raxml_T8	42a9c432-23cb-47a3-b43b-99f3dfa459d2	flagged by reference only	Genus	Scorzonera	Gelasia	0.510					Plantae;Tracheophyta;NA;Asterales;Asteraceae;Scorzonera;Scorzonera pseudolanata
n400	400	upstream_py2_raxml_T8	52ee4c25-e482-40e8-b264-0838f7555fbf	flagged by reference only	Species	NA	Asterochloris italiana	0.491					Plantae;Chlorophyta;NA;Microthamniales;NA;Asterochloris;NA
n400	400	upstream_py2_raxml_T8	575cae70-a08a-4ff5-8aa5-48605c5605e6	flagged by test only					Genus	Scorzonera	Epilasia	0.435	Plantae;Tracheophyta;NA;Asterales;Asteraceae;Scorzonera;Scorzonera pseudolanata
n400	400	upstream_py2_raxml_T8	8bc74e33-8821-417c-a0ff-ecf1894f1d3b	flagged by test only					Species	Bipolaris sorokiniana	NA	0.531	Fungi;Ascomycota;NA;Pleosporales;Pleosporaceae;Bipolaris;Bipolaris sorokiniana
n400	400	upstream_py2_raxml_T8	a3c55874-dd8d-4eeb-9837-0ccd7cc2be4b	flagged by test only					Species	Russula fellea	Russula pascua	0.493	Fungi;Basidiomycota;NA;Russulales;Russulaceae;Russula;Russula fellea
n800	800	port_py3_epang_T1	0618e73e-84f8-4755-b463-6a9d0cc00831	flagged by reference only	Infraorder	Saponaria	Acanthophyllum	0.579					Plantae;Tracheophyta;NA;Caryophyllales;Caryophyllaceae;Saponaria
n800	800	port_py3_epang_T1	08a9b39e-7e23-4130-bf7f-daaa2702ae7f	flagged by reference only	Order	Microthamniales	Trebouxiales	0.786					Plantae;Chlorophyta;NA;Microthamniales;NA;Asterochloris;NA
n800	800	port_py3_epang_T1	0c1db646-f2ad-4dad-99a8-0a9e175bd235	flagged by reference only	Species	NA	Primula vulgaris	0.508					Plantae;Tracheophyta;NA;Ericales;Primulaceae;Primula;NA
n800	800	port_py3_epang_T1	0e95f70b-a70e-4df2-9039-1febb088baf7	flagged by reference only	Species	Ahnfeltia borealis	Ahnfeltia plicata	0.837					Plantae;Rhodophyta;NA;Ahnfeltiales;Ahnfeltiaceae;Ahnfeltia;Ahnfeltia borealis
n800	800	port_py3_epang_T1	0f799fab-e0c1-4297-bfc3-979ee401eae9	flagged by reference only	Species	Bouteloua warnockii	Bouteloua curtipendula	0.465					Plantae;Tracheophyta;NA;Poales;Poaceae;Bouteloua;Bouteloua warnockii
n800	800	port_py3_epang_T1	3be76ad8-a918-4987-8f03-0c3a86c0d266	flagged by reference only	Species	Ahnfeltia fastigiata	Ahnfeltia plicata	0.837					Plantae;Rhodophyta;NA;Ahnfeltiales;Ahnfeltiaceae;Ahnfeltia;Ahnfeltia fastigiata
n800	800	port_py3_epang_T1	5c9e8bd0-eb76-4dae-b31a-7e14e5edb663	flagged by reference only	Species	Primula veris	Primula vulgaris	0.502					Plantae;Tracheophyta;NA;Ericales;Primulaceae;Primula;Primula veris
n800	800	port_py3_epang_T1	681d305d-8dee-4c2f-8d55-96a7b28cb745	flagged by reference only	Species	NA	Bouteloua curtipendula	0.944					Plantae;Tracheophyta;NA;Poales;Poaceae;Bouteloua;NA
n800	800	port_py3_epang_T1	75e2a37b-db1b-4673-bcef-338f984d4d9b	flagged by reference only	Species	Ahnfeltia borealis	Ahnfeltia plicata	0.837					Plantae;Rhodophyta;NA;Ahnfeltiales;Ahnfeltiaceae;Ahnfeltia;Ahnfeltia borealis
n800	800	port_py3_epang_T1	8c218ce6-7103-4963-8949-7893188cc590	flagged by reference only	Species	Ahnfeltia fastigiata	Ahnfeltia plicata	0.837					Plantae;Rhodophyta;NA;Ahnfeltiales;Ahnfeltiaceae;Ahnfeltia;Ahnfeltia fastigiata
n800	800	port_py3_epang_T1	a963e9b2-63dc-4d5f-9bf5-1f0c0ba693e4	flagged by reference only	Order	Microthamniales	Trebouxiales	0.961					Plantae;Chlorophyta;NA;Microthamniales;NA;Asterochloris
n800	800	port_py3_epang_T1	ab24a6f7-938e-4292-ba70-41a7aab91d5a	flagged by reference only	Phylum	NA	Basidiomycota	0.951					Fungi;NA;NA;NA;NA;NA;NA
n800	800	port_py3_epang_T1	016fe383-b099-4998-a909-45dae9f9af74	flagged by test only					Phylum	Chlorophyta	Tracheophyta	1.000	Plantae;Chlorophyta;NA;Sphaeropleales;Scenedesmaceae;Scenedesmus;NA
n800	800	port_py3_epang_T1	124316c5-cf03-4a4b-801e-e40edfecfc70	flagged by test only					Genus	Dodecatheon	Primula	1.000	Plantae;Tracheophyta;NA;Ericales;Primulaceae;Dodecatheon;Primula meadia
n800	800	port_py3_epang_T1	160139ab-9283-4d59-a53b-e68ae6d80432	flagged by test only					Order	Trebouxiales	Microthamniales	0.927	Plantae;Chlorophyta;NA;Trebouxiales;Trebouxiaceae;Trebouxia;NA
n800	800	port_py3_epang_T1	1b17da6b-5739-4a88-ad50-8fc40c5c0ef4	flagged by test only					Phylum	Chlorophyta	Tracheophyta	1.000	Plantae;Chlorophyta;NA;Sphaeropleales;Scenedesmaceae;Scenedesmus;NA
n800	800	port_py3_epang_T1	1d4d10d6-6506-43a4-82d2-7646e2e6bf04	flagged by test only					Order	Trebouxiales	Microthamniales	0.927	Plantae;Chlorophyta;NA;Trebouxiales
n800	800	port_py3_epang_T1	51ea3342-471f-4125-974f-87da2cfec019	flagged by test only					Genus	Actinidia	Clematoclethra	0.508	Plantae;Tracheophyta;NA;Ericales;Actinidiaceae;Actinidia;NA
n800	800	port_py3_epang_T1	56467f29-a943-48f3-80d6-d26cb70d465c	flagged by test only					Genus	Dodecatheon	Primula	0.999	Plantae;Tracheophyta;NA;Ericales;Primulaceae;Dodecatheon;Primula meadia
n800	800	port_py3_epang_T1	9856cc76-4f43-475c-a9e3-c2e87e99931d	flagged by test only					Order	NA	Microthamniales	0.990	Plantae;Chlorophyta;NA;NA;NA
n800	800	port_py3_epang_T1	a6a283d9-a578-41ce-b2a3-e6f66e9f3cec	flagged by test only					Phylum	NA	Ascomycota	1.000	Fungi;NA;NA;NA;NA;NA;NA
n800	800	port_py3_epang_T1	ac695606-d6b6-48f2-b090-f303df32f3af	flagged by test only					Order	Trebouxiales	Microthamniales	0.993	Plantae;Chlorophyta;NA;Trebouxiales;Trebouxiaceae;Trebouxia;NA
n800	800	port_py3_epang_T16	0618e73e-84f8-4755-b463-6a9d0cc00831	flagged by reference only	Infraorder	Saponaria	Acanthophyllum	0.579					Plantae;Tracheophyta;NA;Caryophyllales;Caryophyllaceae;Saponaria
n800	800	port_py3_epang_T16	08a9b39e-7e23-4130-bf7f-daaa2702ae7f	flagged by reference only	Order	Microthamniales	Trebouxiales	0.786					Plantae;Chlorophyta;NA;Microthamniales;NA;Asterochloris;NA
n800	800	port_py3_epang_T16	0c1db646-f2ad-4dad-99a8-0a9e175bd235	flagged by reference only	Species	NA	Primula vulgaris	0.508					Plantae;Tracheophyta;NA;Ericales;Primulaceae;Primula;NA
n800	800	port_py3_epang_T16	0e95f70b-a70e-4df2-9039-1febb088baf7	flagged by reference only	Species	Ahnfeltia borealis	Ahnfeltia plicata	0.837					Plantae;Rhodophyta;NA;Ahnfeltiales;Ahnfeltiaceae;Ahnfeltia;Ahnfeltia borealis
n800	800	port_py3_epang_T16	0f799fab-e0c1-4297-bfc3-979ee401eae9	flagged by reference only	Species	Bouteloua warnockii	Bouteloua curtipendula	0.465					Plantae;Tracheophyta;NA;Poales;Poaceae;Bouteloua;Bouteloua warnockii
n800	800	port_py3_epang_T16	3be76ad8-a918-4987-8f03-0c3a86c0d266	flagged by reference only	Species	Ahnfeltia fastigiata	Ahnfeltia plicata	0.837					Plantae;Rhodophyta;NA;Ahnfeltiales;Ahnfeltiaceae;Ahnfeltia;Ahnfeltia fastigiata
n800	800	port_py3_epang_T16	5c9e8bd0-eb76-4dae-b31a-7e14e5edb663	flagged by reference only	Species	Primula veris	Primula vulgaris	0.502					Plantae;Tracheophyta;NA;Ericales;Primulaceae;Primula;Primula veris
n800	800	port_py3_epang_T16	681d305d-8dee-4c2f-8d55-96a7b28cb745	flagged by reference only	Species	NA	Bouteloua curtipendula	0.944					Plantae;Tracheophyta;NA;Poales;Poaceae;Bouteloua;NA
n800	800	port_py3_epang_T16	75e2a37b-db1b-4673-bcef-338f984d4d9b	flagged by reference only	Species	Ahnfeltia borealis	Ahnfeltia plicata	0.837					Plantae;Rhodophyta;NA;Ahnfeltiales;Ahnfeltiaceae;Ahnfeltia;Ahnfeltia borealis
n800	800	port_py3_epang_T16	8c218ce6-7103-4963-8949-7893188cc590	flagged by reference only	Species	Ahnfeltia fastigiata	Ahnfeltia plicata	0.837					Plantae;Rhodophyta;NA;Ahnfeltiales;Ahnfeltiaceae;Ahnfeltia;Ahnfeltia fastigiata
n800	800	port_py3_epang_T16	a963e9b2-63dc-4d5f-9bf5-1f0c0ba693e4	flagged by reference only	Order	Microthamniales	Trebouxiales	0.961					Plantae;Chlorophyta;NA;Microthamniales;NA;Asterochloris
n800	800	port_py3_epang_T16	ab24a6f7-938e-4292-ba70-41a7aab91d5a	flagged by reference only	Phylum	NA	Basidiomycota	0.951					Fungi;NA;NA;NA;NA;NA;NA
n800	800	port_py3_epang_T16	016fe383-b099-4998-a909-45dae9f9af74	flagged by test only					Phylum	Chlorophyta	Tracheophyta	1.000	Plantae;Chlorophyta;NA;Sphaeropleales;Scenedesmaceae;Scenedesmus;NA
n800	800	port_py3_epang_T16	124316c5-cf03-4a4b-801e-e40edfecfc70	flagged by test only					Genus	Dodecatheon	Primula	1.000	Plantae;Tracheophyta;NA;Ericales;Primulaceae;Dodecatheon;Primula meadia
n800	800	port_py3_epang_T16	160139ab-9283-4d59-a53b-e68ae6d80432	flagged by test only					Order	Trebouxiales	Microthamniales	0.927	Plantae;Chlorophyta;NA;Trebouxiales;Trebouxiaceae;Trebouxia;NA
n800	800	port_py3_epang_T16	1b17da6b-5739-4a88-ad50-8fc40c5c0ef4	flagged by test only					Phylum	Chlorophyta	Tracheophyta	1.000	Plantae;Chlorophyta;NA;Sphaeropleales;Scenedesmaceae;Scenedesmus;NA
n800	800	port_py3_epang_T16	1d4d10d6-6506-43a4-82d2-7646e2e6bf04	flagged by test only					Order	Trebouxiales	Microthamniales	0.927	Plantae;Chlorophyta;NA;Trebouxiales
n800	800	port_py3_epang_T16	51ea3342-471f-4125-974f-87da2cfec019	flagged by test only					Genus	Actinidia	Clematoclethra	0.508	Plantae;Tracheophyta;NA;Ericales;Actinidiaceae;Actinidia;NA
n800	800	port_py3_epang_T16	56467f29-a943-48f3-80d6-d26cb70d465c	flagged by test only					Genus	Dodecatheon	Primula	0.999	Plantae;Tracheophyta;NA;Ericales;Primulaceae;Dodecatheon;Primula meadia
n800	800	port_py3_epang_T16	9856cc76-4f43-475c-a9e3-c2e87e99931d	flagged by test only					Order	NA	Microthamniales	0.990	Plantae;Chlorophyta;NA;NA;NA
n800	800	port_py3_epang_T16	a6a283d9-a578-41ce-b2a3-e6f66e9f3cec	flagged by test only					Phylum	NA	Ascomycota	1.000	Fungi;NA;NA;NA;NA;NA;NA
n800	800	port_py3_epang_T16	ac695606-d6b6-48f2-b090-f303df32f3af	flagged by test only					Order	Trebouxiales	Microthamniales	0.993	Plantae;Chlorophyta;NA;Trebouxiales;Trebouxiaceae;Trebouxia;NA
n800	800	port_py3_epang_T2	0618e73e-84f8-4755-b463-6a9d0cc00831	flagged by reference only	Infraorder	Saponaria	Acanthophyllum	0.579					Plantae;Tracheophyta;NA;Caryophyllales;Caryophyllaceae;Saponaria
n800	800	port_py3_epang_T2	08a9b39e-7e23-4130-bf7f-daaa2702ae7f	flagged by reference only	Order	Microthamniales	Trebouxiales	0.786					Plantae;Chlorophyta;NA;Microthamniales;NA;Asterochloris;NA
n800	800	port_py3_epang_T2	0c1db646-f2ad-4dad-99a8-0a9e175bd235	flagged by reference only	Species	NA	Primula vulgaris	0.508					Plantae;Tracheophyta;NA;Ericales;Primulaceae;Primula;NA
n800	800	port_py3_epang_T2	0e95f70b-a70e-4df2-9039-1febb088baf7	flagged by reference only	Species	Ahnfeltia borealis	Ahnfeltia plicata	0.837					Plantae;Rhodophyta;NA;Ahnfeltiales;Ahnfeltiaceae;Ahnfeltia;Ahnfeltia borealis
n800	800	port_py3_epang_T2	0f799fab-e0c1-4297-bfc3-979ee401eae9	flagged by reference only	Species	Bouteloua warnockii	Bouteloua curtipendula	0.465					Plantae;Tracheophyta;NA;Poales;Poaceae;Bouteloua;Bouteloua warnockii
n800	800	port_py3_epang_T2	3be76ad8-a918-4987-8f03-0c3a86c0d266	flagged by reference only	Species	Ahnfeltia fastigiata	Ahnfeltia plicata	0.837					Plantae;Rhodophyta;NA;Ahnfeltiales;Ahnfeltiaceae;Ahnfeltia;Ahnfeltia fastigiata
n800	800	port_py3_epang_T2	5c9e8bd0-eb76-4dae-b31a-7e14e5edb663	flagged by reference only	Species	Primula veris	Primula vulgaris	0.502					Plantae;Tracheophyta;NA;Ericales;Primulaceae;Primula;Primula veris
n800	800	port_py3_epang_T2	681d305d-8dee-4c2f-8d55-96a7b28cb745	flagged by reference only	Species	NA	Bouteloua curtipendula	0.944					Plantae;Tracheophyta;NA;Poales;Poaceae;Bouteloua;NA
n800	800	port_py3_epang_T2	75e2a37b-db1b-4673-bcef-338f984d4d9b	flagged by reference only	Species	Ahnfeltia borealis	Ahnfeltia plicata	0.837					Plantae;Rhodophyta;NA;Ahnfeltiales;Ahnfeltiaceae;Ahnfeltia;Ahnfeltia borealis
n800	800	port_py3_epang_T2	8c218ce6-7103-4963-8949-7893188cc590	flagged by reference only	Species	Ahnfeltia fastigiata	Ahnfeltia plicata	0.837					Plantae;Rhodophyta;NA;Ahnfeltiales;Ahnfeltiaceae;Ahnfeltia;Ahnfeltia fastigiata
n800	800	port_py3_epang_T2	a963e9b2-63dc-4d5f-9bf5-1f0c0ba693e4	flagged by reference only	Order	Microthamniales	Trebouxiales	0.961					Plantae;Chlorophyta;NA;Microthamniales;NA;Asterochloris
n800	800	port_py3_epang_T2	ab24a6f7-938e-4292-ba70-41a7aab91d5a	flagged by reference only	Phylum	NA	Basidiomycota	0.951					Fungi;NA;NA;NA;NA;NA;NA
n800	800	port_py3_epang_T2	016fe383-b099-4998-a909-45dae9f9af74	flagged by test only					Phylum	Chlorophyta	Tracheophyta	1.000	Plantae;Chlorophyta;NA;Sphaeropleales;Scenedesmaceae;Scenedesmus;NA
n800	800	port_py3_epang_T2	124316c5-cf03-4a4b-801e-e40edfecfc70	flagged by test only					Genus	Dodecatheon	Primula	1.000	Plantae;Tracheophyta;NA;Ericales;Primulaceae;Dodecatheon;Primula meadia
n800	800	port_py3_epang_T2	160139ab-9283-4d59-a53b-e68ae6d80432	flagged by test only					Order	Trebouxiales	Microthamniales	0.927	Plantae;Chlorophyta;NA;Trebouxiales;Trebouxiaceae;Trebouxia;NA
n800	800	port_py3_epang_T2	1b17da6b-5739-4a88-ad50-8fc40c5c0ef4	flagged by test only					Phylum	Chlorophyta	Tracheophyta	1.000	Plantae;Chlorophyta;NA;Sphaeropleales;Scenedesmaceae;Scenedesmus;NA
n800	800	port_py3_epang_T2	1d4d10d6-6506-43a4-82d2-7646e2e6bf04	flagged by test only					Order	Trebouxiales	Microthamniales	0.927	Plantae;Chlorophyta;NA;Trebouxiales
n800	800	port_py3_epang_T2	51ea3342-471f-4125-974f-87da2cfec019	flagged by test only					Genus	Actinidia	Clematoclethra	0.508	Plantae;Tracheophyta;NA;Ericales;Actinidiaceae;Actinidia;NA
n800	800	port_py3_epang_T2	56467f29-a943-48f3-80d6-d26cb70d465c	flagged by test only					Genus	Dodecatheon	Primula	0.999	Plantae;Tracheophyta;NA;Ericales;Primulaceae;Dodecatheon;Primula meadia
n800	800	port_py3_epang_T2	9856cc76-4f43-475c-a9e3-c2e87e99931d	flagged by test only					Order	NA	Microthamniales	0.990	Plantae;Chlorophyta;NA;NA;NA
n800	800	port_py3_epang_T2	a6a283d9-a578-41ce-b2a3-e6f66e9f3cec	flagged by test only					Phylum	NA	Ascomycota	1.000	Fungi;NA;NA;NA;NA;NA;NA
n800	800	port_py3_epang_T2	ac695606-d6b6-48f2-b090-f303df32f3af	flagged by test only					Order	Trebouxiales	Microthamniales	0.993	Plantae;Chlorophyta;NA;Trebouxiales;Trebouxiaceae;Trebouxia;NA
n800	800	port_py3_epang_T4	0618e73e-84f8-4755-b463-6a9d0cc00831	flagged by reference only	Infraorder	Saponaria	Acanthophyllum	0.579					Plantae;Tracheophyta;NA;Caryophyllales;Caryophyllaceae;Saponaria
n800	800	port_py3_epang_T4	08a9b39e-7e23-4130-bf7f-daaa2702ae7f	flagged by reference only	Order	Microthamniales	Trebouxiales	0.786					Plantae;Chlorophyta;NA;Microthamniales;NA;Asterochloris;NA
n800	800	port_py3_epang_T4	0c1db646-f2ad-4dad-99a8-0a9e175bd235	flagged by reference only	Species	NA	Primula vulgaris	0.508					Plantae;Tracheophyta;NA;Ericales;Primulaceae;Primula;NA
n800	800	port_py3_epang_T4	0e95f70b-a70e-4df2-9039-1febb088baf7	flagged by reference only	Species	Ahnfeltia borealis	Ahnfeltia plicata	0.837					Plantae;Rhodophyta;NA;Ahnfeltiales;Ahnfeltiaceae;Ahnfeltia;Ahnfeltia borealis
n800	800	port_py3_epang_T4	0f799fab-e0c1-4297-bfc3-979ee401eae9	flagged by reference only	Species	Bouteloua warnockii	Bouteloua curtipendula	0.465					Plantae;Tracheophyta;NA;Poales;Poaceae;Bouteloua;Bouteloua warnockii
n800	800	port_py3_epang_T4	3be76ad8-a918-4987-8f03-0c3a86c0d266	flagged by reference only	Species	Ahnfeltia fastigiata	Ahnfeltia plicata	0.837					Plantae;Rhodophyta;NA;Ahnfeltiales;Ahnfeltiaceae;Ahnfeltia;Ahnfeltia fastigiata
n800	800	port_py3_epang_T4	5c9e8bd0-eb76-4dae-b31a-7e14e5edb663	flagged by reference only	Species	Primula veris	Primula vulgaris	0.502					Plantae;Tracheophyta;NA;Ericales;Primulaceae;Primula;Primula veris
n800	800	port_py3_epang_T4	681d305d-8dee-4c2f-8d55-96a7b28cb745	flagged by reference only	Species	NA	Bouteloua curtipendula	0.944					Plantae;Tracheophyta;NA;Poales;Poaceae;Bouteloua;NA
n800	800	port_py3_epang_T4	75e2a37b-db1b-4673-bcef-338f984d4d9b	flagged by reference only	Species	Ahnfeltia borealis	Ahnfeltia plicata	0.837					Plantae;Rhodophyta;NA;Ahnfeltiales;Ahnfeltiaceae;Ahnfeltia;Ahnfeltia borealis
n800	800	port_py3_epang_T4	8c218ce6-7103-4963-8949-7893188cc590	flagged by reference only	Species	Ahnfeltia fastigiata	Ahnfeltia plicata	0.837					Plantae;Rhodophyta;NA;Ahnfeltiales;Ahnfeltiaceae;Ahnfeltia;Ahnfeltia fastigiata
n800	800	port_py3_epang_T4	a963e9b2-63dc-4d5f-9bf5-1f0c0ba693e4	flagged by reference only	Order	Microthamniales	Trebouxiales	0.961					Plantae;Chlorophyta;NA;Microthamniales;NA;Asterochloris
n800	800	port_py3_epang_T4	ab24a6f7-938e-4292-ba70-41a7aab91d5a	flagged by reference only	Phylum	NA	Basidiomycota	0.951					Fungi;NA;NA;NA;NA;NA;NA
n800	800	port_py3_epang_T4	016fe383-b099-4998-a909-45dae9f9af74	flagged by test only					Phylum	Chlorophyta	Tracheophyta	1.000	Plantae;Chlorophyta;NA;Sphaeropleales;Scenedesmaceae;Scenedesmus;NA
n800	800	port_py3_epang_T4	124316c5-cf03-4a4b-801e-e40edfecfc70	flagged by test only					Genus	Dodecatheon	Primula	1.000	Plantae;Tracheophyta;NA;Ericales;Primulaceae;Dodecatheon;Primula meadia
n800	800	port_py3_epang_T4	160139ab-9283-4d59-a53b-e68ae6d80432	flagged by test only					Order	Trebouxiales	Microthamniales	0.927	Plantae;Chlorophyta;NA;Trebouxiales;Trebouxiaceae;Trebouxia;NA
n800	800	port_py3_epang_T4	1b17da6b-5739-4a88-ad50-8fc40c5c0ef4	flagged by test only					Phylum	Chlorophyta	Tracheophyta	1.000	Plantae;Chlorophyta;NA;Sphaeropleales;Scenedesmaceae;Scenedesmus;NA
n800	800	port_py3_epang_T4	1d4d10d6-6506-43a4-82d2-7646e2e6bf04	flagged by test only					Order	Trebouxiales	Microthamniales	0.927	Plantae;Chlorophyta;NA;Trebouxiales
n800	800	port_py3_epang_T4	51ea3342-471f-4125-974f-87da2cfec019	flagged by test only					Genus	Actinidia	Clematoclethra	0.508	Plantae;Tracheophyta;NA;Ericales;Actinidiaceae;Actinidia;NA
n800	800	port_py3_epang_T4	56467f29-a943-48f3-80d6-d26cb70d465c	flagged by test only					Genus	Dodecatheon	Primula	0.999	Plantae;Tracheophyta;NA;Ericales;Primulaceae;Dodecatheon;Primula meadia
n800	800	port_py3_epang_T4	9856cc76-4f43-475c-a9e3-c2e87e99931d	flagged by test only					Order	NA	Microthamniales	0.990	Plantae;Chlorophyta;NA;NA;NA
n800	800	port_py3_epang_T4	a6a283d9-a578-41ce-b2a3-e6f66e9f3cec	flagged by test only					Phylum	NA	Ascomycota	1.000	Fungi;NA;NA;NA;NA;NA;NA
n800	800	port_py3_epang_T4	ac695606-d6b6-48f2-b090-f303df32f3af	flagged by test only					Order	Trebouxiales	Microthamniales	0.993	Plantae;Chlorophyta;NA;Trebouxiales;Trebouxiaceae;Trebouxia;NA
n800	800	port_py3_epang_T8	0618e73e-84f8-4755-b463-6a9d0cc00831	flagged by reference only	Infraorder	Saponaria	Acanthophyllum	0.579					Plantae;Tracheophyta;NA;Caryophyllales;Caryophyllaceae;Saponaria
n800	800	port_py3_epang_T8	08a9b39e-7e23-4130-bf7f-daaa2702ae7f	flagged by reference only	Order	Microthamniales	Trebouxiales	0.786					Plantae;Chlorophyta;NA;Microthamniales;NA;Asterochloris;NA
n800	800	port_py3_epang_T8	0c1db646-f2ad-4dad-99a8-0a9e175bd235	flagged by reference only	Species	NA	Primula vulgaris	0.508					Plantae;Tracheophyta;NA;Ericales;Primulaceae;Primula;NA
n800	800	port_py3_epang_T8	0e95f70b-a70e-4df2-9039-1febb088baf7	flagged by reference only	Species	Ahnfeltia borealis	Ahnfeltia plicata	0.837					Plantae;Rhodophyta;NA;Ahnfeltiales;Ahnfeltiaceae;Ahnfeltia;Ahnfeltia borealis
n800	800	port_py3_epang_T8	0f799fab-e0c1-4297-bfc3-979ee401eae9	flagged by reference only	Species	Bouteloua warnockii	Bouteloua curtipendula	0.465					Plantae;Tracheophyta;NA;Poales;Poaceae;Bouteloua;Bouteloua warnockii
n800	800	port_py3_epang_T8	3be76ad8-a918-4987-8f03-0c3a86c0d266	flagged by reference only	Species	Ahnfeltia fastigiata	Ahnfeltia plicata	0.837					Plantae;Rhodophyta;NA;Ahnfeltiales;Ahnfeltiaceae;Ahnfeltia;Ahnfeltia fastigiata
n800	800	port_py3_epang_T8	5c9e8bd0-eb76-4dae-b31a-7e14e5edb663	flagged by reference only	Species	Primula veris	Primula vulgaris	0.502					Plantae;Tracheophyta;NA;Ericales;Primulaceae;Primula;Primula veris
n800	800	port_py3_epang_T8	681d305d-8dee-4c2f-8d55-96a7b28cb745	flagged by reference only	Species	NA	Bouteloua curtipendula	0.944					Plantae;Tracheophyta;NA;Poales;Poaceae;Bouteloua;NA
n800	800	port_py3_epang_T8	75e2a37b-db1b-4673-bcef-338f984d4d9b	flagged by reference only	Species	Ahnfeltia borealis	Ahnfeltia plicata	0.837					Plantae;Rhodophyta;NA;Ahnfeltiales;Ahnfeltiaceae;Ahnfeltia;Ahnfeltia borealis
n800	800	port_py3_epang_T8	8c218ce6-7103-4963-8949-7893188cc590	flagged by reference only	Species	Ahnfeltia fastigiata	Ahnfeltia plicata	0.837					Plantae;Rhodophyta;NA;Ahnfeltiales;Ahnfeltiaceae;Ahnfeltia;Ahnfeltia fastigiata
n800	800	port_py3_epang_T8	a963e9b2-63dc-4d5f-9bf5-1f0c0ba693e4	flagged by reference only	Order	Microthamniales	Trebouxiales	0.961					Plantae;Chlorophyta;NA;Microthamniales;NA;Asterochloris
n800	800	port_py3_epang_T8	ab24a6f7-938e-4292-ba70-41a7aab91d5a	flagged by reference only	Phylum	NA	Basidiomycota	0.951					Fungi;NA;NA;NA;NA;NA;NA
n800	800	port_py3_epang_T8	016fe383-b099-4998-a909-45dae9f9af74	flagged by test only					Phylum	Chlorophyta	Tracheophyta	1.000	Plantae;Chlorophyta;NA;Sphaeropleales;Scenedesmaceae;Scenedesmus;NA
n800	800	port_py3_epang_T8	124316c5-cf03-4a4b-801e-e40edfecfc70	flagged by test only					Genus	Dodecatheon	Primula	1.000	Plantae;Tracheophyta;NA;Ericales;Primulaceae;Dodecatheon;Primula meadia
n800	800	port_py3_epang_T8	160139ab-9283-4d59-a53b-e68ae6d80432	flagged by test only					Order	Trebouxiales	Microthamniales	0.927	Plantae;Chlorophyta;NA;Trebouxiales;Trebouxiaceae;Trebouxia;NA
n800	800	port_py3_epang_T8	1b17da6b-5739-4a88-ad50-8fc40c5c0ef4	flagged by test only					Phylum	Chlorophyta	Tracheophyta	1.000	Plantae;Chlorophyta;NA;Sphaeropleales;Scenedesmaceae;Scenedesmus;NA
n800	800	port_py3_epang_T8	1d4d10d6-6506-43a4-82d2-7646e2e6bf04	flagged by test only					Order	Trebouxiales	Microthamniales	0.927	Plantae;Chlorophyta;NA;Trebouxiales
n800	800	port_py3_epang_T8	51ea3342-471f-4125-974f-87da2cfec019	flagged by test only					Genus	Actinidia	Clematoclethra	0.508	Plantae;Tracheophyta;NA;Ericales;Actinidiaceae;Actinidia;NA
n800	800	port_py3_epang_T8	56467f29-a943-48f3-80d6-d26cb70d465c	flagged by test only					Genus	Dodecatheon	Primula	0.999	Plantae;Tracheophyta;NA;Ericales;Primulaceae;Dodecatheon;Primula meadia
n800	800	port_py3_epang_T8	9856cc76-4f43-475c-a9e3-c2e87e99931d	flagged by test only					Order	NA	Microthamniales	0.990	Plantae;Chlorophyta;NA;NA;NA
n800	800	port_py3_epang_T8	a6a283d9-a578-41ce-b2a3-e6f66e9f3cec	flagged by test only					Phylum	NA	Ascomycota	1.000	Fungi;NA;NA;NA;NA;NA;NA
n800	800	port_py3_epang_T8	ac695606-d6b6-48f2-b090-f303df32f3af	flagged by test only					Order	Trebouxiales	Microthamniales	0.993	Plantae;Chlorophyta;NA;Trebouxiales;Trebouxiaceae;Trebouxia;NA
n800	800	port_py3_epang_T8_K100	0618e73e-84f8-4755-b463-6a9d0cc00831	flagged by reference only	Infraorder	Saponaria	Acanthophyllum	0.579					Plantae;Tracheophyta;NA;Caryophyllales;Caryophyllaceae;Saponaria
n800	800	port_py3_epang_T8_K100	08a9b39e-7e23-4130-bf7f-daaa2702ae7f	flagged by reference only	Order	Microthamniales	Trebouxiales	0.786					Plantae;Chlorophyta;NA;Microthamniales;NA;Asterochloris;NA
n800	800	port_py3_epang_T8_K100	0c1db646-f2ad-4dad-99a8-0a9e175bd235	flagged by reference only	Species	NA	Primula vulgaris	0.508					Plantae;Tracheophyta;NA;Ericales;Primulaceae;Primula;NA
n800	800	port_py3_epang_T8_K100	0f799fab-e0c1-4297-bfc3-979ee401eae9	flagged by reference only	Species	Bouteloua warnockii	Bouteloua curtipendula	0.465					Plantae;Tracheophyta;NA;Poales;Poaceae;Bouteloua;Bouteloua warnockii
n800	800	port_py3_epang_T8_K100	5c9e8bd0-eb76-4dae-b31a-7e14e5edb663	flagged by reference only	Species	Primula veris	Primula vulgaris	0.502					Plantae;Tracheophyta;NA;Ericales;Primulaceae;Primula;Primula veris
n800	800	port_py3_epang_T8_K100	a963e9b2-63dc-4d5f-9bf5-1f0c0ba693e4	flagged by reference only	Order	Microthamniales	Trebouxiales	0.961					Plantae;Chlorophyta;NA;Microthamniales;NA;Asterochloris
n800	800	port_py3_epang_T8_K100	160139ab-9283-4d59-a53b-e68ae6d80432	flagged by test only					Order	Trebouxiales	Microthamniales	0.926	Plantae;Chlorophyta;NA;Trebouxiales;Trebouxiaceae;Trebouxia;NA
n800	800	port_py3_epang_T8_K100	1d4d10d6-6506-43a4-82d2-7646e2e6bf04	flagged by test only					Order	Trebouxiales	Microthamniales	0.926	Plantae;Chlorophyta;NA;Trebouxiales
n800	800	port_py3_epang_T8_K100	51ea3342-471f-4125-974f-87da2cfec019	flagged by test only					Genus	Actinidia	Clematoclethra	0.508	Plantae;Tracheophyta;NA;Ericales;Actinidiaceae;Actinidia;NA
n800	800	port_py3_epang_T8_K100	9856cc76-4f43-475c-a9e3-c2e87e99931d	flagged by test only					Order	NA	Microthamniales	0.989	Plantae;Chlorophyta;NA;NA;NA
n800	800	port_py3_epang_T8_K100	a6a283d9-a578-41ce-b2a3-e6f66e9f3cec	flagged by test only					Phylum	NA	Ascomycota	1.000	Fungi;NA;NA;NA;NA;NA;NA
n800	800	port_py3_epang_T8_K100	ac695606-d6b6-48f2-b090-f303df32f3af	flagged by test only					Order	Trebouxiales	Microthamniales	0.993	Plantae;Chlorophyta;NA;Trebouxiales;Trebouxiaceae;Trebouxia;NA
n800	800	port_py3_epang_T8_K25	0618e73e-84f8-4755-b463-6a9d0cc00831	flagged by reference only	Infraorder	Saponaria	Acanthophyllum	0.579					Plantae;Tracheophyta;NA;Caryophyllales;Caryophyllaceae;Saponaria
n800	800	port_py3_epang_T8_K25	08a9b39e-7e23-4130-bf7f-daaa2702ae7f	flagged by reference only	Order	Microthamniales	Trebouxiales	0.786					Plantae;Chlorophyta;NA;Microthamniales;NA;Asterochloris;NA
n800	800	port_py3_epang_T8_K25	0c1db646-f2ad-4dad-99a8-0a9e175bd235	flagged by reference only	Species	NA	Primula vulgaris	0.508					Plantae;Tracheophyta;NA;Ericales;Primulaceae;Primula;NA
n800	800	port_py3_epang_T8_K25	0f799fab-e0c1-4297-bfc3-979ee401eae9	flagged by reference only	Species	Bouteloua warnockii	Bouteloua curtipendula	0.465					Plantae;Tracheophyta;NA;Poales;Poaceae;Bouteloua;Bouteloua warnockii
n800	800	port_py3_epang_T8_K25	5c9e8bd0-eb76-4dae-b31a-7e14e5edb663	flagged by reference only	Species	Primula veris	Primula vulgaris	0.502					Plantae;Tracheophyta;NA;Ericales;Primulaceae;Primula;Primula veris
n800	800	port_py3_epang_T8_K25	a963e9b2-63dc-4d5f-9bf5-1f0c0ba693e4	flagged by reference only	Order	Microthamniales	Trebouxiales	0.961					Plantae;Chlorophyta;NA;Microthamniales;NA;Asterochloris
n800	800	port_py3_epang_T8_K25	160139ab-9283-4d59-a53b-e68ae6d80432	flagged by test only					Order	Trebouxiales	Microthamniales	0.926	Plantae;Chlorophyta;NA;Trebouxiales;Trebouxiaceae;Trebouxia;NA
n800	800	port_py3_epang_T8_K25	1d4d10d6-6506-43a4-82d2-7646e2e6bf04	flagged by test only					Order	Trebouxiales	Microthamniales	0.926	Plantae;Chlorophyta;NA;Trebouxiales
n800	800	port_py3_epang_T8_K25	51ea3342-471f-4125-974f-87da2cfec019	flagged by test only					Genus	Actinidia	Clematoclethra	0.508	Plantae;Tracheophyta;NA;Ericales;Actinidiaceae;Actinidia;NA
n800	800	port_py3_epang_T8_K25	9856cc76-4f43-475c-a9e3-c2e87e99931d	flagged by test only					Order	NA	Microthamniales	0.989	Plantae;Chlorophyta;NA;NA;NA
n800	800	port_py3_epang_T8_K25	a6a283d9-a578-41ce-b2a3-e6f66e9f3cec	flagged by test only					Phylum	NA	Ascomycota	1.000	Fungi;NA;NA;NA;NA;NA;NA
n800	800	port_py3_epang_T8_K25	ac695606-d6b6-48f2-b090-f303df32f3af	flagged by test only					Order	Trebouxiales	Microthamniales	0.993	Plantae;Chlorophyta;NA;Trebouxiales;Trebouxiaceae;Trebouxia;NA
n800	800	upstream_py2_raxml_T1	0618e73e-84f8-4755-b463-6a9d0cc00831	flagged by reference only	Infraorder	Saponaria	Acanthophyllum	0.579					Plantae;Tracheophyta;NA;Caryophyllales;Caryophyllaceae;Saponaria
n800	800	upstream_py2_raxml_T1	08a9b39e-7e23-4130-bf7f-daaa2702ae7f	flagged by reference only	Order	Microthamniales	Trebouxiales	0.786					Plantae;Chlorophyta;NA;Microthamniales;NA;Asterochloris;NA
n800	800	upstream_py2_raxml_T1	0c1db646-f2ad-4dad-99a8-0a9e175bd235	flagged by reference only	Species	NA	Primula vulgaris	0.508					Plantae;Tracheophyta;NA;Ericales;Primulaceae;Primula;NA
n800	800	upstream_py2_raxml_T1	0f799fab-e0c1-4297-bfc3-979ee401eae9	flagged by reference only	Species	Bouteloua warnockii	Bouteloua curtipendula	0.465					Plantae;Tracheophyta;NA;Poales;Poaceae;Bouteloua;Bouteloua warnockii
n800	800	upstream_py2_raxml_T1	4423e261-05db-4c28-9a7d-ff8ebcf1d3ec	flagged by reference only	Species	Ilex x wandoensis	__TAXCLUSTER4__Ilex shukunii	0.845					Plantae;Tracheophyta;NA;Aquifoliales;Aquifoliaceae;Ilex;Ilex x wandoensis
n800	800	upstream_py2_raxml_T1	5c9e8bd0-eb76-4dae-b31a-7e14e5edb663	flagged by reference only	Species	Primula veris	Primula vulgaris	0.502					Plantae;Tracheophyta;NA;Ericales;Primulaceae;Primula;Primula veris
n800	800	upstream_py2_raxml_T1	7cf690b5-1705-4da6-bbb9-01f98295b44b	flagged by reference only	Species	Cortusa matthioli	Primula matthioli	0.510					Plantae;Tracheophyta;NA;Ericales;Primulaceae;Primula;Cortusa matthioli
n800	800	upstream_py2_raxml_T1	a963e9b2-63dc-4d5f-9bf5-1f0c0ba693e4	flagged by reference only	Order	Microthamniales	Trebouxiales	0.961					Plantae;Chlorophyta;NA;Microthamniales;NA;Asterochloris
n800	800	upstream_py2_raxml_T1	ab24a6f7-938e-4292-ba70-41a7aab91d5a	flagged by reference only	Phylum	NA	Basidiomycota	0.951					Fungi;NA;NA;NA;NA;NA;NA
n800	800	upstream_py2_raxml_T1	abddbd98-47e9-48c3-bf8a-83a237c7326c	flagged by reference only	Species	Ilex x wandoensis	__TAXCLUSTER4__Ilex shukunii	0.576					Plantae;Tracheophyta;NA;Aquifoliales;Aquifoliaceae;Ilex;Ilex x wandoensis
n800	800	upstream_py2_raxml_T1	213df940-1c78-4d7b-b0e7-9f349fe330e7	flagged by test only					Genus	Gelasia	Epilasia	0.498	Plantae;Tracheophyta;NA;Asterales;Asteraceae;Gelasia
n800	800	upstream_py2_raxml_T1	21b5a2ec-7f56-46a8-847f-2e2d08db3baa	flagged by test only					Species	Ilex khasiana	Ilex venulosa	0.529	Plantae;Tracheophyta;NA;Aquifoliales;Aquifoliaceae;Ilex;Ilex khasiana
n800	800	upstream_py2_raxml_T1	42a9c432-23cb-47a3-b43b-99f3dfa459d2	flagged by test only					Genus	Scorzonera	Epilasia	0.495	Plantae;Tracheophyta;NA;Asterales;Asteraceae;Scorzonera;Scorzonera pseudolanata
n800	800	upstream_py2_raxml_T1	51ea3342-471f-4125-974f-87da2cfec019	flagged by test only					Genus	Actinidia	Clematoclethra	0.507	Plantae;Tracheophyta;NA;Ericales;Actinidiaceae;Actinidia;NA
n800	800	upstream_py2_raxml_T1	738ca31e-ec90-4e0d-bba8-1d88b9887f3b	flagged by test only					Species	Bouteloua curtipendula	Bouteloua warnockii	0.509	Plantae;Tracheophyta;NA;Poales;Poaceae;Bouteloua;Bouteloua curtipendula
n800	800	upstream_py2_raxml_T1	830f49d6-6c13-4de6-b940-2e4652256c39	flagged by test only					Species	NA	Primula pinnata	0.505	Plantae;Tracheophyta;NA;Ericales;Primulaceae;Primula;NA
n800	800	upstream_py2_raxml_T1	9856cc76-4f43-475c-a9e3-c2e87e99931d	flagged by test only					Order	NA	Trebouxiales	0.465	Plantae;Chlorophyta;NA;NA;NA
n800	800	upstream_py2_raxml_T1	a3c55874-dd8d-4eeb-9837-0ccd7cc2be4b	flagged by test only					Species	Russula fellea	Russula pascua	0.495	Fungi;Basidiomycota;NA;Russulales;Russulaceae;Russula;Russula fellea
n800	800	upstream_py2_raxml_T1	a6a283d9-a578-41ce-b2a3-e6f66e9f3cec	flagged by test only					Phylum	NA	Ascomycota	0.999	Fungi;NA;NA;NA;NA;NA;NA
n800	800	upstream_py2_raxml_T1	ac695606-d6b6-48f2-b090-f303df32f3af	flagged by test only					Order	Trebouxiales	Microthamniales	0.954	Plantae;Chlorophyta;NA;Trebouxiales;Trebouxiaceae;Trebouxia;NA
n800	800	upstream_py3_raxml_T1	08a9b39e-7e23-4130-bf7f-daaa2702ae7f	flagged by reference only	Order	Microthamniales	Trebouxiales	0.786					Plantae;Chlorophyta;NA;Microthamniales;NA;Asterochloris;NA
n800	800	upstream_py3_raxml_T1	0c1db646-f2ad-4dad-99a8-0a9e175bd235	flagged by reference only	Species	NA	Primula vulgaris	0.508					Plantae;Tracheophyta;NA;Ericales;Primulaceae;Primula;NA
n800	800	upstream_py3_raxml_T1	0f799fab-e0c1-4297-bfc3-979ee401eae9	flagged by reference only	Species	Bouteloua warnockii	Bouteloua curtipendula	0.465					Plantae;Tracheophyta;NA;Poales;Poaceae;Bouteloua;Bouteloua warnockii
n800	800	upstream_py3_raxml_T1	5c9e8bd0-eb76-4dae-b31a-7e14e5edb663	flagged by reference only	Species	Primula veris	Primula vulgaris	0.502					Plantae;Tracheophyta;NA;Ericales;Primulaceae;Primula;Primula veris
n800	800	upstream_py3_raxml_T1	a963e9b2-63dc-4d5f-9bf5-1f0c0ba693e4	flagged by reference only	Order	Microthamniales	Trebouxiales	0.961					Plantae;Chlorophyta;NA;Microthamniales;NA;Asterochloris
n800	800	upstream_py3_raxml_T1	160139ab-9283-4d59-a53b-e68ae6d80432	flagged by test only					Family	Trebouxiaceae	NA	0.652	Plantae;Chlorophyta;NA;Trebouxiales;Trebouxiaceae;Trebouxia;NA
n800	800	upstream_py3_raxml_T1	738ca31e-ec90-4e0d-bba8-1d88b9887f3b	flagged by test only					Species	Bouteloua curtipendula	Bouteloua warnockii	0.506	Plantae;Tracheophyta;NA;Poales;Poaceae;Bouteloua;Bouteloua curtipendula
n800	800	upstream_py3_raxml_T1	9856cc76-4f43-475c-a9e3-c2e87e99931d	flagged by test only					Order	NA	Trebouxiales	0.866	Plantae;Chlorophyta;NA;NA;NA
n800	800	upstream_py3_raxml_T1	ac695606-d6b6-48f2-b090-f303df32f3af	flagged by test only					Order	Trebouxiales	Microthamniales	0.685	Plantae;Chlorophyta;NA;Trebouxiales;Trebouxiaceae;Trebouxia;NA
n800	800	upstream_py3_raxml_T8	08a9b39e-7e23-4130-bf7f-daaa2702ae7f	flagged by reference only	Order	Microthamniales	Trebouxiales	0.786					Plantae;Chlorophyta;NA;Microthamniales;NA;Asterochloris;NA
n800	800	upstream_py3_raxml_T8	0c1db646-f2ad-4dad-99a8-0a9e175bd235	flagged by reference only	Species	NA	Primula vulgaris	0.508					Plantae;Tracheophyta;NA;Ericales;Primulaceae;Primula;NA
n800	800	upstream_py3_raxml_T8	0f799fab-e0c1-4297-bfc3-979ee401eae9	flagged by reference only	Species	Bouteloua warnockii	Bouteloua curtipendula	0.465					Plantae;Tracheophyta;NA;Poales;Poaceae;Bouteloua;Bouteloua warnockii
n800	800	upstream_py3_raxml_T8	5c9e8bd0-eb76-4dae-b31a-7e14e5edb663	flagged by reference only	Species	Primula veris	Primula vulgaris	0.502					Plantae;Tracheophyta;NA;Ericales;Primulaceae;Primula;Primula veris
n800	800	upstream_py3_raxml_T8	a963e9b2-63dc-4d5f-9bf5-1f0c0ba693e4	flagged by reference only	Order	Microthamniales	Trebouxiales	0.961					Plantae;Chlorophyta;NA;Microthamniales;NA;Asterochloris
n800	800	upstream_py3_raxml_T8	160139ab-9283-4d59-a53b-e68ae6d80432	flagged by test only					Family	Trebouxiaceae	NA	0.669	Plantae;Chlorophyta;NA;Trebouxiales;Trebouxiaceae;Trebouxia;NA
n800	800	upstream_py3_raxml_T8	2fe75ea6-3d9e-4715-a873-4a7c6eb93ded	flagged by test only					Species	Primula marginata	Primula palinuri	0.414	Plantae;Tracheophyta;NA;Ericales;Primulaceae;Primula;Primula marginata
n800	800	upstream_py3_raxml_T8	738ca31e-ec90-4e0d-bba8-1d88b9887f3b	flagged by test only					Species	Bouteloua curtipendula	Bouteloua warnockii	0.507	Plantae;Tracheophyta;NA;Poales;Poaceae;Bouteloua;Bouteloua curtipendula
n800	800	upstream_py3_raxml_T8	9856cc76-4f43-475c-a9e3-c2e87e99931d	flagged by test only					Order	NA	Trebouxiales	0.833	Plantae;Chlorophyta;NA;NA;NA
n800	800	upstream_py3_raxml_T8	ac695606-d6b6-48f2-b090-f303df32f3af	flagged by test only					Order	Trebouxiales	Microthamniales	0.674	Plantae;Chlorophyta;NA;Trebouxiales;Trebouxiaceae;Trebouxia;NA
n1600	1600	port_py3_epang_T1	199ec4f6-40e0-4a07-8c8e-95ba7ca0f54f	same rank, other proposal	Genus	Pleodorina	Pandorina	0.457	Genus	Pleodorina	Eudorina	0.994	Plantae;Chlorophyta;NA;Chlamydomonadales;Volvocaceae;Pleodorina
n1600	1600	port_py3_epang_T1	1d4d10d6-6506-43a4-82d2-7646e2e6bf04	rank differs	Family	NA	Trebouxiaceae	0.981	Order	Trebouxiales	Microthamniales	0.943	Plantae;Chlorophyta;NA;Trebouxiales;NA;Asterochloris;NA
n1600	1600	port_py3_epang_T1	298983ad-4160-4cdd-be94-1377c18ed9e0	same rank, other proposal	Genus	Pleodorina	Pandorina	0.998	Genus	Pleodorina	Eudorina	0.711	Plantae;Chlorophyta;NA;Chlamydomonadales;Volvocaceae;Pleodorina
n1600	1600	port_py3_epang_T1	4d7a86e3-7b98-4721-a6c1-dee1101ffd36	same rank, other proposal	Genus	Pleodorina	Pandorina	0.999	Genus	Pleodorina	Eudorina	0.965	Plantae;Chlorophyta;NA;Chlamydomonadales;Volvocaceae;Pleodorina
n1600	1600	port_py3_epang_T1	4fdc2d5c-fe5d-4273-908e-6785b6f69cb7	rank differs	Phylum	Ascomycota	NA	0.925	Family	NA	Aspergillaceae	0.429	Fungi;Ascomycota;NA;Eurotiales;NA;NA;NA
n1600	1600	port_py3_epang_T1	9c27cf65-ba28-47ed-96b7-8f6f8d99ae71	same rank, other proposal	Species	Ilex serrata	Ilex corallina	0.510	Species	Ilex serrata	__TAXCLUSTER2__Ilex metabaptista	1.000	Plantae;Tracheophyta;NA;Aquifoliales;Aquifoliaceae;Ilex;Ilex serrata
n1600	1600	port_py3_epang_T1	b29d692a-48ad-43f9-a95b-1ab58ec3d9e4	rank differs	Phylum	Basidiomycota	Ascomycota	0.591	Order	NA	Russulales	0.635	Fungi;Basidiomycota;NA;NA;NA;NA;NA
n1600	1600	port_py3_epang_T1	e4c13d92-788b-4c82-9a0f-82c0dde2414b	rank differs	Kingdom	Fungi	Plantae	0.547	Phylum	Basidiomycota	Zoopagomycota	0.550	Fungi;Basidiomycota;NA
n1600	1600	port_py3_epang_T1	ebd81364-c474-463c-8b7f-7f9881e5403c	same rank, other proposal	Phylum	Basidiomycota	Mucoromycota	0.999	Phylum	Basidiomycota	Ascomycota	0.481	Fungi;Basidiomycota;NA;NA;NA;NA;NA
n1600	1600	port_py3_epang_T1	08e962c7-5564-431e-ba94-03e4b66d7562	flagged by reference only	Species	Ilex shukunii	Ilex x wandoensis	0.817					Plantae;Tracheophyta;NA;Aquifoliales;Aquifoliaceae;Ilex;Ilex shukunii
n1600	1600	port_py3_epang_T1	0e6638cd-5d7d-4a06-9c12-cbb97adbb37e	flagged by reference only	Species	Ilex cornuta	Ilex x wandoensis	0.937					Plantae;Tracheophyta;NA;Aquifoliales;Aquifoliaceae;Ilex;Ilex cornuta
n1600	1600	port_py3_epang_T1	0e95f70b-a70e-4df2-9039-1febb088baf7	flagged by reference only	Species	Ahnfeltia borealis	Ahnfeltia plicata	0.946					Plantae;Rhodophyta;NA;Ahnfeltiales;Ahnfeltiaceae;Ahnfeltia;Ahnfeltia borealis
n1600	1600	port_py3_epang_T1	31c06ff3-de55-4289-9b11-6c7472f286c1	flagged by reference only	Genus	Eudorina	Pandorina	0.999					Plantae;Chlorophyta;NA;Chlamydomonadales;Volvocaceae;Eudorina;Eudorina elegans
n1600	1600	port_py3_epang_T1	353b1e2b-29d1-443b-ae8f-944f0a6ac13b	flagged by reference only	Species	Ahnfeltia fastigiata	Ahnfeltia plicata	0.996					Plantae;Rhodophyta;NA;Ahnfeltiales;Ahnfeltiaceae;Ahnfeltia;Ahnfeltia fastigiata
n1600	1600	port_py3_epang_T1	3b26eed0-91da-4ce6-84a3-306e73e92626	flagged by reference only	Species	Actinidia fulvicoma	NA	0.609					Plantae;Tracheophyta;NA;Ericales;Actinidiaceae;Actinidia;Actinidia fulvicoma
n1600	1600	port_py3_epang_T1	3b7aa83b-3f3f-4572-8abf-a132fc2a19a0	flagged by reference only	Species	Actinidia fulvicoma	NA	0.610					Plantae;Tracheophyta;NA;Ericales;Actinidiaceae;Actinidia;Actinidia fulvicoma
n1600	1600	port_py3_epang_T1	3be76ad8-a918-4987-8f03-0c3a86c0d266	flagged by reference only	Species	Ahnfeltia fastigiata	Ahnfeltia plicata	0.996					Plantae;Rhodophyta;NA;Ahnfeltiales;Ahnfeltiaceae;Ahnfeltia;Ahnfeltia fastigiata
n1600	1600	port_py3_epang_T1	52efdec0-6b5b-47aa-b41a-ed9b386cef41	flagged by reference only	Species	NA	Bipolaris sorokiniana	0.995					Fungi;Ascomycota;NA;Pleosporales;Pleosporaceae;Bipolaris;NA
n1600	1600	port_py3_epang_T1	5c4c7b4d-3a48-41e6-aa23-16fd38952d2b	flagged by reference only	Phylum	Ascomycota	NA	0.925					Fungi;Ascomycota;NA;Eurotiales;Aspergillaceae;Aspergillus;NA
n1600	1600	port_py3_epang_T1	75e2a37b-db1b-4673-bcef-338f984d4d9b	flagged by reference only	Species	Ahnfeltia borealis	Ahnfeltia plicata	0.996					Plantae;Rhodophyta;NA;Ahnfeltiales;Ahnfeltiaceae;Ahnfeltia;Ahnfeltia borealis
n1600	1600	port_py3_epang_T1	817344f0-1ac1-4dcb-9437-10d50e54cf17	flagged by reference only	Species	Ilex chinensis	Ilex x wandoensis	0.507					Plantae;Tracheophyta;NA;Aquifoliales;Aquifoliaceae;Ilex;Ilex chinensis
n1600	1600	port_py3_epang_T1	8c218ce6-7103-4963-8949-7893188cc590	flagged by reference only	Species	Ahnfeltia fastigiata	Ahnfeltia plicata	0.996					Plantae;Rhodophyta;NA;Ahnfeltiales;Ahnfeltiaceae;Ahnfeltia;Ahnfeltia fastigiata
n1600	1600	port_py3_epang_T1	a8d5dc7a-a5a7-45ff-a07e-135218f0dee8	flagged by reference only	Species	Primula auriculata	NA	0.601					Plantae;Tracheophyta;NA;Ericales;Primulaceae;Primula;Primula auriculata
n1600	1600	port_py3_epang_T1	e62ae28c-9b37-49e0-b1ef-9e0dc3e2b638	flagged by reference only	Species	Ilex shukunii	Ilex x wandoensis	0.817					Plantae;Tracheophyta;NA;Aquifoliales;Aquifoliaceae;Ilex;Ilex shukunii
n1600	1600	port_py3_epang_T1	f17cd819-8779-4d94-9c4b-67b6f0f80c16	flagged by reference only	Species	Ahnfeltia borealis	Ahnfeltia plicata	0.996					Plantae;Rhodophyta;NA;Ahnfeltiales;Ahnfeltiaceae;Ahnfeltia;Ahnfeltia borealis
n1600	1600	port_py3_epang_T1	f254f880-e1cb-467c-a691-df7862b2a753	flagged by reference only	Species	Ilex tetramera	Ilex x wandoensis	0.817					Plantae;Tracheophyta;NA;Aquifoliales;Aquifoliaceae;Ilex;Ilex tetramera
n1600	1600	port_py3_epang_T1	0e209b54-1496-4e43-988c-b37cb86c6b5f	flagged by test only					Species	NA	Eudorina elegans	1.000	Plantae;Chlorophyta;NA;Chlamydomonadales;Volvocaceae;Eudorina;NA
n1600	1600	port_py3_epang_T1	0f799fab-e0c1-4297-bfc3-979ee401eae9	flagged by test only					Species	Bouteloua warnockii	Bouteloua curtipendula	1.000	Plantae;Tracheophyta;NA;Poales;Poaceae;Bouteloua;Bouteloua warnockii
n1600	1600	port_py3_epang_T1	160139ab-9283-4d59-a53b-e68ae6d80432	flagged by test only					Order	Trebouxiales	Microthamniales	0.943	Plantae;Chlorophyta;NA;Trebouxiales;Trebouxiaceae;Trebouxia;NA
n1600	1600	port_py3_epang_T1	16afa515-d9e3-4abb-931d-218f28c58611	flagged by test only					Species	NA	Nymphaea elegans	0.505	Plantae;Tracheophyta;NA;Nymphaeales;Nymphaeaceae;Nymphaea;NA
n1600	1600	port_py3_epang_T1	1a66e156-5e5a-4957-a393-a21ae8840c02	flagged by test only					Phylum	Mucoromycota	Ascomycota	1.000	Fungi;Mucoromycota;NA;Endogonales;NA;NA;__TAXCLUSTER5__NA
n1600	1600	port_py3_epang_T1	27f8dfdc-b631-471d-85f4-e6431a95d1a2	flagged by test only					Species	Primula farinosa	Primula pinnata	0.510	Plantae;Tracheophyta;NA;Ericales;Primulaceae;Primula;Primula farinosa
n1600	1600	port_py3_epang_T1	2d77ea64-ffbe-4c8b-ad03-af0de2bdf1cc	flagged by test only					Species	Mucuna novoguineensis	Mucuna gigantea	0.510	Plantae;Tracheophyta;NA;Fabales;Fabaceae;Mucuna;Mucuna novoguineensis
n1600	1600	port_py3_epang_T1	3453d2be-3e07-4fa6-8d00-d2d2c992b2b2	flagged by test only					Genus	Omphalogramma	Primula	0.996	Plantae;Tracheophyta;NA;Ericales;Primulaceae;Omphalogramma
n1600	1600	port_py3_epang_T1	3bc999e5-2232-4b3a-acfc-6161b2e6504c	flagged by test only					Species	Primula farinosa	Primula pinnata	0.510	Plantae;Tracheophyta;NA;Ericales;Primulaceae;Primula;Primula farinosa
n1600	1600	port_py3_epang_T1	3d62b4e2-6ef6-4bb1-8c4e-338d9b931017	flagged by test only					Genus	Omphalogramma	Primula	0.709	Plantae;Tracheophyta;NA;Ericales;Primulaceae;Omphalogramma
n1600	1600	port_py3_epang_T1	554d4ef6-80da-41c4-b2d3-741422082908	flagged by test only					Species	NA	Scorzonera meyeri	0.510	Plantae;Tracheophyta;NA;Asterales;Asteraceae;Scorzonera;NA
n1600	1600	port_py3_epang_T1	55927f18-64e4-4ded-b834-6ed4c025fa3d	flagged by test only					Species	Mucuna novoguineensis	Mucuna gigantea	0.510	Plantae;Tracheophyta;NA;Fabales;Fabaceae;Mucuna;Mucuna novoguineensis
n1600	1600	port_py3_epang_T1	5ce1e186-82e6-4847-8ecc-f7d13ee39941	flagged by test only					Species	Primula cusickiana	Primula capillaris	0.510	Plantae;Tracheophyta;NA;Ericales;Primulaceae;Primula;Primula cusickiana
n1600	1600	port_py3_epang_T1	636c97f1-bcaa-4c93-af63-10a9e3db0752	flagged by test only					Species	Primula beesiana	Primula chungensis	0.738	Plantae;Tracheophyta;NA;Ericales;Primulaceae;Primula;Primula beesiana
n1600	1600	port_py3_epang_T1	64b3e071-e66c-408b-9ba5-5c33a7321b40	flagged by test only					Phylum	Mucoromycota	Ascomycota	1.000	Fungi;Mucoromycota;NA;Endogonales;NA;NA;__TAXCLUSTER5__NA
n1600	1600	port_py3_epang_T1	681d305d-8dee-4c2f-8d55-96a7b28cb745	flagged by test only					Species	NA	Bouteloua curtipendula	0.576	Plantae;Tracheophyta;NA;Poales;Poaceae;Bouteloua;NA
n1600	1600	port_py3_epang_T1	6ffdd279-3346-42d5-9bac-5d8ec04b6171	flagged by test only					Species	NA	Eudorina elegans	0.999	Plantae;Chlorophyta;NA;Chlamydomonadales;Volvocaceae;Eudorina;NA
n1600	1600	port_py3_epang_T1	718a9b63-81a8-4ca8-99dc-42e9dac2bcf2	flagged by test only					Species	Primula egaliksensis	NA	0.660	Plantae;Tracheophyta;NA;Ericales;Primulaceae;Primula;Primula egaliksensis
n1600	1600	port_py3_epang_T1	7c7425af-4a7e-4dd6-b4a4-7549bbb7ebd8	flagged by test only					Genus	Omphalogramma	Primula	0.821	Plantae;Tracheophyta;NA;Ericales;Primulaceae;Omphalogramma
n1600	1600	port_py3_epang_T1	8cd0e442-47b3-49ee-bd90-4884f9affaba	flagged by test only					Species	NA	Nymphaea odorata	0.510	Plantae;Tracheophyta;NA;Nymphaeales;Nymphaeaceae;Nymphaea;NA
n1600	1600	port_py3_epang_T1	8f894320-cbf1-4716-a628-56c4eb8aa47c	flagged by test only					Species	Bipolaris sorokiniana	NA	1.000	Fungi;Ascomycota;NA;Pleosporales;Pleosporaceae;Bipolaris;Bipolaris sorokiniana
n1600	1600	port_py3_epang_T1	94d0392e-1810-4b59-a63f-8efdfd291e5b	flagged by test only					Species	Bouteloua warnockii	Bouteloua curtipendula	1.000	Plantae;Tracheophyta;NA;Poales;Poaceae;Bouteloua;Bouteloua warnockii
n1600	1600	port_py3_epang_T1	97311ffc-d825-4d81-96cb-deaa05ae4508	flagged by test only					Infraorder	Alternaria	Bipolaris	1.000	Fungi;Ascomycota;NA;Pleosporales;Pleosporaceae;Alternaria;NA
n1600	1600	port_py3_epang_T1	9b120823-3155-437d-92a6-e60897e599fd	flagged by test only					Species	Primula kialensis	NA	0.466	Plantae;Tracheophyta;NA;Ericales;Primulaceae;Primula;Primula kialensis
n1600	1600	port_py3_epang_T1	a74a94da-c7bb-4dba-a559-262af51f0ddf	flagged by test only					Species	Primula cusickiana	Primula capillaris	0.510	Plantae;Tracheophyta;NA;Ericales;Primulaceae;Primula;Primula cusickiana
n1600	1600	port_py3_epang_T1	a978ee1b-d8d2-49a6-a534-b823abf82774	flagged by test only					Phylum	NA	Ascomycota	0.715	Fungi;NA;NA;NA;NA;NA;NA
n1600	1600	port_py3_epang_T1	ac695606-d6b6-48f2-b090-f303df32f3af	flagged by test only					Order	Trebouxiales	Microthamniales	0.996	Plantae;Chlorophyta;NA;Trebouxiales;Trebouxiaceae;Trebouxia;NA
n1600	1600	port_py3_epang_T1	ad800fc3-d641-4d7a-9c13-807cca9b0caa	flagged by test only					Genus	Gelasia	Epilasia	0.508	Plantae;Tracheophyta;NA;Asterales;Asteraceae;Gelasia;Gelasia aucheriana
n1600	1600	port_py3_epang_T1	ce999006-80dc-4b0a-9311-cd7fa91d5764	flagged by test only					Infraorder	Alternaria	Bipolaris	1.000	Fungi;Ascomycota;NA;Pleosporales;Pleosporaceae;Alternaria;NA
n1600	1600	port_py3_epang_T1	ed80f120-7a90-4bfa-985c-a4b2255a106a	flagged by test only					Phylum	Mucoromycota	Ascomycota	1.000	Fungi;Mucoromycota;NA;Endogonales;NA;NA;__TAXCLUSTER5__NA
n1600	1600	port_py3_epang_T1	f6a20e51-3b38-46c4-9b35-cda4706b148a	flagged by test only					Species	NA	Nymphaea odorata	0.510	Plantae;Tracheophyta;NA;Nymphaeales;Nymphaeaceae;Nymphaea;NA
n1600	1600	port_py3_epang_T16	0e95f70b-a70e-4df2-9039-1febb088baf7	same rank, other proposal	Species	Ahnfeltia borealis	Ahnfeltia plicata	0.946	Species	Ahnfeltia borealis	Ahnfeltia fastigiata	0.581	Plantae;Rhodophyta;NA;Ahnfeltiales;Ahnfeltiaceae;Ahnfeltia;Ahnfeltia borealis
n1600	1600	port_py3_epang_T16	13696475-39a1-416d-8d98-0b7160c3e7e5	rank differs	Kingdom	Fungi	Plantae	0.686	Phylum	NA	Basidiomycota	0.991	Fungi;NA;NA;NA;NA;NA;NA
n1600	1600	port_py3_epang_T16	199ec4f6-40e0-4a07-8c8e-95ba7ca0f54f	same rank, other proposal	Genus	Pleodorina	Pandorina	0.457	Genus	Pleodorina	Eudorina	0.996	Plantae;Chlorophyta;NA;Chlamydomonadales;Volvocaceae;Pleodorina
n1600	1600	port_py3_epang_T16	1d4d10d6-6506-43a4-82d2-7646e2e6bf04	rank differs	Family	NA	Trebouxiaceae	0.981	Order	Trebouxiales	Microthamniales	0.943	Plantae;Chlorophyta;NA;Trebouxiales;NA;Asterochloris;NA
n1600	1600	port_py3_epang_T16	298983ad-4160-4cdd-be94-1377c18ed9e0	same rank, other proposal	Genus	Pleodorina	Pandorina	0.998	Genus	Pleodorina	Eudorina	0.668	Plantae;Chlorophyta;NA;Chlamydomonadales;Volvocaceae;Pleodorina
n1600	1600	port_py3_epang_T16	4d7a86e3-7b98-4721-a6c1-dee1101ffd36	same rank, other proposal	Genus	Pleodorina	Pandorina	0.999	Genus	Pleodorina	Eudorina	0.972	Plantae;Chlorophyta;NA;Chlamydomonadales;Volvocaceae;Pleodorina
n1600	1600	port_py3_epang_T16	4fdc2d5c-fe5d-4273-908e-6785b6f69cb7	rank differs	Phylum	Ascomycota	NA	0.925	Family	NA	Aspergillaceae	0.430	Fungi;Ascomycota;NA;Eurotiales;NA;NA;NA
n1600	1600	port_py3_epang_T16	75e2a37b-db1b-4673-bcef-338f984d4d9b	same rank, other proposal	Species	Ahnfeltia borealis	Ahnfeltia plicata	0.996	Species	Ahnfeltia borealis	Ahnfeltia fastigiata	0.529	Plantae;Rhodophyta;NA;Ahnfeltiales;Ahnfeltiaceae;Ahnfeltia;Ahnfeltia borealis
n1600	1600	port_py3_epang_T16	9c27cf65-ba28-47ed-96b7-8f6f8d99ae71	same rank, other proposal	Species	Ilex serrata	Ilex corallina	0.510	Species	Ilex serrata	__TAXCLUSTER2__Ilex metabaptista	1.000	Plantae;Tracheophyta;NA;Aquifoliales;Aquifoliaceae;Ilex;Ilex serrata
n1600	1600	port_py3_epang_T16	ab24a6f7-938e-4292-ba70-41a7aab91d5a	same rank, other proposal	Phylum	NA	Zoopagomycota	0.972	Phylum	NA	Basidiomycota	0.998	Fungi;NA;NA;NA;NA;NA;NA
n1600	1600	port_py3_epang_T16	b29d692a-48ad-43f9-a95b-1ab58ec3d9e4	rank differs	Phylum	Basidiomycota	Ascomycota	0.591	Order	NA	Russulales	0.664	Fungi;Basidiomycota;NA;NA;NA;NA;NA
n1600	1600	port_py3_epang_T16	f17cd819-8779-4d94-9c4b-67b6f0f80c16	same rank, other proposal	Species	Ahnfeltia borealis	Ahnfeltia plicata	0.996	Species	Ahnfeltia borealis	Ahnfeltia fastigiata	0.529	Plantae;Rhodophyta;NA;Ahnfeltiales;Ahnfeltiaceae;Ahnfeltia;Ahnfeltia borealis
n1600	1600	port_py3_epang_T16	08e962c7-5564-431e-ba94-03e4b66d7562	flagged by reference only	Species	Ilex shukunii	Ilex x wandoensis	0.817					Plantae;Tracheophyta;NA;Aquifoliales;Aquifoliaceae;Ilex;Ilex shukunii
n1600	1600	port_py3_epang_T16	0e6638cd-5d7d-4a06-9c12-cbb97adbb37e	flagged by reference only	Species	Ilex cornuta	Ilex x wandoensis	0.937					Plantae;Tracheophyta;NA;Aquifoliales;Aquifoliaceae;Ilex;Ilex cornuta
n1600	1600	port_py3_epang_T16	31c06ff3-de55-4289-9b11-6c7472f286c1	flagged by reference only	Genus	Eudorina	Pandorina	0.999					Plantae;Chlorophyta;NA;Chlamydomonadales;Volvocaceae;Eudorina;Eudorina elegans
n1600	1600	port_py3_epang_T16	353b1e2b-29d1-443b-ae8f-944f0a6ac13b	flagged by reference only	Species	Ahnfeltia fastigiata	Ahnfeltia plicata	0.996					Plantae;Rhodophyta;NA;Ahnfeltiales;Ahnfeltiaceae;Ahnfeltia;Ahnfeltia fastigiata
n1600	1600	port_py3_epang_T16	3b26eed0-91da-4ce6-84a3-306e73e92626	flagged by reference only	Species	Actinidia fulvicoma	NA	0.609					Plantae;Tracheophyta;NA;Ericales;Actinidiaceae;Actinidia;Actinidia fulvicoma
n1600	1600	port_py3_epang_T16	3b7aa83b-3f3f-4572-8abf-a132fc2a19a0	flagged by reference only	Species	Actinidia fulvicoma	NA	0.610					Plantae;Tracheophyta;NA;Ericales;Actinidiaceae;Actinidia;Actinidia fulvicoma
n1600	1600	port_py3_epang_T16	3be76ad8-a918-4987-8f03-0c3a86c0d266	flagged by reference only	Species	Ahnfeltia fastigiata	Ahnfeltia plicata	0.996					Plantae;Rhodophyta;NA;Ahnfeltiales;Ahnfeltiaceae;Ahnfeltia;Ahnfeltia fastigiata
n1600	1600	port_py3_epang_T16	52efdec0-6b5b-47aa-b41a-ed9b386cef41	flagged by reference only	Species	NA	Bipolaris sorokiniana	0.995					Fungi;Ascomycota;NA;Pleosporales;Pleosporaceae;Bipolaris;NA
n1600	1600	port_py3_epang_T16	5c4c7b4d-3a48-41e6-aa23-16fd38952d2b	flagged by reference only	Phylum	Ascomycota	NA	0.925					Fungi;Ascomycota;NA;Eurotiales;Aspergillaceae;Aspergillus;NA
n1600	1600	port_py3_epang_T16	817344f0-1ac1-4dcb-9437-10d50e54cf17	flagged by reference only	Species	Ilex chinensis	Ilex x wandoensis	0.507					Plantae;Tracheophyta;NA;Aquifoliales;Aquifoliaceae;Ilex;Ilex chinensis
n1600	1600	port_py3_epang_T16	8c218ce6-7103-4963-8949-7893188cc590	flagged by reference only	Species	Ahnfeltia fastigiata	Ahnfeltia plicata	0.996					Plantae;Rhodophyta;NA;Ahnfeltiales;Ahnfeltiaceae;Ahnfeltia;Ahnfeltia fastigiata
n1600	1600	port_py3_epang_T16	a8d5dc7a-a5a7-45ff-a07e-135218f0dee8	flagged by reference only	Species	Primula auriculata	NA	0.601					Plantae;Tracheophyta;NA;Ericales;Primulaceae;Primula;Primula auriculata
n1600	1600	port_py3_epang_T16	e4c13d92-788b-4c82-9a0f-82c0dde2414b	flagged by reference only	Kingdom	Fungi	Plantae	0.547					Fungi;Basidiomycota;NA
n1600	1600	port_py3_epang_T16	e62ae28c-9b37-49e0-b1ef-9e0dc3e2b638	flagged by reference only	Species	Ilex shukunii	Ilex x wandoensis	0.817					Plantae;Tracheophyta;NA;Aquifoliales;Aquifoliaceae;Ilex;Ilex shukunii
n1600	1600	port_py3_epang_T16	ebd81364-c474-463c-8b7f-7f9881e5403c	flagged by reference only	Phylum	Basidiomycota	Mucoromycota	0.999					Fungi;Basidiomycota;NA;NA;NA;NA;NA
n1600	1600	port_py3_epang_T16	f254f880-e1cb-467c-a691-df7862b2a753	flagged by reference only	Species	Ilex tetramera	Ilex x wandoensis	0.817					Plantae;Tracheophyta;NA;Aquifoliales;Aquifoliaceae;Ilex;Ilex tetramera
n1600	1600	port_py3_epang_T16	0e209b54-1496-4e43-988c-b37cb86c6b5f	flagged by test only					Species	NA	Eudorina elegans	1.000	Plantae;Chlorophyta;NA;Chlamydomonadales;Volvocaceae;Eudorina;NA
n1600	1600	port_py3_epang_T16	0f799fab-e0c1-4297-bfc3-979ee401eae9	flagged by test only					Species	Bouteloua warnockii	Bouteloua curtipendula	1.000	Plantae;Tracheophyta;NA;Poales;Poaceae;Bouteloua;Bouteloua warnockii
n1600	1600	port_py3_epang_T16	160139ab-9283-4d59-a53b-e68ae6d80432	flagged by test only					Order	Trebouxiales	Microthamniales	0.942	Plantae;Chlorophyta;NA;Trebouxiales;Trebouxiaceae;Trebouxia;NA
n1600	1600	port_py3_epang_T16	16afa515-d9e3-4abb-931d-218f28c58611	flagged by test only					Species	NA	Nymphaea elegans	0.505	Plantae;Tracheophyta;NA;Nymphaeales;Nymphaeaceae;Nymphaea;NA
n1600	1600	port_py3_epang_T16	1a66e156-5e5a-4957-a393-a21ae8840c02	flagged by test only					Phylum	Mucoromycota	Ascomycota	1.000	Fungi;Mucoromycota;NA;Endogonales;NA;NA;__TAXCLUSTER5__NA
n1600	1600	port_py3_epang_T16	27f8dfdc-b631-471d-85f4-e6431a95d1a2	flagged by test only					Species	Primula farinosa	Primula pinnata	0.510	Plantae;Tracheophyta;NA;Ericales;Primulaceae;Primula;Primula farinosa
n1600	1600	port_py3_epang_T16	2d77ea64-ffbe-4c8b-ad03-af0de2bdf1cc	flagged by test only					Species	Mucuna novoguineensis	Mucuna gigantea	0.510	Plantae;Tracheophyta;NA;Fabales;Fabaceae;Mucuna;Mucuna novoguineensis
n1600	1600	port_py3_epang_T16	3453d2be-3e07-4fa6-8d00-d2d2c992b2b2	flagged by test only					Genus	Omphalogramma	Primula	0.996	Plantae;Tracheophyta;NA;Ericales;Primulaceae;Omphalogramma
n1600	1600	port_py3_epang_T16	3bc999e5-2232-4b3a-acfc-6161b2e6504c	flagged by test only					Species	Primula farinosa	Primula pinnata	0.510	Plantae;Tracheophyta;NA;Ericales;Primulaceae;Primula;Primula farinosa
n1600	1600	port_py3_epang_T16	3d62b4e2-6ef6-4bb1-8c4e-338d9b931017	flagged by test only					Genus	Omphalogramma	Primula	0.705	Plantae;Tracheophyta;NA;Ericales;Primulaceae;Omphalogramma
n1600	1600	port_py3_epang_T16	554d4ef6-80da-41c4-b2d3-741422082908	flagged by test only					Species	NA	Scorzonera meyeri	0.510	Plantae;Tracheophyta;NA;Asterales;Asteraceae;Scorzonera;NA
n1600	1600	port_py3_epang_T16	55927f18-64e4-4ded-b834-6ed4c025fa3d	flagged by test only					Species	Mucuna novoguineensis	Mucuna gigantea	0.510	Plantae;Tracheophyta;NA;Fabales;Fabaceae;Mucuna;Mucuna novoguineensis
n1600	1600	port_py3_epang_T16	5ce1e186-82e6-4847-8ecc-f7d13ee39941	flagged by test only					Species	Primula cusickiana	Primula capillaris	0.510	Plantae;Tracheophyta;NA;Ericales;Primulaceae;Primula;Primula cusickiana
n1600	1600	port_py3_epang_T16	636c97f1-bcaa-4c93-af63-10a9e3db0752	flagged by test only					Species	Primula beesiana	Primula chungensis	0.740	Plantae;Tracheophyta;NA;Ericales;Primulaceae;Primula;Primula beesiana
n1600	1600	port_py3_epang_T16	64b3e071-e66c-408b-9ba5-5c33a7321b40	flagged by test only					Phylum	Mucoromycota	Ascomycota	1.000	Fungi;Mucoromycota;NA;Endogonales;NA;NA;__TAXCLUSTER5__NA
n1600	1600	port_py3_epang_T16	681d305d-8dee-4c2f-8d55-96a7b28cb745	flagged by test only					Species	NA	Bouteloua curtipendula	0.580	Plantae;Tracheophyta;NA;Poales;Poaceae;Bouteloua;NA
n1600	1600	port_py3_epang_T16	6ffdd279-3346-42d5-9bac-5d8ec04b6171	flagged by test only					Species	NA	Eudorina elegans	0.999	Plantae;Chlorophyta;NA;Chlamydomonadales;Volvocaceae;Eudorina;NA
n1600	1600	port_py3_epang_T16	718a9b63-81a8-4ca8-99dc-42e9dac2bcf2	flagged by test only					Species	Primula egaliksensis	NA	0.659	Plantae;Tracheophyta;NA;Ericales;Primulaceae;Primula;Primula egaliksensis
n1600	1600	port_py3_epang_T16	7c7425af-4a7e-4dd6-b4a4-7549bbb7ebd8	flagged by test only					Genus	Omphalogramma	Primula	0.819	Plantae;Tracheophyta;NA;Ericales;Primulaceae;Omphalogramma
n1600	1600	port_py3_epang_T16	8cd0e442-47b3-49ee-bd90-4884f9affaba	flagged by test only					Species	NA	Nymphaea odorata	0.510	Plantae;Tracheophyta;NA;Nymphaeales;Nymphaeaceae;Nymphaea;NA
n1600	1600	port_py3_epang_T16	8f894320-cbf1-4716-a628-56c4eb8aa47c	flagged by test only					Species	Bipolaris sorokiniana	NA	1.000	Fungi;Ascomycota;NA;Pleosporales;Pleosporaceae;Bipolaris;Bipolaris sorokiniana
n1600	1600	port_py3_epang_T16	94d0392e-1810-4b59-a63f-8efdfd291e5b	flagged by test only					Species	Bouteloua warnockii	Bouteloua curtipendula	1.000	Plantae;Tracheophyta;NA;Poales;Poaceae;Bouteloua;Bouteloua warnockii
n1600	1600	port_py3_epang_T16	97311ffc-d825-4d81-96cb-deaa05ae4508	flagged by test only					Infraorder	Alternaria	Bipolaris	1.000	Fungi;Ascomycota;NA;Pleosporales;Pleosporaceae;Alternaria;NA
n1600	1600	port_py3_epang_T16	9b120823-3155-437d-92a6-e60897e599fd	flagged by test only					Species	Primula kialensis	NA	0.463	Plantae;Tracheophyta;NA;Ericales;Primulaceae;Primula;Primula kialensis
n1600	1600	port_py3_epang_T16	a74a94da-c7bb-4dba-a559-262af51f0ddf	flagged by test only					Species	Primula cusickiana	Primula capillaris	0.510	Plantae;Tracheophyta;NA;Ericales;Primulaceae;Primula;Primula cusickiana
n1600	1600	port_py3_epang_T16	a978ee1b-d8d2-49a6-a534-b823abf82774	flagged by test only					Phylum	NA	Ascomycota	0.714	Fungi;NA;NA;NA;NA;NA;NA
n1600	1600	port_py3_epang_T16	ac695606-d6b6-48f2-b090-f303df32f3af	flagged by test only					Order	Trebouxiales	Microthamniales	0.995	Plantae;Chlorophyta;NA;Trebouxiales;Trebouxiaceae;Trebouxia;NA
n1600	1600	port_py3_epang_T16	ad800fc3-d641-4d7a-9c13-807cca9b0caa	flagged by test only					Genus	Gelasia	Epilasia	0.507	Plantae;Tracheophyta;NA;Asterales;Asteraceae;Gelasia;Gelasia aucheriana
n1600	1600	port_py3_epang_T16	ce999006-80dc-4b0a-9311-cd7fa91d5764	flagged by test only					Infraorder	Alternaria	Bipolaris	1.000	Fungi;Ascomycota;NA;Pleosporales;Pleosporaceae;Alternaria;NA
n1600	1600	port_py3_epang_T16	ed80f120-7a90-4bfa-985c-a4b2255a106a	flagged by test only					Phylum	Mucoromycota	Ascomycota	1.000	Fungi;Mucoromycota;NA;Endogonales;NA;NA;__TAXCLUSTER5__NA
n1600	1600	port_py3_epang_T16	f6a20e51-3b38-46c4-9b35-cda4706b148a	flagged by test only					Species	NA	Nymphaea odorata	0.510	Plantae;Tracheophyta;NA;Nymphaeales;Nymphaeaceae;Nymphaea;NA
n1600	1600	port_py3_epang_T2	199ec4f6-40e0-4a07-8c8e-95ba7ca0f54f	same rank, other proposal	Genus	Pleodorina	Pandorina	0.457	Genus	Pleodorina	Eudorina	0.994	Plantae;Chlorophyta;NA;Chlamydomonadales;Volvocaceae;Pleodorina
n1600	1600	port_py3_epang_T2	1d4d10d6-6506-43a4-82d2-7646e2e6bf04	rank differs	Family	NA	Trebouxiaceae	0.981	Order	Trebouxiales	Microthamniales	0.943	Plantae;Chlorophyta;NA;Trebouxiales;NA;Asterochloris;NA
n1600	1600	port_py3_epang_T2	298983ad-4160-4cdd-be94-1377c18ed9e0	same rank, other proposal	Genus	Pleodorina	Pandorina	0.998	Genus	Pleodorina	Eudorina	0.711	Plantae;Chlorophyta;NA;Chlamydomonadales;Volvocaceae;Pleodorina
n1600	1600	port_py3_epang_T2	4d7a86e3-7b98-4721-a6c1-dee1101ffd36	same rank, other proposal	Genus	Pleodorina	Pandorina	0.999	Genus	Pleodorina	Eudorina	0.965	Plantae;Chlorophyta;NA;Chlamydomonadales;Volvocaceae;Pleodorina
n1600	1600	port_py3_epang_T2	4fdc2d5c-fe5d-4273-908e-6785b6f69cb7	rank differs	Phylum	Ascomycota	NA	0.925	Family	NA	Aspergillaceae	0.429	Fungi;Ascomycota;NA;Eurotiales;NA;NA;NA
n1600	1600	port_py3_epang_T2	9c27cf65-ba28-47ed-96b7-8f6f8d99ae71	same rank, other proposal	Species	Ilex serrata	Ilex corallina	0.510	Species	Ilex serrata	__TAXCLUSTER2__Ilex metabaptista	1.000	Plantae;Tracheophyta;NA;Aquifoliales;Aquifoliaceae;Ilex;Ilex serrata
n1600	1600	port_py3_epang_T2	b29d692a-48ad-43f9-a95b-1ab58ec3d9e4	rank differs	Phylum	Basidiomycota	Ascomycota	0.591	Order	NA	Russulales	0.635	Fungi;Basidiomycota;NA;NA;NA;NA;NA
n1600	1600	port_py3_epang_T2	e4c13d92-788b-4c82-9a0f-82c0dde2414b	rank differs	Kingdom	Fungi	Plantae	0.547	Phylum	Basidiomycota	Zoopagomycota	0.550	Fungi;Basidiomycota;NA
n1600	1600	port_py3_epang_T2	ebd81364-c474-463c-8b7f-7f9881e5403c	same rank, other proposal	Phylum	Basidiomycota	Mucoromycota	0.999	Phylum	Basidiomycota	Ascomycota	0.481	Fungi;Basidiomycota;NA;NA;NA;NA;NA
n1600	1600	port_py3_epang_T2	08e962c7-5564-431e-ba94-03e4b66d7562	flagged by reference only	Species	Ilex shukunii	Ilex x wandoensis	0.817					Plantae;Tracheophyta;NA;Aquifoliales;Aquifoliaceae;Ilex;Ilex shukunii
n1600	1600	port_py3_epang_T2	0e6638cd-5d7d-4a06-9c12-cbb97adbb37e	flagged by reference only	Species	Ilex cornuta	Ilex x wandoensis	0.937					Plantae;Tracheophyta;NA;Aquifoliales;Aquifoliaceae;Ilex;Ilex cornuta
n1600	1600	port_py3_epang_T2	0e95f70b-a70e-4df2-9039-1febb088baf7	flagged by reference only	Species	Ahnfeltia borealis	Ahnfeltia plicata	0.946					Plantae;Rhodophyta;NA;Ahnfeltiales;Ahnfeltiaceae;Ahnfeltia;Ahnfeltia borealis
n1600	1600	port_py3_epang_T2	31c06ff3-de55-4289-9b11-6c7472f286c1	flagged by reference only	Genus	Eudorina	Pandorina	0.999					Plantae;Chlorophyta;NA;Chlamydomonadales;Volvocaceae;Eudorina;Eudorina elegans
n1600	1600	port_py3_epang_T2	353b1e2b-29d1-443b-ae8f-944f0a6ac13b	flagged by reference only	Species	Ahnfeltia fastigiata	Ahnfeltia plicata	0.996					Plantae;Rhodophyta;NA;Ahnfeltiales;Ahnfeltiaceae;Ahnfeltia;Ahnfeltia fastigiata
n1600	1600	port_py3_epang_T2	3b26eed0-91da-4ce6-84a3-306e73e92626	flagged by reference only	Species	Actinidia fulvicoma	NA	0.609					Plantae;Tracheophyta;NA;Ericales;Actinidiaceae;Actinidia;Actinidia fulvicoma
n1600	1600	port_py3_epang_T2	3b7aa83b-3f3f-4572-8abf-a132fc2a19a0	flagged by reference only	Species	Actinidia fulvicoma	NA	0.610					Plantae;Tracheophyta;NA;Ericales;Actinidiaceae;Actinidia;Actinidia fulvicoma
n1600	1600	port_py3_epang_T2	3be76ad8-a918-4987-8f03-0c3a86c0d266	flagged by reference only	Species	Ahnfeltia fastigiata	Ahnfeltia plicata	0.996					Plantae;Rhodophyta;NA;Ahnfeltiales;Ahnfeltiaceae;Ahnfeltia;Ahnfeltia fastigiata
n1600	1600	port_py3_epang_T2	52efdec0-6b5b-47aa-b41a-ed9b386cef41	flagged by reference only	Species	NA	Bipolaris sorokiniana	0.995					Fungi;Ascomycota;NA;Pleosporales;Pleosporaceae;Bipolaris;NA
n1600	1600	port_py3_epang_T2	5c4c7b4d-3a48-41e6-aa23-16fd38952d2b	flagged by reference only	Phylum	Ascomycota	NA	0.925					Fungi;Ascomycota;NA;Eurotiales;Aspergillaceae;Aspergillus;NA
n1600	1600	port_py3_epang_T2	75e2a37b-db1b-4673-bcef-338f984d4d9b	flagged by reference only	Species	Ahnfeltia borealis	Ahnfeltia plicata	0.996					Plantae;Rhodophyta;NA;Ahnfeltiales;Ahnfeltiaceae;Ahnfeltia;Ahnfeltia borealis
n1600	1600	port_py3_epang_T2	817344f0-1ac1-4dcb-9437-10d50e54cf17	flagged by reference only	Species	Ilex chinensis	Ilex x wandoensis	0.507					Plantae;Tracheophyta;NA;Aquifoliales;Aquifoliaceae;Ilex;Ilex chinensis
n1600	1600	port_py3_epang_T2	8c218ce6-7103-4963-8949-7893188cc590	flagged by reference only	Species	Ahnfeltia fastigiata	Ahnfeltia plicata	0.996					Plantae;Rhodophyta;NA;Ahnfeltiales;Ahnfeltiaceae;Ahnfeltia;Ahnfeltia fastigiata
n1600	1600	port_py3_epang_T2	a8d5dc7a-a5a7-45ff-a07e-135218f0dee8	flagged by reference only	Species	Primula auriculata	NA	0.601					Plantae;Tracheophyta;NA;Ericales;Primulaceae;Primula;Primula auriculata
n1600	1600	port_py3_epang_T2	e62ae28c-9b37-49e0-b1ef-9e0dc3e2b638	flagged by reference only	Species	Ilex shukunii	Ilex x wandoensis	0.817					Plantae;Tracheophyta;NA;Aquifoliales;Aquifoliaceae;Ilex;Ilex shukunii
n1600	1600	port_py3_epang_T2	f17cd819-8779-4d94-9c4b-67b6f0f80c16	flagged by reference only	Species	Ahnfeltia borealis	Ahnfeltia plicata	0.996					Plantae;Rhodophyta;NA;Ahnfeltiales;Ahnfeltiaceae;Ahnfeltia;Ahnfeltia borealis
n1600	1600	port_py3_epang_T2	f254f880-e1cb-467c-a691-df7862b2a753	flagged by reference only	Species	Ilex tetramera	Ilex x wandoensis	0.817					Plantae;Tracheophyta;NA;Aquifoliales;Aquifoliaceae;Ilex;Ilex tetramera
n1600	1600	port_py3_epang_T2	0e209b54-1496-4e43-988c-b37cb86c6b5f	flagged by test only					Species	NA	Eudorina elegans	1.000	Plantae;Chlorophyta;NA;Chlamydomonadales;Volvocaceae;Eudorina;NA
n1600	1600	port_py3_epang_T2	0f799fab-e0c1-4297-bfc3-979ee401eae9	flagged by test only					Species	Bouteloua warnockii	Bouteloua curtipendula	1.000	Plantae;Tracheophyta;NA;Poales;Poaceae;Bouteloua;Bouteloua warnockii
n1600	1600	port_py3_epang_T2	160139ab-9283-4d59-a53b-e68ae6d80432	flagged by test only					Order	Trebouxiales	Microthamniales	0.943	Plantae;Chlorophyta;NA;Trebouxiales;Trebouxiaceae;Trebouxia;NA
n1600	1600	port_py3_epang_T2	16afa515-d9e3-4abb-931d-218f28c58611	flagged by test only					Species	NA	Nymphaea elegans	0.505	Plantae;Tracheophyta;NA;Nymphaeales;Nymphaeaceae;Nymphaea;NA
n1600	1600	port_py3_epang_T2	1a66e156-5e5a-4957-a393-a21ae8840c02	flagged by test only					Phylum	Mucoromycota	Ascomycota	1.000	Fungi;Mucoromycota;NA;Endogonales;NA;NA;__TAXCLUSTER5__NA
n1600	1600	port_py3_epang_T2	27f8dfdc-b631-471d-85f4-e6431a95d1a2	flagged by test only					Species	Primula farinosa	Primula pinnata	0.510	Plantae;Tracheophyta;NA;Ericales;Primulaceae;Primula;Primula farinosa
n1600	1600	port_py3_epang_T2	2d77ea64-ffbe-4c8b-ad03-af0de2bdf1cc	flagged by test only					Species	Mucuna novoguineensis	Mucuna gigantea	0.510	Plantae;Tracheophyta;NA;Fabales;Fabaceae;Mucuna;Mucuna novoguineensis
n1600	1600	port_py3_epang_T2	3453d2be-3e07-4fa6-8d00-d2d2c992b2b2	flagged by test only					Genus	Omphalogramma	Primula	0.996	Plantae;Tracheophyta;NA;Ericales;Primulaceae;Omphalogramma
n1600	1600	port_py3_epang_T2	3bc999e5-2232-4b3a-acfc-6161b2e6504c	flagged by test only					Species	Primula farinosa	Primula pinnata	0.510	Plantae;Tracheophyta;NA;Ericales;Primulaceae;Primula;Primula farinosa
n1600	1600	port_py3_epang_T2	3d62b4e2-6ef6-4bb1-8c4e-338d9b931017	flagged by test only					Genus	Omphalogramma	Primula	0.709	Plantae;Tracheophyta;NA;Ericales;Primulaceae;Omphalogramma
n1600	1600	port_py3_epang_T2	554d4ef6-80da-41c4-b2d3-741422082908	flagged by test only					Species	NA	Scorzonera meyeri	0.510	Plantae;Tracheophyta;NA;Asterales;Asteraceae;Scorzonera;NA
n1600	1600	port_py3_epang_T2	55927f18-64e4-4ded-b834-6ed4c025fa3d	flagged by test only					Species	Mucuna novoguineensis	Mucuna gigantea	0.510	Plantae;Tracheophyta;NA;Fabales;Fabaceae;Mucuna;Mucuna novoguineensis
n1600	1600	port_py3_epang_T2	5ce1e186-82e6-4847-8ecc-f7d13ee39941	flagged by test only					Species	Primula cusickiana	Primula capillaris	0.510	Plantae;Tracheophyta;NA;Ericales;Primulaceae;Primula;Primula cusickiana
n1600	1600	port_py3_epang_T2	636c97f1-bcaa-4c93-af63-10a9e3db0752	flagged by test only					Species	Primula beesiana	Primula chungensis	0.738	Plantae;Tracheophyta;NA;Ericales;Primulaceae;Primula;Primula beesiana
n1600	1600	port_py3_epang_T2	64b3e071-e66c-408b-9ba5-5c33a7321b40	flagged by test only					Phylum	Mucoromycota	Ascomycota	1.000	Fungi;Mucoromycota;NA;Endogonales;NA;NA;__TAXCLUSTER5__NA
n1600	1600	port_py3_epang_T2	681d305d-8dee-4c2f-8d55-96a7b28cb745	flagged by test only					Species	NA	Bouteloua curtipendula	0.576	Plantae;Tracheophyta;NA;Poales;Poaceae;Bouteloua;NA
n1600	1600	port_py3_epang_T2	6ffdd279-3346-42d5-9bac-5d8ec04b6171	flagged by test only					Species	NA	Eudorina elegans	0.999	Plantae;Chlorophyta;NA;Chlamydomonadales;Volvocaceae;Eudorina;NA
n1600	1600	port_py3_epang_T2	718a9b63-81a8-4ca8-99dc-42e9dac2bcf2	flagged by test only					Species	Primula egaliksensis	NA	0.660	Plantae;Tracheophyta;NA;Ericales;Primulaceae;Primula;Primula egaliksensis
n1600	1600	port_py3_epang_T2	7c7425af-4a7e-4dd6-b4a4-7549bbb7ebd8	flagged by test only					Genus	Omphalogramma	Primula	0.821	Plantae;Tracheophyta;NA;Ericales;Primulaceae;Omphalogramma
n1600	1600	port_py3_epang_T2	8cd0e442-47b3-49ee-bd90-4884f9affaba	flagged by test only					Species	NA	Nymphaea odorata	0.510	Plantae;Tracheophyta;NA;Nymphaeales;Nymphaeaceae;Nymphaea;NA
n1600	1600	port_py3_epang_T2	8f894320-cbf1-4716-a628-56c4eb8aa47c	flagged by test only					Species	Bipolaris sorokiniana	NA	1.000	Fungi;Ascomycota;NA;Pleosporales;Pleosporaceae;Bipolaris;Bipolaris sorokiniana
n1600	1600	port_py3_epang_T2	94d0392e-1810-4b59-a63f-8efdfd291e5b	flagged by test only					Species	Bouteloua warnockii	Bouteloua curtipendula	1.000	Plantae;Tracheophyta;NA;Poales;Poaceae;Bouteloua;Bouteloua warnockii
n1600	1600	port_py3_epang_T2	97311ffc-d825-4d81-96cb-deaa05ae4508	flagged by test only					Infraorder	Alternaria	Bipolaris	1.000	Fungi;Ascomycota;NA;Pleosporales;Pleosporaceae;Alternaria;NA
n1600	1600	port_py3_epang_T2	9b120823-3155-437d-92a6-e60897e599fd	flagged by test only					Species	Primula kialensis	NA	0.466	Plantae;Tracheophyta;NA;Ericales;Primulaceae;Primula;Primula kialensis
n1600	1600	port_py3_epang_T2	a74a94da-c7bb-4dba-a559-262af51f0ddf	flagged by test only					Species	Primula cusickiana	Primula capillaris	0.510	Plantae;Tracheophyta;NA;Ericales;Primulaceae;Primula;Primula cusickiana
n1600	1600	port_py3_epang_T2	a978ee1b-d8d2-49a6-a534-b823abf82774	flagged by test only					Phylum	NA	Ascomycota	0.715	Fungi;NA;NA;NA;NA;NA;NA
n1600	1600	port_py3_epang_T2	ac695606-d6b6-48f2-b090-f303df32f3af	flagged by test only					Order	Trebouxiales	Microthamniales	0.996	Plantae;Chlorophyta;NA;Trebouxiales;Trebouxiaceae;Trebouxia;NA
n1600	1600	port_py3_epang_T2	ad800fc3-d641-4d7a-9c13-807cca9b0caa	flagged by test only					Genus	Gelasia	Epilasia	0.508	Plantae;Tracheophyta;NA;Asterales;Asteraceae;Gelasia;Gelasia aucheriana
n1600	1600	port_py3_epang_T2	ce999006-80dc-4b0a-9311-cd7fa91d5764	flagged by test only					Infraorder	Alternaria	Bipolaris	1.000	Fungi;Ascomycota;NA;Pleosporales;Pleosporaceae;Alternaria;NA
n1600	1600	port_py3_epang_T2	ed80f120-7a90-4bfa-985c-a4b2255a106a	flagged by test only					Phylum	Mucoromycota	Ascomycota	1.000	Fungi;Mucoromycota;NA;Endogonales;NA;NA;__TAXCLUSTER5__NA
n1600	1600	port_py3_epang_T2	f6a20e51-3b38-46c4-9b35-cda4706b148a	flagged by test only					Species	NA	Nymphaea odorata	0.510	Plantae;Tracheophyta;NA;Nymphaeales;Nymphaeaceae;Nymphaea;NA
n1600	1600	port_py3_epang_T4	199ec4f6-40e0-4a07-8c8e-95ba7ca0f54f	same rank, other proposal	Genus	Pleodorina	Pandorina	0.457	Genus	Pleodorina	Eudorina	0.994	Plantae;Chlorophyta;NA;Chlamydomonadales;Volvocaceae;Pleodorina
n1600	1600	port_py3_epang_T4	1d4d10d6-6506-43a4-82d2-7646e2e6bf04	rank differs	Family	NA	Trebouxiaceae	0.981	Order	Trebouxiales	Microthamniales	0.943	Plantae;Chlorophyta;NA;Trebouxiales;NA;Asterochloris;NA
n1600	1600	port_py3_epang_T4	298983ad-4160-4cdd-be94-1377c18ed9e0	same rank, other proposal	Genus	Pleodorina	Pandorina	0.998	Genus	Pleodorina	Eudorina	0.711	Plantae;Chlorophyta;NA;Chlamydomonadales;Volvocaceae;Pleodorina
n1600	1600	port_py3_epang_T4	4d7a86e3-7b98-4721-a6c1-dee1101ffd36	same rank, other proposal	Genus	Pleodorina	Pandorina	0.999	Genus	Pleodorina	Eudorina	0.965	Plantae;Chlorophyta;NA;Chlamydomonadales;Volvocaceae;Pleodorina
n1600	1600	port_py3_epang_T4	4fdc2d5c-fe5d-4273-908e-6785b6f69cb7	rank differs	Phylum	Ascomycota	NA	0.925	Family	NA	Aspergillaceae	0.429	Fungi;Ascomycota;NA;Eurotiales;NA;NA;NA
n1600	1600	port_py3_epang_T4	9c27cf65-ba28-47ed-96b7-8f6f8d99ae71	same rank, other proposal	Species	Ilex serrata	Ilex corallina	0.510	Species	Ilex serrata	__TAXCLUSTER2__Ilex metabaptista	1.000	Plantae;Tracheophyta;NA;Aquifoliales;Aquifoliaceae;Ilex;Ilex serrata
n1600	1600	port_py3_epang_T4	b29d692a-48ad-43f9-a95b-1ab58ec3d9e4	rank differs	Phylum	Basidiomycota	Ascomycota	0.591	Order	NA	Russulales	0.635	Fungi;Basidiomycota;NA;NA;NA;NA;NA
n1600	1600	port_py3_epang_T4	e4c13d92-788b-4c82-9a0f-82c0dde2414b	rank differs	Kingdom	Fungi	Plantae	0.547	Phylum	Basidiomycota	Zoopagomycota	0.550	Fungi;Basidiomycota;NA
n1600	1600	port_py3_epang_T4	ebd81364-c474-463c-8b7f-7f9881e5403c	same rank, other proposal	Phylum	Basidiomycota	Mucoromycota	0.999	Phylum	Basidiomycota	Ascomycota	0.481	Fungi;Basidiomycota;NA;NA;NA;NA;NA
n1600	1600	port_py3_epang_T4	08e962c7-5564-431e-ba94-03e4b66d7562	flagged by reference only	Species	Ilex shukunii	Ilex x wandoensis	0.817					Plantae;Tracheophyta;NA;Aquifoliales;Aquifoliaceae;Ilex;Ilex shukunii
n1600	1600	port_py3_epang_T4	0e6638cd-5d7d-4a06-9c12-cbb97adbb37e	flagged by reference only	Species	Ilex cornuta	Ilex x wandoensis	0.937					Plantae;Tracheophyta;NA;Aquifoliales;Aquifoliaceae;Ilex;Ilex cornuta
n1600	1600	port_py3_epang_T4	0e95f70b-a70e-4df2-9039-1febb088baf7	flagged by reference only	Species	Ahnfeltia borealis	Ahnfeltia plicata	0.946					Plantae;Rhodophyta;NA;Ahnfeltiales;Ahnfeltiaceae;Ahnfeltia;Ahnfeltia borealis
n1600	1600	port_py3_epang_T4	31c06ff3-de55-4289-9b11-6c7472f286c1	flagged by reference only	Genus	Eudorina	Pandorina	0.999					Plantae;Chlorophyta;NA;Chlamydomonadales;Volvocaceae;Eudorina;Eudorina elegans
n1600	1600	port_py3_epang_T4	353b1e2b-29d1-443b-ae8f-944f0a6ac13b	flagged by reference only	Species	Ahnfeltia fastigiata	Ahnfeltia plicata	0.996					Plantae;Rhodophyta;NA;Ahnfeltiales;Ahnfeltiaceae;Ahnfeltia;Ahnfeltia fastigiata
n1600	1600	port_py3_epang_T4	3b26eed0-91da-4ce6-84a3-306e73e92626	flagged by reference only	Species	Actinidia fulvicoma	NA	0.609					Plantae;Tracheophyta;NA;Ericales;Actinidiaceae;Actinidia;Actinidia fulvicoma
n1600	1600	port_py3_epang_T4	3b7aa83b-3f3f-4572-8abf-a132fc2a19a0	flagged by reference only	Species	Actinidia fulvicoma	NA	0.610					Plantae;Tracheophyta;NA;Ericales;Actinidiaceae;Actinidia;Actinidia fulvicoma
n1600	1600	port_py3_epang_T4	3be76ad8-a918-4987-8f03-0c3a86c0d266	flagged by reference only	Species	Ahnfeltia fastigiata	Ahnfeltia plicata	0.996					Plantae;Rhodophyta;NA;Ahnfeltiales;Ahnfeltiaceae;Ahnfeltia;Ahnfeltia fastigiata
n1600	1600	port_py3_epang_T4	52efdec0-6b5b-47aa-b41a-ed9b386cef41	flagged by reference only	Species	NA	Bipolaris sorokiniana	0.995					Fungi;Ascomycota;NA;Pleosporales;Pleosporaceae;Bipolaris;NA
n1600	1600	port_py3_epang_T4	5c4c7b4d-3a48-41e6-aa23-16fd38952d2b	flagged by reference only	Phylum	Ascomycota	NA	0.925					Fungi;Ascomycota;NA;Eurotiales;Aspergillaceae;Aspergillus;NA
n1600	1600	port_py3_epang_T4	75e2a37b-db1b-4673-bcef-338f984d4d9b	flagged by reference only	Species	Ahnfeltia borealis	Ahnfeltia plicata	0.996					Plantae;Rhodophyta;NA;Ahnfeltiales;Ahnfeltiaceae;Ahnfeltia;Ahnfeltia borealis
n1600	1600	port_py3_epang_T4	817344f0-1ac1-4dcb-9437-10d50e54cf17	flagged by reference only	Species	Ilex chinensis	Ilex x wandoensis	0.507					Plantae;Tracheophyta;NA;Aquifoliales;Aquifoliaceae;Ilex;Ilex chinensis
n1600	1600	port_py3_epang_T4	8c218ce6-7103-4963-8949-7893188cc590	flagged by reference only	Species	Ahnfeltia fastigiata	Ahnfeltia plicata	0.996					Plantae;Rhodophyta;NA;Ahnfeltiales;Ahnfeltiaceae;Ahnfeltia;Ahnfeltia fastigiata
n1600	1600	port_py3_epang_T4	a8d5dc7a-a5a7-45ff-a07e-135218f0dee8	flagged by reference only	Species	Primula auriculata	NA	0.601					Plantae;Tracheophyta;NA;Ericales;Primulaceae;Primula;Primula auriculata
n1600	1600	port_py3_epang_T4	e62ae28c-9b37-49e0-b1ef-9e0dc3e2b638	flagged by reference only	Species	Ilex shukunii	Ilex x wandoensis	0.817					Plantae;Tracheophyta;NA;Aquifoliales;Aquifoliaceae;Ilex;Ilex shukunii
n1600	1600	port_py3_epang_T4	f17cd819-8779-4d94-9c4b-67b6f0f80c16	flagged by reference only	Species	Ahnfeltia borealis	Ahnfeltia plicata	0.996					Plantae;Rhodophyta;NA;Ahnfeltiales;Ahnfeltiaceae;Ahnfeltia;Ahnfeltia borealis
n1600	1600	port_py3_epang_T4	f254f880-e1cb-467c-a691-df7862b2a753	flagged by reference only	Species	Ilex tetramera	Ilex x wandoensis	0.817					Plantae;Tracheophyta;NA;Aquifoliales;Aquifoliaceae;Ilex;Ilex tetramera
n1600	1600	port_py3_epang_T4	0e209b54-1496-4e43-988c-b37cb86c6b5f	flagged by test only					Species	NA	Eudorina elegans	1.000	Plantae;Chlorophyta;NA;Chlamydomonadales;Volvocaceae;Eudorina;NA
n1600	1600	port_py3_epang_T4	0f799fab-e0c1-4297-bfc3-979ee401eae9	flagged by test only					Species	Bouteloua warnockii	Bouteloua curtipendula	1.000	Plantae;Tracheophyta;NA;Poales;Poaceae;Bouteloua;Bouteloua warnockii
n1600	1600	port_py3_epang_T4	160139ab-9283-4d59-a53b-e68ae6d80432	flagged by test only					Order	Trebouxiales	Microthamniales	0.943	Plantae;Chlorophyta;NA;Trebouxiales;Trebouxiaceae;Trebouxia;NA
n1600	1600	port_py3_epang_T4	16afa515-d9e3-4abb-931d-218f28c58611	flagged by test only					Species	NA	Nymphaea elegans	0.505	Plantae;Tracheophyta;NA;Nymphaeales;Nymphaeaceae;Nymphaea;NA
n1600	1600	port_py3_epang_T4	1a66e156-5e5a-4957-a393-a21ae8840c02	flagged by test only					Phylum	Mucoromycota	Ascomycota	1.000	Fungi;Mucoromycota;NA;Endogonales;NA;NA;__TAXCLUSTER5__NA
n1600	1600	port_py3_epang_T4	27f8dfdc-b631-471d-85f4-e6431a95d1a2	flagged by test only					Species	Primula farinosa	Primula pinnata	0.510	Plantae;Tracheophyta;NA;Ericales;Primulaceae;Primula;Primula farinosa
n1600	1600	port_py3_epang_T4	2d77ea64-ffbe-4c8b-ad03-af0de2bdf1cc	flagged by test only					Species	Mucuna novoguineensis	Mucuna gigantea	0.510	Plantae;Tracheophyta;NA;Fabales;Fabaceae;Mucuna;Mucuna novoguineensis
n1600	1600	port_py3_epang_T4	3453d2be-3e07-4fa6-8d00-d2d2c992b2b2	flagged by test only					Genus	Omphalogramma	Primula	0.996	Plantae;Tracheophyta;NA;Ericales;Primulaceae;Omphalogramma
n1600	1600	port_py3_epang_T4	3bc999e5-2232-4b3a-acfc-6161b2e6504c	flagged by test only					Species	Primula farinosa	Primula pinnata	0.510	Plantae;Tracheophyta;NA;Ericales;Primulaceae;Primula;Primula farinosa
n1600	1600	port_py3_epang_T4	3d62b4e2-6ef6-4bb1-8c4e-338d9b931017	flagged by test only					Genus	Omphalogramma	Primula	0.709	Plantae;Tracheophyta;NA;Ericales;Primulaceae;Omphalogramma
n1600	1600	port_py3_epang_T4	554d4ef6-80da-41c4-b2d3-741422082908	flagged by test only					Species	NA	Scorzonera meyeri	0.510	Plantae;Tracheophyta;NA;Asterales;Asteraceae;Scorzonera;NA
n1600	1600	port_py3_epang_T4	55927f18-64e4-4ded-b834-6ed4c025fa3d	flagged by test only					Species	Mucuna novoguineensis	Mucuna gigantea	0.510	Plantae;Tracheophyta;NA;Fabales;Fabaceae;Mucuna;Mucuna novoguineensis
n1600	1600	port_py3_epang_T4	5ce1e186-82e6-4847-8ecc-f7d13ee39941	flagged by test only					Species	Primula cusickiana	Primula capillaris	0.510	Plantae;Tracheophyta;NA;Ericales;Primulaceae;Primula;Primula cusickiana
n1600	1600	port_py3_epang_T4	636c97f1-bcaa-4c93-af63-10a9e3db0752	flagged by test only					Species	Primula beesiana	Primula chungensis	0.738	Plantae;Tracheophyta;NA;Ericales;Primulaceae;Primula;Primula beesiana
n1600	1600	port_py3_epang_T4	64b3e071-e66c-408b-9ba5-5c33a7321b40	flagged by test only					Phylum	Mucoromycota	Ascomycota	1.000	Fungi;Mucoromycota;NA;Endogonales;NA;NA;__TAXCLUSTER5__NA
n1600	1600	port_py3_epang_T4	681d305d-8dee-4c2f-8d55-96a7b28cb745	flagged by test only					Species	NA	Bouteloua curtipendula	0.576	Plantae;Tracheophyta;NA;Poales;Poaceae;Bouteloua;NA
n1600	1600	port_py3_epang_T4	6ffdd279-3346-42d5-9bac-5d8ec04b6171	flagged by test only					Species	NA	Eudorina elegans	0.999	Plantae;Chlorophyta;NA;Chlamydomonadales;Volvocaceae;Eudorina;NA
n1600	1600	port_py3_epang_T4	718a9b63-81a8-4ca8-99dc-42e9dac2bcf2	flagged by test only					Species	Primula egaliksensis	NA	0.660	Plantae;Tracheophyta;NA;Ericales;Primulaceae;Primula;Primula egaliksensis
n1600	1600	port_py3_epang_T4	7c7425af-4a7e-4dd6-b4a4-7549bbb7ebd8	flagged by test only					Genus	Omphalogramma	Primula	0.821	Plantae;Tracheophyta;NA;Ericales;Primulaceae;Omphalogramma
n1600	1600	port_py3_epang_T4	8cd0e442-47b3-49ee-bd90-4884f9affaba	flagged by test only					Species	NA	Nymphaea odorata	0.510	Plantae;Tracheophyta;NA;Nymphaeales;Nymphaeaceae;Nymphaea;NA
n1600	1600	port_py3_epang_T4	8f894320-cbf1-4716-a628-56c4eb8aa47c	flagged by test only					Species	Bipolaris sorokiniana	NA	1.000	Fungi;Ascomycota;NA;Pleosporales;Pleosporaceae;Bipolaris;Bipolaris sorokiniana
n1600	1600	port_py3_epang_T4	94d0392e-1810-4b59-a63f-8efdfd291e5b	flagged by test only					Species	Bouteloua warnockii	Bouteloua curtipendula	1.000	Plantae;Tracheophyta;NA;Poales;Poaceae;Bouteloua;Bouteloua warnockii
n1600	1600	port_py3_epang_T4	97311ffc-d825-4d81-96cb-deaa05ae4508	flagged by test only					Infraorder	Alternaria	Bipolaris	1.000	Fungi;Ascomycota;NA;Pleosporales;Pleosporaceae;Alternaria;NA
n1600	1600	port_py3_epang_T4	9b120823-3155-437d-92a6-e60897e599fd	flagged by test only					Species	Primula kialensis	NA	0.466	Plantae;Tracheophyta;NA;Ericales;Primulaceae;Primula;Primula kialensis
n1600	1600	port_py3_epang_T4	a74a94da-c7bb-4dba-a559-262af51f0ddf	flagged by test only					Species	Primula cusickiana	Primula capillaris	0.510	Plantae;Tracheophyta;NA;Ericales;Primulaceae;Primula;Primula cusickiana
n1600	1600	port_py3_epang_T4	a978ee1b-d8d2-49a6-a534-b823abf82774	flagged by test only					Phylum	NA	Ascomycota	0.715	Fungi;NA;NA;NA;NA;NA;NA
n1600	1600	port_py3_epang_T4	ac695606-d6b6-48f2-b090-f303df32f3af	flagged by test only					Order	Trebouxiales	Microthamniales	0.996	Plantae;Chlorophyta;NA;Trebouxiales;Trebouxiaceae;Trebouxia;NA
n1600	1600	port_py3_epang_T4	ad800fc3-d641-4d7a-9c13-807cca9b0caa	flagged by test only					Genus	Gelasia	Epilasia	0.508	Plantae;Tracheophyta;NA;Asterales;Asteraceae;Gelasia;Gelasia aucheriana
n1600	1600	port_py3_epang_T4	ce999006-80dc-4b0a-9311-cd7fa91d5764	flagged by test only					Infraorder	Alternaria	Bipolaris	1.000	Fungi;Ascomycota;NA;Pleosporales;Pleosporaceae;Alternaria;NA
n1600	1600	port_py3_epang_T4	ed80f120-7a90-4bfa-985c-a4b2255a106a	flagged by test only					Phylum	Mucoromycota	Ascomycota	1.000	Fungi;Mucoromycota;NA;Endogonales;NA;NA;__TAXCLUSTER5__NA
n1600	1600	port_py3_epang_T4	f6a20e51-3b38-46c4-9b35-cda4706b148a	flagged by test only					Species	NA	Nymphaea odorata	0.510	Plantae;Tracheophyta;NA;Nymphaeales;Nymphaeaceae;Nymphaea;NA
n1600	1600	port_py3_epang_T8	13696475-39a1-416d-8d98-0b7160c3e7e5	rank differs	Kingdom	Fungi	Plantae	0.686	Phylum	NA	Basidiomycota	0.991	Fungi;NA;NA;NA;NA;NA;NA
n1600	1600	port_py3_epang_T8	199ec4f6-40e0-4a07-8c8e-95ba7ca0f54f	same rank, other proposal	Genus	Pleodorina	Pandorina	0.457	Genus	Pleodorina	Eudorina	0.996	Plantae;Chlorophyta;NA;Chlamydomonadales;Volvocaceae;Pleodorina
n1600	1600	port_py3_epang_T8	1d4d10d6-6506-43a4-82d2-7646e2e6bf04	rank differs	Family	NA	Trebouxiaceae	0.981	Order	Trebouxiales	Microthamniales	0.943	Plantae;Chlorophyta;NA;Trebouxiales;NA;Asterochloris;NA
n1600	1600	port_py3_epang_T8	298983ad-4160-4cdd-be94-1377c18ed9e0	same rank, other proposal	Genus	Pleodorina	Pandorina	0.998	Genus	Pleodorina	Eudorina	0.668	Plantae;Chlorophyta;NA;Chlamydomonadales;Volvocaceae;Pleodorina
n1600	1600	port_py3_epang_T8	4d7a86e3-7b98-4721-a6c1-dee1101ffd36	same rank, other proposal	Genus	Pleodorina	Pandorina	0.999	Genus	Pleodorina	Eudorina	0.972	Plantae;Chlorophyta;NA;Chlamydomonadales;Volvocaceae;Pleodorina
n1600	1600	port_py3_epang_T8	4fdc2d5c-fe5d-4273-908e-6785b6f69cb7	rank differs	Phylum	Ascomycota	NA	0.925	Family	NA	Aspergillaceae	0.430	Fungi;Ascomycota;NA;Eurotiales;NA;NA;NA
n1600	1600	port_py3_epang_T8	9c27cf65-ba28-47ed-96b7-8f6f8d99ae71	same rank, other proposal	Species	Ilex serrata	Ilex corallina	0.510	Species	Ilex serrata	__TAXCLUSTER2__Ilex metabaptista	1.000	Plantae;Tracheophyta;NA;Aquifoliales;Aquifoliaceae;Ilex;Ilex serrata
n1600	1600	port_py3_epang_T8	ab24a6f7-938e-4292-ba70-41a7aab91d5a	same rank, other proposal	Phylum	NA	Zoopagomycota	0.972	Phylum	NA	Basidiomycota	0.998	Fungi;NA;NA;NA;NA;NA;NA
n1600	1600	port_py3_epang_T8	b29d692a-48ad-43f9-a95b-1ab58ec3d9e4	rank differs	Phylum	Basidiomycota	Ascomycota	0.591	Order	NA	Russulales	0.664	Fungi;Basidiomycota;NA;NA;NA;NA;NA
n1600	1600	port_py3_epang_T8	08e962c7-5564-431e-ba94-03e4b66d7562	flagged by reference only	Species	Ilex shukunii	Ilex x wandoensis	0.817					Plantae;Tracheophyta;NA;Aquifoliales;Aquifoliaceae;Ilex;Ilex shukunii
n1600	1600	port_py3_epang_T8	0e6638cd-5d7d-4a06-9c12-cbb97adbb37e	flagged by reference only	Species	Ilex cornuta	Ilex x wandoensis	0.937					Plantae;Tracheophyta;NA;Aquifoliales;Aquifoliaceae;Ilex;Ilex cornuta
n1600	1600	port_py3_epang_T8	0e95f70b-a70e-4df2-9039-1febb088baf7	flagged by reference only	Species	Ahnfeltia borealis	Ahnfeltia plicata	0.946					Plantae;Rhodophyta;NA;Ahnfeltiales;Ahnfeltiaceae;Ahnfeltia;Ahnfeltia borealis
n1600	1600	port_py3_epang_T8	31c06ff3-de55-4289-9b11-6c7472f286c1	flagged by reference only	Genus	Eudorina	Pandorina	0.999					Plantae;Chlorophyta;NA;Chlamydomonadales;Volvocaceae;Eudorina;Eudorina elegans
n1600	1600	port_py3_epang_T8	353b1e2b-29d1-443b-ae8f-944f0a6ac13b	flagged by reference only	Species	Ahnfeltia fastigiata	Ahnfeltia plicata	0.996					Plantae;Rhodophyta;NA;Ahnfeltiales;Ahnfeltiaceae;Ahnfeltia;Ahnfeltia fastigiata
n1600	1600	port_py3_epang_T8	3b26eed0-91da-4ce6-84a3-306e73e92626	flagged by reference only	Species	Actinidia fulvicoma	NA	0.609					Plantae;Tracheophyta;NA;Ericales;Actinidiaceae;Actinidia;Actinidia fulvicoma
n1600	1600	port_py3_epang_T8	3b7aa83b-3f3f-4572-8abf-a132fc2a19a0	flagged by reference only	Species	Actinidia fulvicoma	NA	0.610					Plantae;Tracheophyta;NA;Ericales;Actinidiaceae;Actinidia;Actinidia fulvicoma
n1600	1600	port_py3_epang_T8	3be76ad8-a918-4987-8f03-0c3a86c0d266	flagged by reference only	Species	Ahnfeltia fastigiata	Ahnfeltia plicata	0.996					Plantae;Rhodophyta;NA;Ahnfeltiales;Ahnfeltiaceae;Ahnfeltia;Ahnfeltia fastigiata
n1600	1600	port_py3_epang_T8	52efdec0-6b5b-47aa-b41a-ed9b386cef41	flagged by reference only	Species	NA	Bipolaris sorokiniana	0.995					Fungi;Ascomycota;NA;Pleosporales;Pleosporaceae;Bipolaris;NA
n1600	1600	port_py3_epang_T8	5c4c7b4d-3a48-41e6-aa23-16fd38952d2b	flagged by reference only	Phylum	Ascomycota	NA	0.925					Fungi;Ascomycota;NA;Eurotiales;Aspergillaceae;Aspergillus;NA
n1600	1600	port_py3_epang_T8	75e2a37b-db1b-4673-bcef-338f984d4d9b	flagged by reference only	Species	Ahnfeltia borealis	Ahnfeltia plicata	0.996					Plantae;Rhodophyta;NA;Ahnfeltiales;Ahnfeltiaceae;Ahnfeltia;Ahnfeltia borealis
n1600	1600	port_py3_epang_T8	817344f0-1ac1-4dcb-9437-10d50e54cf17	flagged by reference only	Species	Ilex chinensis	Ilex x wandoensis	0.507					Plantae;Tracheophyta;NA;Aquifoliales;Aquifoliaceae;Ilex;Ilex chinensis
n1600	1600	port_py3_epang_T8	8c218ce6-7103-4963-8949-7893188cc590	flagged by reference only	Species	Ahnfeltia fastigiata	Ahnfeltia plicata	0.996					Plantae;Rhodophyta;NA;Ahnfeltiales;Ahnfeltiaceae;Ahnfeltia;Ahnfeltia fastigiata
n1600	1600	port_py3_epang_T8	a8d5dc7a-a5a7-45ff-a07e-135218f0dee8	flagged by reference only	Species	Primula auriculata	NA	0.601					Plantae;Tracheophyta;NA;Ericales;Primulaceae;Primula;Primula auriculata
n1600	1600	port_py3_epang_T8	e4c13d92-788b-4c82-9a0f-82c0dde2414b	flagged by reference only	Kingdom	Fungi	Plantae	0.547					Fungi;Basidiomycota;NA
n1600	1600	port_py3_epang_T8	e62ae28c-9b37-49e0-b1ef-9e0dc3e2b638	flagged by reference only	Species	Ilex shukunii	Ilex x wandoensis	0.817					Plantae;Tracheophyta;NA;Aquifoliales;Aquifoliaceae;Ilex;Ilex shukunii
n1600	1600	port_py3_epang_T8	ebd81364-c474-463c-8b7f-7f9881e5403c	flagged by reference only	Phylum	Basidiomycota	Mucoromycota	0.999					Fungi;Basidiomycota;NA;NA;NA;NA;NA
n1600	1600	port_py3_epang_T8	f17cd819-8779-4d94-9c4b-67b6f0f80c16	flagged by reference only	Species	Ahnfeltia borealis	Ahnfeltia plicata	0.996					Plantae;Rhodophyta;NA;Ahnfeltiales;Ahnfeltiaceae;Ahnfeltia;Ahnfeltia borealis
n1600	1600	port_py3_epang_T8	f254f880-e1cb-467c-a691-df7862b2a753	flagged by reference only	Species	Ilex tetramera	Ilex x wandoensis	0.817					Plantae;Tracheophyta;NA;Aquifoliales;Aquifoliaceae;Ilex;Ilex tetramera
n1600	1600	port_py3_epang_T8	0e209b54-1496-4e43-988c-b37cb86c6b5f	flagged by test only					Species	NA	Eudorina elegans	1.000	Plantae;Chlorophyta;NA;Chlamydomonadales;Volvocaceae;Eudorina;NA
n1600	1600	port_py3_epang_T8	0f799fab-e0c1-4297-bfc3-979ee401eae9	flagged by test only					Species	Bouteloua warnockii	Bouteloua curtipendula	1.000	Plantae;Tracheophyta;NA;Poales;Poaceae;Bouteloua;Bouteloua warnockii
n1600	1600	port_py3_epang_T8	160139ab-9283-4d59-a53b-e68ae6d80432	flagged by test only					Order	Trebouxiales	Microthamniales	0.942	Plantae;Chlorophyta;NA;Trebouxiales;Trebouxiaceae;Trebouxia;NA
n1600	1600	port_py3_epang_T8	16afa515-d9e3-4abb-931d-218f28c58611	flagged by test only					Species	NA	Nymphaea elegans	0.505	Plantae;Tracheophyta;NA;Nymphaeales;Nymphaeaceae;Nymphaea;NA
n1600	1600	port_py3_epang_T8	1a66e156-5e5a-4957-a393-a21ae8840c02	flagged by test only					Phylum	Mucoromycota	Ascomycota	1.000	Fungi;Mucoromycota;NA;Endogonales;NA;NA;__TAXCLUSTER5__NA
n1600	1600	port_py3_epang_T8	27f8dfdc-b631-471d-85f4-e6431a95d1a2	flagged by test only					Species	Primula farinosa	Primula pinnata	0.510	Plantae;Tracheophyta;NA;Ericales;Primulaceae;Primula;Primula farinosa
n1600	1600	port_py3_epang_T8	2d77ea64-ffbe-4c8b-ad03-af0de2bdf1cc	flagged by test only					Species	Mucuna novoguineensis	Mucuna gigantea	0.510	Plantae;Tracheophyta;NA;Fabales;Fabaceae;Mucuna;Mucuna novoguineensis
n1600	1600	port_py3_epang_T8	3453d2be-3e07-4fa6-8d00-d2d2c992b2b2	flagged by test only					Genus	Omphalogramma	Primula	0.996	Plantae;Tracheophyta;NA;Ericales;Primulaceae;Omphalogramma
n1600	1600	port_py3_epang_T8	3bc999e5-2232-4b3a-acfc-6161b2e6504c	flagged by test only					Species	Primula farinosa	Primula pinnata	0.510	Plantae;Tracheophyta;NA;Ericales;Primulaceae;Primula;Primula farinosa
n1600	1600	port_py3_epang_T8	3d62b4e2-6ef6-4bb1-8c4e-338d9b931017	flagged by test only					Genus	Omphalogramma	Primula	0.705	Plantae;Tracheophyta;NA;Ericales;Primulaceae;Omphalogramma
n1600	1600	port_py3_epang_T8	554d4ef6-80da-41c4-b2d3-741422082908	flagged by test only					Species	NA	Scorzonera meyeri	0.510	Plantae;Tracheophyta;NA;Asterales;Asteraceae;Scorzonera;NA
n1600	1600	port_py3_epang_T8	55927f18-64e4-4ded-b834-6ed4c025fa3d	flagged by test only					Species	Mucuna novoguineensis	Mucuna gigantea	0.510	Plantae;Tracheophyta;NA;Fabales;Fabaceae;Mucuna;Mucuna novoguineensis
n1600	1600	port_py3_epang_T8	5ce1e186-82e6-4847-8ecc-f7d13ee39941	flagged by test only					Species	Primula cusickiana	Primula capillaris	0.510	Plantae;Tracheophyta;NA;Ericales;Primulaceae;Primula;Primula cusickiana
n1600	1600	port_py3_epang_T8	636c97f1-bcaa-4c93-af63-10a9e3db0752	flagged by test only					Species	Primula beesiana	Primula chungensis	0.740	Plantae;Tracheophyta;NA;Ericales;Primulaceae;Primula;Primula beesiana
n1600	1600	port_py3_epang_T8	64b3e071-e66c-408b-9ba5-5c33a7321b40	flagged by test only					Phylum	Mucoromycota	Ascomycota	1.000	Fungi;Mucoromycota;NA;Endogonales;NA;NA;__TAXCLUSTER5__NA
n1600	1600	port_py3_epang_T8	681d305d-8dee-4c2f-8d55-96a7b28cb745	flagged by test only					Species	NA	Bouteloua curtipendula	0.580	Plantae;Tracheophyta;NA;Poales;Poaceae;Bouteloua;NA
n1600	1600	port_py3_epang_T8	6ffdd279-3346-42d5-9bac-5d8ec04b6171	flagged by test only					Species	NA	Eudorina elegans	0.999	Plantae;Chlorophyta;NA;Chlamydomonadales;Volvocaceae;Eudorina;NA
n1600	1600	port_py3_epang_T8	718a9b63-81a8-4ca8-99dc-42e9dac2bcf2	flagged by test only					Species	Primula egaliksensis	NA	0.659	Plantae;Tracheophyta;NA;Ericales;Primulaceae;Primula;Primula egaliksensis
n1600	1600	port_py3_epang_T8	7c7425af-4a7e-4dd6-b4a4-7549bbb7ebd8	flagged by test only					Genus	Omphalogramma	Primula	0.819	Plantae;Tracheophyta;NA;Ericales;Primulaceae;Omphalogramma
n1600	1600	port_py3_epang_T8	8cd0e442-47b3-49ee-bd90-4884f9affaba	flagged by test only					Species	NA	Nymphaea odorata	0.510	Plantae;Tracheophyta;NA;Nymphaeales;Nymphaeaceae;Nymphaea;NA
n1600	1600	port_py3_epang_T8	8f894320-cbf1-4716-a628-56c4eb8aa47c	flagged by test only					Species	Bipolaris sorokiniana	NA	1.000	Fungi;Ascomycota;NA;Pleosporales;Pleosporaceae;Bipolaris;Bipolaris sorokiniana
n1600	1600	port_py3_epang_T8	94d0392e-1810-4b59-a63f-8efdfd291e5b	flagged by test only					Species	Bouteloua warnockii	Bouteloua curtipendula	1.000	Plantae;Tracheophyta;NA;Poales;Poaceae;Bouteloua;Bouteloua warnockii
n1600	1600	port_py3_epang_T8	97311ffc-d825-4d81-96cb-deaa05ae4508	flagged by test only					Infraorder	Alternaria	Bipolaris	1.000	Fungi;Ascomycota;NA;Pleosporales;Pleosporaceae;Alternaria;NA
n1600	1600	port_py3_epang_T8	9b120823-3155-437d-92a6-e60897e599fd	flagged by test only					Species	Primula kialensis	NA	0.463	Plantae;Tracheophyta;NA;Ericales;Primulaceae;Primula;Primula kialensis
n1600	1600	port_py3_epang_T8	a74a94da-c7bb-4dba-a559-262af51f0ddf	flagged by test only					Species	Primula cusickiana	Primula capillaris	0.510	Plantae;Tracheophyta;NA;Ericales;Primulaceae;Primula;Primula cusickiana
n1600	1600	port_py3_epang_T8	a978ee1b-d8d2-49a6-a534-b823abf82774	flagged by test only					Phylum	NA	Ascomycota	0.714	Fungi;NA;NA;NA;NA;NA;NA
n1600	1600	port_py3_epang_T8	ac695606-d6b6-48f2-b090-f303df32f3af	flagged by test only					Order	Trebouxiales	Microthamniales	0.995	Plantae;Chlorophyta;NA;Trebouxiales;Trebouxiaceae;Trebouxia;NA
n1600	1600	port_py3_epang_T8	ad800fc3-d641-4d7a-9c13-807cca9b0caa	flagged by test only					Genus	Gelasia	Epilasia	0.507	Plantae;Tracheophyta;NA;Asterales;Asteraceae;Gelasia;Gelasia aucheriana
n1600	1600	port_py3_epang_T8	ce999006-80dc-4b0a-9311-cd7fa91d5764	flagged by test only					Infraorder	Alternaria	Bipolaris	1.000	Fungi;Ascomycota;NA;Pleosporales;Pleosporaceae;Alternaria;NA
n1600	1600	port_py3_epang_T8	ed80f120-7a90-4bfa-985c-a4b2255a106a	flagged by test only					Phylum	Mucoromycota	Ascomycota	1.000	Fungi;Mucoromycota;NA;Endogonales;NA;NA;__TAXCLUSTER5__NA
n1600	1600	port_py3_epang_T8	f6a20e51-3b38-46c4-9b35-cda4706b148a	flagged by test only					Species	NA	Nymphaea odorata	0.510	Plantae;Tracheophyta;NA;Nymphaeales;Nymphaeaceae;Nymphaea;NA
n1600	1600	port_py3_epang_T8_K100	13696475-39a1-416d-8d98-0b7160c3e7e5	rank differs	Kingdom	Fungi	Plantae	0.686	Phylum	NA	Basidiomycota	0.458	Fungi;NA;NA;NA;NA;NA;NA
n1600	1600	port_py3_epang_T8_K100	199ec4f6-40e0-4a07-8c8e-95ba7ca0f54f	same rank, other proposal	Genus	Pleodorina	Pandorina	0.457	Genus	Pleodorina	Eudorina	0.510	Plantae;Chlorophyta;NA;Chlamydomonadales;Volvocaceae;Pleodorina
n1600	1600	port_py3_epang_T8_K100	1d4d10d6-6506-43a4-82d2-7646e2e6bf04	rank differs	Family	NA	Trebouxiaceae	0.981	Order	Trebouxiales	Microthamniales	0.943	Plantae;Chlorophyta;NA;Trebouxiales;NA;Asterochloris;NA
n1600	1600	port_py3_epang_T8_K100	4fdc2d5c-fe5d-4273-908e-6785b6f69cb7	rank differs	Phylum	Ascomycota	NA	0.925	Family	NA	Aspergillaceae	0.443	Fungi;Ascomycota;NA;Eurotiales;NA;NA;NA
n1600	1600	port_py3_epang_T8_K100	9c27cf65-ba28-47ed-96b7-8f6f8d99ae71	same rank, other proposal	Species	Ilex serrata	Ilex corallina	0.510	Species	Ilex serrata	__TAXCLUSTER2__Ilex metabaptista	1.000	Plantae;Tracheophyta;NA;Aquifoliales;Aquifoliaceae;Ilex;Ilex serrata
n1600	1600	port_py3_epang_T8_K100	0020f170-0a39-4efa-92a7-cf1f72b2ed7b	flagged by reference only	Genus	NA	Aspergillus	0.525					Fungi;Ascomycota;NA;Eurotiales;Aspergillaceae;NA;NA
n1600	1600	port_py3_epang_T8_K100	08e962c7-5564-431e-ba94-03e4b66d7562	flagged by reference only	Species	Ilex shukunii	Ilex x wandoensis	0.817					Plantae;Tracheophyta;NA;Aquifoliales;Aquifoliaceae;Ilex;Ilex shukunii
n1600	1600	port_py3_epang_T8_K100	31c06ff3-de55-4289-9b11-6c7472f286c1	flagged by reference only	Genus	Eudorina	Pandorina	0.999					Plantae;Chlorophyta;NA;Chlamydomonadales;Volvocaceae;Eudorina;Eudorina elegans
n1600	1600	port_py3_epang_T8_K100	3b26eed0-91da-4ce6-84a3-306e73e92626	flagged by reference only	Species	Actinidia fulvicoma	NA	0.609					Plantae;Tracheophyta;NA;Ericales;Actinidiaceae;Actinidia;Actinidia fulvicoma
n1600	1600	port_py3_epang_T8_K100	3b7aa83b-3f3f-4572-8abf-a132fc2a19a0	flagged by reference only	Species	Actinidia fulvicoma	NA	0.610					Plantae;Tracheophyta;NA;Ericales;Actinidiaceae;Actinidia;Actinidia fulvicoma
n1600	1600	port_py3_epang_T8_K100	4d7a86e3-7b98-4721-a6c1-dee1101ffd36	flagged by reference only	Genus	Pleodorina	Pandorina	0.999					Plantae;Chlorophyta;NA;Chlamydomonadales;Volvocaceae;Pleodorina
n1600	1600	port_py3_epang_T8_K100	52efdec0-6b5b-47aa-b41a-ed9b386cef41	flagged by reference only	Species	NA	Bipolaris sorokiniana	0.995					Fungi;Ascomycota;NA;Pleosporales;Pleosporaceae;Bipolaris;NA
n1600	1600	port_py3_epang_T8_K100	5c4c7b4d-3a48-41e6-aa23-16fd38952d2b	flagged by reference only	Phylum	Ascomycota	NA	0.925					Fungi;Ascomycota;NA;Eurotiales;Aspergillaceae;Aspergillus;NA
n1600	1600	port_py3_epang_T8_K100	a8d5dc7a-a5a7-45ff-a07e-135218f0dee8	flagged by reference only	Species	Primula auriculata	NA	0.601					Plantae;Tracheophyta;NA;Ericales;Primulaceae;Primula;Primula auriculata
n1600	1600	port_py3_epang_T8_K100	e4c13d92-788b-4c82-9a0f-82c0dde2414b	flagged by reference only	Kingdom	Fungi	Plantae	0.547					Fungi;Basidiomycota;NA
n1600	1600	port_py3_epang_T8_K100	e62ae28c-9b37-49e0-b1ef-9e0dc3e2b638	flagged by reference only	Species	Ilex shukunii	Ilex x wandoensis	0.817					Plantae;Tracheophyta;NA;Aquifoliales;Aquifoliaceae;Ilex;Ilex shukunii
n1600	1600	port_py3_epang_T8_K100	f254f880-e1cb-467c-a691-df7862b2a753	flagged by reference only	Species	Ilex tetramera	Ilex x wandoensis	0.817					Plantae;Tracheophyta;NA;Aquifoliales;Aquifoliaceae;Ilex;Ilex tetramera
n1600	1600	port_py3_epang_T8_K100	0e209b54-1496-4e43-988c-b37cb86c6b5f	flagged by test only					Species	NA	Eudorina elegans	0.500	Plantae;Chlorophyta;NA;Chlamydomonadales;Volvocaceae;Eudorina;NA
n1600	1600	port_py3_epang_T8_K100	160139ab-9283-4d59-a53b-e68ae6d80432	flagged by test only					Order	Trebouxiales	Microthamniales	0.942	Plantae;Chlorophyta;NA;Trebouxiales;Trebouxiaceae;Trebouxia;NA
n1600	1600	port_py3_epang_T8_K100	16afa515-d9e3-4abb-931d-218f28c58611	flagged by test only					Species	NA	Nymphaea elegans	0.505	Plantae;Tracheophyta;NA;Nymphaeales;Nymphaeaceae;Nymphaea;NA
n1600	1600	port_py3_epang_T8_K100	554d4ef6-80da-41c4-b2d3-741422082908	flagged by test only					Species	NA	Scorzonera meyeri	0.510	Plantae;Tracheophyta;NA;Asterales;Asteraceae;Scorzonera;NA
n1600	1600	port_py3_epang_T8_K100	636c97f1-bcaa-4c93-af63-10a9e3db0752	flagged by test only					Species	Primula beesiana	Primula chungensis	0.738	Plantae;Tracheophyta;NA;Ericales;Primulaceae;Primula;Primula beesiana
n1600	1600	port_py3_epang_T8_K100	681d305d-8dee-4c2f-8d55-96a7b28cb745	flagged by test only					Species	NA	Bouteloua curtipendula	0.548	Plantae;Tracheophyta;NA;Poales;Poaceae;Bouteloua;NA
n1600	1600	port_py3_epang_T8_K100	6ffdd279-3346-42d5-9bac-5d8ec04b6171	flagged by test only					Species	NA	Eudorina elegans	0.510	Plantae;Chlorophyta;NA;Chlamydomonadales;Volvocaceae;Eudorina;NA
n1600	1600	port_py3_epang_T8_K100	718a9b63-81a8-4ca8-99dc-42e9dac2bcf2	flagged by test only					Species	Primula egaliksensis	NA	0.654	Plantae;Tracheophyta;NA;Ericales;Primulaceae;Primula;Primula egaliksensis
n1600	1600	port_py3_epang_T8_K100	8cd0e442-47b3-49ee-bd90-4884f9affaba	flagged by test only					Species	NA	Nymphaea odorata	0.510	Plantae;Tracheophyta;NA;Nymphaeales;Nymphaeaceae;Nymphaea;NA
n1600	1600	port_py3_epang_T8_K100	8f894320-cbf1-4716-a628-56c4eb8aa47c	flagged by test only					Species	Bipolaris sorokiniana	NA	0.964	Fungi;Ascomycota;NA;Pleosporales;Pleosporaceae;Bipolaris;Bipolaris sorokiniana
n1600	1600	port_py3_epang_T8_K100	a978ee1b-d8d2-49a6-a534-b823abf82774	flagged by test only					Phylum	NA	Ascomycota	0.703	Fungi;NA;NA;NA;NA;NA;NA
n1600	1600	port_py3_epang_T8_K100	ac695606-d6b6-48f2-b090-f303df32f3af	flagged by test only					Order	Trebouxiales	Microthamniales	0.997	Plantae;Chlorophyta;NA;Trebouxiales;Trebouxiaceae;Trebouxia;NA
n1600	1600	port_py3_epang_T8_K100	ad800fc3-d641-4d7a-9c13-807cca9b0caa	flagged by test only					Genus	Gelasia	Epilasia	0.507	Plantae;Tracheophyta;NA;Asterales;Asteraceae;Gelasia;Gelasia aucheriana
n1600	1600	port_py3_epang_T8_K100	f6a20e51-3b38-46c4-9b35-cda4706b148a	flagged by test only					Species	NA	Nymphaea odorata	0.510	Plantae;Tracheophyta;NA;Nymphaeales;Nymphaeaceae;Nymphaea;NA
n1600	1600	port_py3_epang_T8_K25	13696475-39a1-416d-8d98-0b7160c3e7e5	rank differs	Kingdom	Fungi	Plantae	0.686	Phylum	NA	Basidiomycota	0.448	Fungi;NA;NA;NA;NA;NA;NA
n1600	1600	port_py3_epang_T8_K25	199ec4f6-40e0-4a07-8c8e-95ba7ca0f54f	same rank, other proposal	Genus	Pleodorina	Pandorina	0.457	Genus	Pleodorina	Eudorina	0.510	Plantae;Chlorophyta;NA;Chlamydomonadales;Volvocaceae;Pleodorina
n1600	1600	port_py3_epang_T8_K25	1d4d10d6-6506-43a4-82d2-7646e2e6bf04	rank differs	Family	NA	Trebouxiaceae	0.981	Order	Trebouxiales	Microthamniales	0.947	Plantae;Chlorophyta;NA;Trebouxiales;NA;Asterochloris;NA
n1600	1600	port_py3_epang_T8_K25	4fdc2d5c-fe5d-4273-908e-6785b6f69cb7	rank differs	Phylum	Ascomycota	NA	0.925	Family	NA	Aspergillaceae	0.443	Fungi;Ascomycota;NA;Eurotiales;NA;NA;NA
n1600	1600	port_py3_epang_T8_K25	9c27cf65-ba28-47ed-96b7-8f6f8d99ae71	same rank, other proposal	Species	Ilex serrata	Ilex corallina	0.510	Species	Ilex serrata	__TAXCLUSTER2__Ilex metabaptista	1.000	Plantae;Tracheophyta;NA;Aquifoliales;Aquifoliaceae;Ilex;Ilex serrata
n1600	1600	port_py3_epang_T8_K25	0020f170-0a39-4efa-92a7-cf1f72b2ed7b	flagged by reference only	Genus	NA	Aspergillus	0.525					Fungi;Ascomycota;NA;Eurotiales;Aspergillaceae;NA;NA
n1600	1600	port_py3_epang_T8_K25	08e962c7-5564-431e-ba94-03e4b66d7562	flagged by reference only	Species	Ilex shukunii	Ilex x wandoensis	0.817					Plantae;Tracheophyta;NA;Aquifoliales;Aquifoliaceae;Ilex;Ilex shukunii
n1600	1600	port_py3_epang_T8_K25	31c06ff3-de55-4289-9b11-6c7472f286c1	flagged by reference only	Genus	Eudorina	Pandorina	0.999					Plantae;Chlorophyta;NA;Chlamydomonadales;Volvocaceae;Eudorina;Eudorina elegans
n1600	1600	port_py3_epang_T8_K25	3b26eed0-91da-4ce6-84a3-306e73e92626	flagged by reference only	Species	Actinidia fulvicoma	NA	0.609					Plantae;Tracheophyta;NA;Ericales;Actinidiaceae;Actinidia;Actinidia fulvicoma
n1600	1600	port_py3_epang_T8_K25	3b7aa83b-3f3f-4572-8abf-a132fc2a19a0	flagged by reference only	Species	Actinidia fulvicoma	NA	0.610					Plantae;Tracheophyta;NA;Ericales;Actinidiaceae;Actinidia;Actinidia fulvicoma
n1600	1600	port_py3_epang_T8_K25	4d7a86e3-7b98-4721-a6c1-dee1101ffd36	flagged by reference only	Genus	Pleodorina	Pandorina	0.999					Plantae;Chlorophyta;NA;Chlamydomonadales;Volvocaceae;Pleodorina
n1600	1600	port_py3_epang_T8_K25	52efdec0-6b5b-47aa-b41a-ed9b386cef41	flagged by reference only	Species	NA	Bipolaris sorokiniana	0.995					Fungi;Ascomycota;NA;Pleosporales;Pleosporaceae;Bipolaris;NA
n1600	1600	port_py3_epang_T8_K25	5c4c7b4d-3a48-41e6-aa23-16fd38952d2b	flagged by reference only	Phylum	Ascomycota	NA	0.925					Fungi;Ascomycota;NA;Eurotiales;Aspergillaceae;Aspergillus;NA
n1600	1600	port_py3_epang_T8_K25	a8d5dc7a-a5a7-45ff-a07e-135218f0dee8	flagged by reference only	Species	Primula auriculata	NA	0.601					Plantae;Tracheophyta;NA;Ericales;Primulaceae;Primula;Primula auriculata
n1600	1600	port_py3_epang_T8_K25	e4c13d92-788b-4c82-9a0f-82c0dde2414b	flagged by reference only	Kingdom	Fungi	Plantae	0.547					Fungi;Basidiomycota;NA
n1600	1600	port_py3_epang_T8_K25	e62ae28c-9b37-49e0-b1ef-9e0dc3e2b638	flagged by reference only	Species	Ilex shukunii	Ilex x wandoensis	0.817					Plantae;Tracheophyta;NA;Aquifoliales;Aquifoliaceae;Ilex;Ilex shukunii
n1600	1600	port_py3_epang_T8_K25	f254f880-e1cb-467c-a691-df7862b2a753	flagged by reference only	Species	Ilex tetramera	Ilex x wandoensis	0.817					Plantae;Tracheophyta;NA;Aquifoliales;Aquifoliaceae;Ilex;Ilex tetramera
n1600	1600	port_py3_epang_T8_K25	0e209b54-1496-4e43-988c-b37cb86c6b5f	flagged by test only					Species	NA	Eudorina elegans	0.500	Plantae;Chlorophyta;NA;Chlamydomonadales;Volvocaceae;Eudorina;NA
n1600	1600	port_py3_epang_T8_K25	160139ab-9283-4d59-a53b-e68ae6d80432	flagged by test only					Order	Trebouxiales	Microthamniales	0.947	Plantae;Chlorophyta;NA;Trebouxiales;Trebouxiaceae;Trebouxia;NA
n1600	1600	port_py3_epang_T8_K25	16afa515-d9e3-4abb-931d-218f28c58611	flagged by test only					Species	NA	Nymphaea elegans	0.505	Plantae;Tracheophyta;NA;Nymphaeales;Nymphaeaceae;Nymphaea;NA
n1600	1600	port_py3_epang_T8_K25	27f8dfdc-b631-471d-85f4-e6431a95d1a2	flagged by test only					Species	Primula farinosa	Primula pinnata	0.510	Plantae;Tracheophyta;NA;Ericales;Primulaceae;Primula;Primula farinosa
n1600	1600	port_py3_epang_T8_K25	3bc999e5-2232-4b3a-acfc-6161b2e6504c	flagged by test only					Species	Primula farinosa	Primula pinnata	0.510	Plantae;Tracheophyta;NA;Ericales;Primulaceae;Primula;Primula farinosa
n1600	1600	port_py3_epang_T8_K25	554d4ef6-80da-41c4-b2d3-741422082908	flagged by test only					Species	NA	Scorzonera meyeri	0.510	Plantae;Tracheophyta;NA;Asterales;Asteraceae;Scorzonera;NA
n1600	1600	port_py3_epang_T8_K25	636c97f1-bcaa-4c93-af63-10a9e3db0752	flagged by test only					Species	Primula beesiana	Primula chungensis	0.739	Plantae;Tracheophyta;NA;Ericales;Primulaceae;Primula;Primula beesiana
n1600	1600	port_py3_epang_T8_K25	681d305d-8dee-4c2f-8d55-96a7b28cb745	flagged by test only					Species	NA	Bouteloua curtipendula	0.548	Plantae;Tracheophyta;NA;Poales;Poaceae;Bouteloua;NA
n1600	1600	port_py3_epang_T8_K25	6ffdd279-3346-42d5-9bac-5d8ec04b6171	flagged by test only					Species	NA	Eudorina elegans	0.510	Plantae;Chlorophyta;NA;Chlamydomonadales;Volvocaceae;Eudorina;NA
n1600	1600	port_py3_epang_T8_K25	718a9b63-81a8-4ca8-99dc-42e9dac2bcf2	flagged by test only					Species	Primula egaliksensis	NA	0.657	Plantae;Tracheophyta;NA;Ericales;Primulaceae;Primula;Primula egaliksensis
n1600	1600	port_py3_epang_T8_K25	8cd0e442-47b3-49ee-bd90-4884f9affaba	flagged by test only					Species	NA	Nymphaea odorata	0.510	Plantae;Tracheophyta;NA;Nymphaeales;Nymphaeaceae;Nymphaea;NA
n1600	1600	port_py3_epang_T8_K25	8f894320-cbf1-4716-a628-56c4eb8aa47c	flagged by test only					Species	Bipolaris sorokiniana	NA	0.964	Fungi;Ascomycota;NA;Pleosporales;Pleosporaceae;Bipolaris;Bipolaris sorokiniana
n1600	1600	port_py3_epang_T8_K25	a978ee1b-d8d2-49a6-a534-b823abf82774	flagged by test only					Phylum	NA	Ascomycota	0.703	Fungi;NA;NA;NA;NA;NA;NA
n1600	1600	port_py3_epang_T8_K25	ac695606-d6b6-48f2-b090-f303df32f3af	flagged by test only					Order	Trebouxiales	Microthamniales	0.997	Plantae;Chlorophyta;NA;Trebouxiales;Trebouxiaceae;Trebouxia;NA
n1600	1600	port_py3_epang_T8_K25	ad800fc3-d641-4d7a-9c13-807cca9b0caa	flagged by test only					Genus	Gelasia	Epilasia	0.507	Plantae;Tracheophyta;NA;Asterales;Asteraceae;Gelasia;Gelasia aucheriana
n1600	1600	port_py3_epang_T8_K25	b6d8728e-79f1-4161-a00d-e44d0d55b6f9	flagged by test only					Species	Scorzonera laciniata	Scorzonera cana	0.499	Plantae;Tracheophyta;NA;Asterales;Asteraceae;Scorzonera;Scorzonera laciniata
n1600	1600	port_py3_epang_T8_K25	f6a20e51-3b38-46c4-9b35-cda4706b148a	flagged by test only					Species	NA	Nymphaea odorata	0.510	Plantae;Tracheophyta;NA;Nymphaeales;Nymphaeaceae;Nymphaea;NA
n1600	1600	port_py3_epang_T8_K50	13696475-39a1-416d-8d98-0b7160c3e7e5	rank differs	Kingdom	Fungi	Plantae	0.686	Phylum	NA	Basidiomycota	0.450	Fungi;NA;NA;NA;NA;NA;NA
n1600	1600	port_py3_epang_T8_K50	199ec4f6-40e0-4a07-8c8e-95ba7ca0f54f	same rank, other proposal	Genus	Pleodorina	Pandorina	0.457	Genus	Pleodorina	Eudorina	0.510	Plantae;Chlorophyta;NA;Chlamydomonadales;Volvocaceae;Pleodorina
n1600	1600	port_py3_epang_T8_K50	1d4d10d6-6506-43a4-82d2-7646e2e6bf04	rank differs	Family	NA	Trebouxiaceae	0.981	Order	Trebouxiales	Microthamniales	0.943	Plantae;Chlorophyta;NA;Trebouxiales;NA;Asterochloris;NA
n1600	1600	port_py3_epang_T8_K50	4fdc2d5c-fe5d-4273-908e-6785b6f69cb7	rank differs	Phylum	Ascomycota	NA	0.925	Family	NA	Aspergillaceae	0.443	Fungi;Ascomycota;NA;Eurotiales;NA;NA;NA
n1600	1600	port_py3_epang_T8_K50	9c27cf65-ba28-47ed-96b7-8f6f8d99ae71	same rank, other proposal	Species	Ilex serrata	Ilex corallina	0.510	Species	Ilex serrata	__TAXCLUSTER2__Ilex metabaptista	1.000	Plantae;Tracheophyta;NA;Aquifoliales;Aquifoliaceae;Ilex;Ilex serrata
n1600	1600	port_py3_epang_T8_K50	0020f170-0a39-4efa-92a7-cf1f72b2ed7b	flagged by reference only	Genus	NA	Aspergillus	0.525					Fungi;Ascomycota;NA;Eurotiales;Aspergillaceae;NA;NA
n1600	1600	port_py3_epang_T8_K50	08e962c7-5564-431e-ba94-03e4b66d7562	flagged by reference only	Species	Ilex shukunii	Ilex x wandoensis	0.817					Plantae;Tracheophyta;NA;Aquifoliales;Aquifoliaceae;Ilex;Ilex shukunii
n1600	1600	port_py3_epang_T8_K50	31c06ff3-de55-4289-9b11-6c7472f286c1	flagged by reference only	Genus	Eudorina	Pandorina	0.999					Plantae;Chlorophyta;NA;Chlamydomonadales;Volvocaceae;Eudorina;Eudorina elegans
n1600	1600	port_py3_epang_T8_K50	3b26eed0-91da-4ce6-84a3-306e73e92626	flagged by reference only	Species	Actinidia fulvicoma	NA	0.609					Plantae;Tracheophyta;NA;Ericales;Actinidiaceae;Actinidia;Actinidia fulvicoma
n1600	1600	port_py3_epang_T8_K50	3b7aa83b-3f3f-4572-8abf-a132fc2a19a0	flagged by reference only	Species	Actinidia fulvicoma	NA	0.610					Plantae;Tracheophyta;NA;Ericales;Actinidiaceae;Actinidia;Actinidia fulvicoma
n1600	1600	port_py3_epang_T8_K50	4d7a86e3-7b98-4721-a6c1-dee1101ffd36	flagged by reference only	Genus	Pleodorina	Pandorina	0.999					Plantae;Chlorophyta;NA;Chlamydomonadales;Volvocaceae;Pleodorina
n1600	1600	port_py3_epang_T8_K50	52efdec0-6b5b-47aa-b41a-ed9b386cef41	flagged by reference only	Species	NA	Bipolaris sorokiniana	0.995					Fungi;Ascomycota;NA;Pleosporales;Pleosporaceae;Bipolaris;NA
n1600	1600	port_py3_epang_T8_K50	5c4c7b4d-3a48-41e6-aa23-16fd38952d2b	flagged by reference only	Phylum	Ascomycota	NA	0.925					Fungi;Ascomycota;NA;Eurotiales;Aspergillaceae;Aspergillus;NA
n1600	1600	port_py3_epang_T8_K50	a8d5dc7a-a5a7-45ff-a07e-135218f0dee8	flagged by reference only	Species	Primula auriculata	NA	0.601					Plantae;Tracheophyta;NA;Ericales;Primulaceae;Primula;Primula auriculata
n1600	1600	port_py3_epang_T8_K50	e4c13d92-788b-4c82-9a0f-82c0dde2414b	flagged by reference only	Kingdom	Fungi	Plantae	0.547					Fungi;Basidiomycota;NA
n1600	1600	port_py3_epang_T8_K50	e62ae28c-9b37-49e0-b1ef-9e0dc3e2b638	flagged by reference only	Species	Ilex shukunii	Ilex x wandoensis	0.817					Plantae;Tracheophyta;NA;Aquifoliales;Aquifoliaceae;Ilex;Ilex shukunii
n1600	1600	port_py3_epang_T8_K50	f254f880-e1cb-467c-a691-df7862b2a753	flagged by reference only	Species	Ilex tetramera	Ilex x wandoensis	0.817					Plantae;Tracheophyta;NA;Aquifoliales;Aquifoliaceae;Ilex;Ilex tetramera
n1600	1600	port_py3_epang_T8_K50	0e209b54-1496-4e43-988c-b37cb86c6b5f	flagged by test only					Species	NA	Eudorina elegans	0.500	Plantae;Chlorophyta;NA;Chlamydomonadales;Volvocaceae;Eudorina;NA
n1600	1600	port_py3_epang_T8_K50	160139ab-9283-4d59-a53b-e68ae6d80432	flagged by test only					Order	Trebouxiales	Microthamniales	0.942	Plantae;Chlorophyta;NA;Trebouxiales;Trebouxiaceae;Trebouxia;NA
n1600	1600	port_py3_epang_T8_K50	16afa515-d9e3-4abb-931d-218f28c58611	flagged by test only					Species	NA	Nymphaea elegans	0.505	Plantae;Tracheophyta;NA;Nymphaeales;Nymphaeaceae;Nymphaea;NA
n1600	1600	port_py3_epang_T8_K50	27f8dfdc-b631-471d-85f4-e6431a95d1a2	flagged by test only					Species	Primula farinosa	Primula pinnata	0.510	Plantae;Tracheophyta;NA;Ericales;Primulaceae;Primula;Primula farinosa
n1600	1600	port_py3_epang_T8_K50	3bc999e5-2232-4b3a-acfc-6161b2e6504c	flagged by test only					Species	Primula farinosa	Primula pinnata	0.510	Plantae;Tracheophyta;NA;Ericales;Primulaceae;Primula;Primula farinosa
n1600	1600	port_py3_epang_T8_K50	554d4ef6-80da-41c4-b2d3-741422082908	flagged by test only					Species	NA	Scorzonera meyeri	0.510	Plantae;Tracheophyta;NA;Asterales;Asteraceae;Scorzonera;NA
n1600	1600	port_py3_epang_T8_K50	636c97f1-bcaa-4c93-af63-10a9e3db0752	flagged by test only					Species	Primula beesiana	Primula chungensis	0.739	Plantae;Tracheophyta;NA;Ericales;Primulaceae;Primula;Primula beesiana
n1600	1600	port_py3_epang_T8_K50	681d305d-8dee-4c2f-8d55-96a7b28cb745	flagged by test only					Species	NA	Bouteloua curtipendula	0.548	Plantae;Tracheophyta;NA;Poales;Poaceae;Bouteloua;NA
n1600	1600	port_py3_epang_T8_K50	6ffdd279-3346-42d5-9bac-5d8ec04b6171	flagged by test only					Species	NA	Eudorina elegans	0.510	Plantae;Chlorophyta;NA;Chlamydomonadales;Volvocaceae;Eudorina;NA
n1600	1600	port_py3_epang_T8_K50	718a9b63-81a8-4ca8-99dc-42e9dac2bcf2	flagged by test only					Species	Primula egaliksensis	NA	0.657	Plantae;Tracheophyta;NA;Ericales;Primulaceae;Primula;Primula egaliksensis
n1600	1600	port_py3_epang_T8_K50	8cd0e442-47b3-49ee-bd90-4884f9affaba	flagged by test only					Species	NA	Nymphaea odorata	0.510	Plantae;Tracheophyta;NA;Nymphaeales;Nymphaeaceae;Nymphaea;NA
n1600	1600	port_py3_epang_T8_K50	8f894320-cbf1-4716-a628-56c4eb8aa47c	flagged by test only					Species	Bipolaris sorokiniana	NA	0.964	Fungi;Ascomycota;NA;Pleosporales;Pleosporaceae;Bipolaris;Bipolaris sorokiniana
n1600	1600	port_py3_epang_T8_K50	a978ee1b-d8d2-49a6-a534-b823abf82774	flagged by test only					Phylum	NA	Ascomycota	0.703	Fungi;NA;NA;NA;NA;NA;NA
n1600	1600	port_py3_epang_T8_K50	ac695606-d6b6-48f2-b090-f303df32f3af	flagged by test only					Order	Trebouxiales	Microthamniales	0.997	Plantae;Chlorophyta;NA;Trebouxiales;Trebouxiaceae;Trebouxia;NA
n1600	1600	port_py3_epang_T8_K50	ad800fc3-d641-4d7a-9c13-807cca9b0caa	flagged by test only					Genus	Gelasia	Epilasia	0.507	Plantae;Tracheophyta;NA;Asterales;Asteraceae;Gelasia;Gelasia aucheriana
n1600	1600	port_py3_epang_T8_K50	f6a20e51-3b38-46c4-9b35-cda4706b148a	flagged by test only					Species	NA	Nymphaea odorata	0.510	Plantae;Tracheophyta;NA;Nymphaeales;Nymphaeaceae;Nymphaea;NA
n1600	1600	upstream_py2_raxml_T1	1d4d10d6-6506-43a4-82d2-7646e2e6bf04	rank differs	Family	NA	Trebouxiaceae	0.981	Order	Trebouxiales	Microthamniales	0.999	Plantae;Chlorophyta;NA;Trebouxiales;NA;Asterochloris;NA
n1600	1600	upstream_py2_raxml_T1	2ac1e7ca-7c46-416b-a510-76293fbce458	same rank, other proposal	Genus	Pseudopodospermum	Epilasia	0.506	Genus	Pseudopodospermum	Scorzonera	0.966	Plantae;Tracheophyta;NA;Asterales;Asteraceae;Pseudopodospermum;Pseudopodospermum inaequiscapum
n1600	1600	upstream_py2_raxml_T1	31c06ff3-de55-4289-9b11-6c7472f286c1	same rank, other proposal	Genus	Eudorina	Pandorina	0.999	Genus	Eudorina	Pleodorina	0.510	Plantae;Chlorophyta;NA;Chlamydomonadales;Volvocaceae;Eudorina;Eudorina elegans
n1600	1600	upstream_py2_raxml_T1	ab24a6f7-938e-4292-ba70-41a7aab91d5a	same rank, other proposal	Phylum	NA	Zoopagomycota	0.972	Phylum	NA	Basidiomycota	0.657	Fungi;NA;NA;NA;NA;NA;NA
n1600	1600	upstream_py2_raxml_T1	0020f170-0a39-4efa-92a7-cf1f72b2ed7b	flagged by reference only	Genus	NA	Aspergillus	0.525					Fungi;Ascomycota;NA;Eurotiales;Aspergillaceae;NA;NA
n1600	1600	upstream_py2_raxml_T1	0e964ccd-fde7-498d-8720-97f064a0686f	flagged by reference only	Species	Bipolaris sorokiniana	NA	0.999					Fungi;Ascomycota;NA;Pleosporales;Pleosporaceae;Bipolaris;Bipolaris sorokiniana
n1600	1600	upstream_py2_raxml_T1	199ec4f6-40e0-4a07-8c8e-95ba7ca0f54f	flagged by reference only	Genus	Pleodorina	Pandorina	0.457					Plantae;Chlorophyta;NA;Chlamydomonadales;Volvocaceae;Pleodorina
n1600	1600	upstream_py2_raxml_T1	298983ad-4160-4cdd-be94-1377c18ed9e0	flagged by reference only	Genus	Pleodorina	Pandorina	0.998					Plantae;Chlorophyta;NA;Chlamydomonadales;Volvocaceae;Pleodorina
n1600	1600	upstream_py2_raxml_T1	3e2926e5-ee59-43eb-917e-28902cce4097	flagged by reference only	Species	Bipolaris sorokiniana	NA	0.999					Fungi;Ascomycota;NA;Pleosporales;Pleosporaceae;Bipolaris;Bipolaris sorokiniana
n1600	1600	upstream_py2_raxml_T1	404e7103-8058-4180-953d-855ecafd7298	flagged by reference only	Species	NA	Bipolaris sorokiniana	0.644					Fungi;Ascomycota;NA;Pleosporales;Pleosporaceae;Bipolaris;NA
n1600	1600	upstream_py2_raxml_T1	47c27189-c720-45d4-82ae-1156544c899c	flagged by reference only	Order	Caryophyllales	Aquifoliales	0.603					Plantae;Tracheophyta;NA;Caryophyllales;Caryophyllaceae;Saponaria
n1600	1600	upstream_py2_raxml_T1	483fb91b-bd29-4d0b-a185-eca82eb41336	flagged by reference only	Species	NA	Bipolaris sorokiniana	0.644					Fungi;Ascomycota;NA;Pleosporales;Pleosporaceae;Bipolaris;NA
n1600	1600	upstream_py2_raxml_T1	4d7a86e3-7b98-4721-a6c1-dee1101ffd36	flagged by reference only	Genus	Pleodorina	Pandorina	0.999					Plantae;Chlorophyta;NA;Chlamydomonadales;Volvocaceae;Pleodorina
n1600	1600	upstream_py2_raxml_T1	4fdc2d5c-fe5d-4273-908e-6785b6f69cb7	flagged by reference only	Phylum	Ascomycota	NA	0.925					Fungi;Ascomycota;NA;Eurotiales;NA;NA;NA
n1600	1600	upstream_py2_raxml_T1	53584a46-159d-4857-86fb-41e26873c3bb	flagged by reference only	Order	Asterales	Aquifoliales	0.987					Plantae;Tracheophyta;NA;Asterales;Asteraceae;Koelpinia;Koelpinia linearis
n1600	1600	upstream_py2_raxml_T1	5c4c7b4d-3a48-41e6-aa23-16fd38952d2b	flagged by reference only	Phylum	Ascomycota	NA	0.925					Fungi;Ascomycota;NA;Eurotiales;Aspergillaceae;Aspergillus;NA
n1600	1600	upstream_py2_raxml_T1	5e97f9e4-c103-4f91-9d72-e3e667863ac7	flagged by reference only	Species	Bipolaris sorokiniana	NA	0.999					Fungi;Ascomycota;NA;Pleosporales;Pleosporaceae;Bipolaris;Bipolaris sorokiniana
n1600	1600	upstream_py2_raxml_T1	6415ffdb-8392-4bf2-a393-ba4919a7ab85	flagged by reference only	Species	Bipolaris sorokiniana	NA	0.916					Fungi;Ascomycota;NA;Pleosporales;Pleosporaceae;Bipolaris;Bipolaris sorokiniana
n1600	1600	upstream_py2_raxml_T1	6f3af62e-0e58-4ec1-984d-a5d0076fa9d7	flagged by reference only	Species	Bipolaris sorokiniana	NA	0.999					Fungi;Ascomycota;NA;Pleosporales;Pleosporaceae;Bipolaris;Bipolaris sorokiniana
n1600	1600	upstream_py2_raxml_T1	817344f0-1ac1-4dcb-9437-10d50e54cf17	flagged by reference only	Species	Ilex chinensis	Ilex x wandoensis	0.507					Plantae;Tracheophyta;NA;Aquifoliales;Aquifoliaceae;Ilex;Ilex chinensis
n1600	1600	upstream_py2_raxml_T1	830f49d6-6c13-4de6-b940-2e4652256c39	flagged by reference only	Species	NA	Primula pinnata	0.499					Plantae;Tracheophyta;NA;Ericales;Primulaceae;Primula;NA
n1600	1600	upstream_py2_raxml_T1	9cdd2af2-af9d-40cb-b9e8-5e08438244dc	flagged by reference only	Species	Aspergillus penicillioides	NA	0.998					Fungi;Ascomycota;NA;Eurotiales;Aspergillaceae;Aspergillus;Aspergillus penicillioides
n1600	1600	upstream_py2_raxml_T1	9f990496-9439-40ae-9913-d829e3bdf66e	flagged by reference only	Species	NA	Bipolaris sorokiniana	0.817					Fungi;Ascomycota;NA;Pleosporales;Pleosporaceae;Bipolaris;NA
n1600	1600	upstream_py2_raxml_T1	a61640a0-e847-46a0-b454-0914c1b0c24c	flagged by reference only	Species	Aspergillus penicillioides	NA	0.998					Fungi;Ascomycota;NA;Eurotiales;Aspergillaceae;Aspergillus;Aspergillus penicillioides
n1600	1600	upstream_py2_raxml_T1	a8d5dc7a-a5a7-45ff-a07e-135218f0dee8	flagged by reference only	Species	Primula auriculata	NA	0.601					Plantae;Tracheophyta;NA;Ericales;Primulaceae;Primula;Primula auriculata
n1600	1600	upstream_py2_raxml_T1	b29d692a-48ad-43f9-a95b-1ab58ec3d9e4	flagged by reference only	Phylum	Basidiomycota	Ascomycota	0.591					Fungi;Basidiomycota;NA;NA;NA;NA;NA
n1600	1600	upstream_py2_raxml_T1	ea8b7927-4563-4152-97fa-2a1a4fae3e44	flagged by reference only	Phylum	NA	Ascomycota	0.823					Fungi;NA;NA;NA;NA;NA;NA
n1600	1600	upstream_py2_raxml_T1	03893063-f809-4a1d-9efd-cb1225d6fe3a	flagged by test only					Species	NA	Bipolaris sorokiniana	0.991	Fungi;Ascomycota;NA;Pleosporales;Pleosporaceae;Bipolaris;NA
n1600	1600	upstream_py2_raxml_T1	0e209b54-1496-4e43-988c-b37cb86c6b5f	flagged by test only					Genus	Eudorina	Pleodorina	0.510	Plantae;Chlorophyta;NA;Chlamydomonadales;Volvocaceae;Eudorina;NA
n1600	1600	upstream_py2_raxml_T1	160139ab-9283-4d59-a53b-e68ae6d80432	flagged by test only					Order	Trebouxiales	Microthamniales	0.999	Plantae;Chlorophyta;NA;Trebouxiales;Trebouxiaceae;Trebouxia;NA
n1600	1600	upstream_py2_raxml_T1	16afa515-d9e3-4abb-931d-218f28c58611	flagged by test only					Species	NA	Nymphaea elegans	0.506	Plantae;Tracheophyta;NA;Nymphaeales;Nymphaeaceae;Nymphaea;NA
n1600	1600	upstream_py2_raxml_T1	1797038b-241a-42ad-912f-d2cefaf9eef1	flagged by test only					Species	NA	Bipolaris sorokiniana	0.991	Fungi;Ascomycota;NA;Pleosporales;Pleosporaceae;Bipolaris;NA
n1600	1600	upstream_py2_raxml_T1	213d54dc-8854-4a90-8f4f-07f869863c55	flagged by test only					Species	Bipolaris sorokiniana	NA	0.580	Fungi;Ascomycota;NA;Pleosporales;Pleosporaceae;Bipolaris;Bipolaris sorokiniana
n1600	1600	upstream_py2_raxml_T1	21b5a2ec-7f56-46a8-847f-2e2d08db3baa	flagged by test only					Species	Ilex khasiana	Ilex venulosa	0.505	Plantae;Tracheophyta;NA;Aquifoliales;Aquifoliaceae;Ilex;Ilex khasiana
n1600	1600	upstream_py2_raxml_T1	27bebef7-7e98-40cd-a440-d58c14304803	flagged by test only					Genus	Eudorina	Pleodorina	0.508	Plantae;Chlorophyta;NA;Chlamydomonadales;Volvocaceae;Eudorina;Eudorina elegans
n1600	1600	upstream_py2_raxml_T1	2fb594fe-4505-4e08-912a-67344e9f59a5	flagged by test only					Genus	Pseudopodospermum	Scorzonera	0.848	Plantae;Tracheophyta;NA;Asterales;Asteraceae;Pseudopodospermum;Pseudopodospermum inaequiscapum
n1600	1600	upstream_py2_raxml_T1	31c04f75-864f-4204-8a06-62883536ff7f	flagged by test only					Species	NA	Bipolaris sorokiniana	0.991	Fungi;Ascomycota;NA;Pleosporales;Pleosporaceae;Bipolaris;NA
n1600	1600	upstream_py2_raxml_T1	3e2dacea-2292-475b-9ef7-291277682f99	flagged by test only					Species	Ilex x wandoensis	Ilex cornuta	0.697	Plantae;Tracheophyta;NA;Aquifoliales;Aquifoliaceae;Ilex;Ilex x wandoensis
n1600	1600	upstream_py2_raxml_T1	452f6a8a-c1a5-4fa6-883a-54b6d712f01b	flagged by test only					Species	Primula poissonii	Primula anisodora	0.510	Plantae;Tracheophyta;NA;Ericales;Primulaceae;Primula;Primula poissonii
n1600	1600	upstream_py2_raxml_T1	48a5a2d0-567b-4372-ba38-2801b371fe37	flagged by test only					Species	Bipolaris sorokiniana	NA	0.600	Fungi;Ascomycota;NA;Pleosporales;Pleosporaceae;Bipolaris;Bipolaris sorokiniana
n1600	1600	upstream_py2_raxml_T1	4ec3fcce-70a5-47b2-855c-755122280628	flagged by test only					Species	NA	Bipolaris sorokiniana	0.991	Fungi;Ascomycota;NA;Pleosporales;Pleosporaceae;Bipolaris;NA
n1600	1600	upstream_py2_raxml_T1	509da335-1af6-4fe4-98aa-06d6802e967c	flagged by test only					Species	NA	Bipolaris sorokiniana	0.991	Fungi;Ascomycota;NA;Pleosporales;Pleosporaceae;Bipolaris;NA
n1600	1600	upstream_py2_raxml_T1	554d4ef6-80da-41c4-b2d3-741422082908	flagged by test only					Species	NA	Scorzonera meyeri	0.510	Plantae;Tracheophyta;NA;Asterales;Asteraceae;Scorzonera;NA
n1600	1600	upstream_py2_raxml_T1	5f4d91d9-4e96-4865-ad9a-9440564e36b4	flagged by test only					Species	Ilex maximowicziana	Ilex cornuta	0.792	Plantae;Tracheophyta;NA;Aquifoliales;Aquifoliaceae;Ilex;Ilex maximowicziana
n1600	1600	upstream_py2_raxml_T1	6ffdd279-3346-42d5-9bac-5d8ec04b6171	flagged by test only					Genus	Eudorina	Pleodorina	0.510	Plantae;Chlorophyta;NA;Chlamydomonadales;Volvocaceae;Eudorina;NA
n1600	1600	upstream_py2_raxml_T1	73fcef80-a3b4-4d94-8691-78a28afab85b	flagged by test only					Species	NA	Aspergillus penicillioides	0.832	Fungi;Ascomycota;NA;Eurotiales;Aspergillaceae;Aspergillus;NA
n1600	1600	upstream_py2_raxml_T1	81de728d-4ef9-4984-b67b-daa088bf0e2b	flagged by test only					Genus	Eudorina	Pleodorina	0.510	Plantae;Chlorophyta;NA;Chlamydomonadales;Volvocaceae;Eudorina;Eudorina elegans
n1600	1600	upstream_py2_raxml_T1	8bc74e33-8821-417c-a0ff-ecf1894f1d3b	flagged by test only					Species	Bipolaris sorokiniana	NA	0.563	Fungi;Ascomycota;NA;Pleosporales;Pleosporaceae;Bipolaris;Bipolaris sorokiniana
n1600	1600	upstream_py2_raxml_T1	9521390a-e518-467e-85e3-09de9cc016c0	flagged by test only					Species	NA	Bipolaris sorokiniana	0.991	Fungi;Ascomycota;NA;Pleosporales;Pleosporaceae;Bipolaris;NA
n1600	1600	upstream_py2_raxml_T1	9d4b22f7-024c-4524-8036-5220a2b665f4	flagged by test only					Phylum	Chlorophyta	Rhodophyta	0.980	Plantae;Chlorophyta;NA;Chlamydomonadales;Chlamydomonadaceae;Chlamydomonas
n1600	1600	upstream_py2_raxml_T1	a3c55874-dd8d-4eeb-9837-0ccd7cc2be4b	flagged by test only					Species	Russula fellea	Russula pascua	0.412	Fungi;Basidiomycota;NA;Russulales;Russulaceae;Russula;Russula fellea
n1600	1600	upstream_py2_raxml_T1	a978ee1b-d8d2-49a6-a534-b823abf82774	flagged by test only					Phylum	NA	Ascomycota	0.706	Fungi;NA;NA;NA;NA;NA;NA
n1600	1600	upstream_py2_raxml_T1	ac695606-d6b6-48f2-b090-f303df32f3af	flagged by test only					Order	Trebouxiales	Microthamniales	0.965	Plantae;Chlorophyta;NA;Trebouxiales;Trebouxiaceae;Trebouxia;NA
n1600	1600	upstream_py2_raxml_T1	ad800fc3-d641-4d7a-9c13-807cca9b0caa	flagged by test only					Genus	Gelasia	Scorzonera	0.974	Plantae;Tracheophyta;NA;Asterales;Asteraceae;Gelasia;Gelasia aucheriana
n1600	1600	upstream_py2_raxml_T1	af3e749e-a63c-4a16-ad88-1bafe9f05b9b	flagged by test only					Species	Ilex x wandoensis	Ilex cornuta	0.722	Plantae;Tracheophyta;NA;Aquifoliales;Aquifoliaceae;Ilex;Ilex x wandoensis
n1600	1600	upstream_py2_raxml_T1	b2281e8e-06bd-47f3-bf79-42ce4dc1e319	flagged by test only					Species	NA	Bipolaris sorokiniana	0.970	Fungi;Ascomycota;NA;Pleosporales;Pleosporaceae;Bipolaris;NA
n1600	1600	upstream_py2_raxml_T1	b2ed61c7-99ea-4b4c-b254-ed6f8bc6e952	flagged by test only					Species	NA	Aspergillus penicillioides	0.832	Fungi;Ascomycota;NA;Eurotiales;Aspergillaceae;Aspergillus;NA
n1600	1600	upstream_py2_raxml_T1	b367159d-30ca-40d3-8156-81ce38e6292f	flagged by test only					Species	NA	Aspergillus penicillioides	0.832	Fungi;Ascomycota;NA;Eurotiales;Aspergillaceae;Aspergillus;NA
n1600	1600	upstream_py2_raxml_T1	bce9d849-b3d3-4a78-b1eb-bdd65c205677	flagged by test only					Species	NA	Aspergillus penicillioides	0.832	Fungi;Ascomycota;NA;Eurotiales;Aspergillaceae;Aspergillus;NA
n1600	1600	upstream_py2_raxml_T1	d143af2a-e484-411a-a395-440771858a12	flagged by test only					Species	Ilex x wandoensis	Ilex cornuta	0.793	Plantae;Tracheophyta;NA;Aquifoliales;Aquifoliaceae;Ilex;Ilex x wandoensis
n1600	1600	upstream_py2_raxml_T1	d7a16b4d-799c-41d8-8ee5-9ae50c717738	flagged by test only					Species	Bipolaris sorokiniana	NA	0.600	Fungi;Ascomycota;NA;Pleosporales;Pleosporaceae;Bipolaris;Bipolaris sorokiniana
n1600	1600	upstream_py2_raxml_T1	f6a20e51-3b38-46c4-9b35-cda4706b148a	flagged by test only					Species	NA	Nymphaea odorata	0.504	Plantae;Tracheophyta;NA;Nymphaeales;Nymphaeaceae;Nymphaea;NA
n1600	1600	upstream_py3_raxml_T1	1d4d10d6-6506-43a4-82d2-7646e2e6bf04	rank differs	Family	NA	Trebouxiaceae	0.981	Order	Trebouxiales	Microthamniales	0.955	Plantae;Chlorophyta;NA;Trebouxiales;NA;Asterochloris;NA
n1600	1600	upstream_py3_raxml_T1	3f6abd7f-f0d5-443f-a389-a6eee27f6f9c	same rank, other proposal	Species	Primula kialensis	NA	0.898	Species	Primula kialensis	Primula auriculata	0.468	Plantae;Tracheophyta;NA;Ericales;Primulaceae;Primula;Primula kialensis
n1600	1600	upstream_py3_raxml_T1	2cc256c7-18cb-4dd1-8b09-096b820a1840	flagged by reference only	Species	Asterochloris woessiae	NA	0.622					Plantae;Chlorophyta;NA;Microthamniales;NA;Asterochloris;Asterochloris woessiae
n1600	1600	upstream_py3_raxml_T1	31212b33-3e7c-4c3e-9969-3a48d0dd117c	flagged by reference only	Species	Asterochloris italiana	NA	0.855					Plantae;Chlorophyta;NA;Microthamniales;NA;Asterochloris;Asterochloris italiana
n1600	1600	upstream_py3_raxml_T1	694e048c-07c0-43fa-b3f5-d78b6589e09d	flagged by reference only	Species	Asterochloris italiana	NA	0.855					Plantae;Chlorophyta;NA;Microthamniales;NA;Asterochloris;Asterochloris italiana
n1600	1600	upstream_py3_raxml_T1	71c310db-eb55-434c-bea7-72844bf111a4	flagged by reference only	Species	Ilex macrocarpa	Ilex micrococca	0.520					Plantae;Tracheophyta;NA;Aquifoliales;Aquifoliaceae;Ilex;Ilex macrocarpa
n1600	1600	upstream_py3_raxml_T1	92aedd84-5868-4824-8d94-223e55be976e	flagged by reference only	Order	Trebouxiales	Microthamniales	0.749					Plantae;Chlorophyta;NA;Trebouxiales;Trebouxiaceae;Trebouxia;NA
n1600	1600	upstream_py3_raxml_T1	a8d5dc7a-a5a7-45ff-a07e-135218f0dee8	flagged by reference only	Species	Primula auriculata	NA	0.601					Plantae;Tracheophyta;NA;Ericales;Primulaceae;Primula;Primula auriculata
n1600	1600	upstream_py3_raxml_T1	160139ab-9283-4d59-a53b-e68ae6d80432	flagged by test only					Order	Trebouxiales	Microthamniales	0.955	Plantae;Chlorophyta;NA;Trebouxiales;Trebouxiaceae;Trebouxia;NA
n1600	1600	upstream_py3_raxml_T1	16afa515-d9e3-4abb-931d-218f28c58611	flagged by test only					Species	NA	Nymphaea elegans	0.506	Plantae;Tracheophyta;NA;Nymphaeales;Nymphaeaceae;Nymphaea;NA
n1600	1600	upstream_py3_raxml_T1	2fb594fe-4505-4e08-912a-67344e9f59a5	flagged by test only					Genus	Pseudopodospermum	Scorzonera	0.410	Plantae;Tracheophyta;NA;Asterales;Asteraceae;Pseudopodospermum;Pseudopodospermum inaequiscapum
n1600	1600	upstream_py3_raxml_T1	ac695606-d6b6-48f2-b090-f303df32f3af	flagged by test only					Order	Trebouxiales	Microthamniales	0.998	Plantae;Chlorophyta;NA;Trebouxiales;Trebouxiaceae;Trebouxia;NA
n1600	1600	upstream_py3_raxml_T1	f6a20e51-3b38-46c4-9b35-cda4706b148a	flagged by test only					Species	NA	Nymphaea odorata	0.507	Plantae;Tracheophyta;NA;Nymphaeales;Nymphaeaceae;Nymphaea;NA
n1600	1600	upstream_py3_raxml_T8	1d4d10d6-6506-43a4-82d2-7646e2e6bf04	rank differs	Family	NA	Trebouxiaceae	0.981	Order	Trebouxiales	Microthamniales	0.956	Plantae;Chlorophyta;NA;Trebouxiales;NA;Asterochloris;NA
n1600	1600	upstream_py3_raxml_T8	3f6abd7f-f0d5-443f-a389-a6eee27f6f9c	same rank, other proposal	Species	Primula kialensis	NA	0.898	Species	Primula kialensis	Primula auriculata	0.470	Plantae;Tracheophyta;NA;Ericales;Primulaceae;Primula;Primula kialensis
n1600	1600	upstream_py3_raxml_T8	2cc256c7-18cb-4dd1-8b09-096b820a1840	flagged by reference only	Species	Asterochloris woessiae	NA	0.622					Plantae;Chlorophyta;NA;Microthamniales;NA;Asterochloris;Asterochloris woessiae
n1600	1600	upstream_py3_raxml_T8	31212b33-3e7c-4c3e-9969-3a48d0dd117c	flagged by reference only	Species	Asterochloris italiana	NA	0.855					Plantae;Chlorophyta;NA;Microthamniales;NA;Asterochloris;Asterochloris italiana
n1600	1600	upstream_py3_raxml_T8	694e048c-07c0-43fa-b3f5-d78b6589e09d	flagged by reference only	Species	Asterochloris italiana	NA	0.855					Plantae;Chlorophyta;NA;Microthamniales;NA;Asterochloris;Asterochloris italiana
n1600	1600	upstream_py3_raxml_T8	71c310db-eb55-434c-bea7-72844bf111a4	flagged by reference only	Species	Ilex macrocarpa	Ilex micrococca	0.520					Plantae;Tracheophyta;NA;Aquifoliales;Aquifoliaceae;Ilex;Ilex macrocarpa
n1600	1600	upstream_py3_raxml_T8	92aedd84-5868-4824-8d94-223e55be976e	flagged by reference only	Order	Trebouxiales	Microthamniales	0.749					Plantae;Chlorophyta;NA;Trebouxiales;Trebouxiaceae;Trebouxia;NA
n1600	1600	upstream_py3_raxml_T8	a8d5dc7a-a5a7-45ff-a07e-135218f0dee8	flagged by reference only	Species	Primula auriculata	NA	0.601					Plantae;Tracheophyta;NA;Ericales;Primulaceae;Primula;Primula auriculata
n1600	1600	upstream_py3_raxml_T8	160139ab-9283-4d59-a53b-e68ae6d80432	flagged by test only					Order	Trebouxiales	Microthamniales	0.956	Plantae;Chlorophyta;NA;Trebouxiales;Trebouxiaceae;Trebouxia;NA
n1600	1600	upstream_py3_raxml_T8	16afa515-d9e3-4abb-931d-218f28c58611	flagged by test only					Species	NA	Nymphaea elegans	0.506	Plantae;Tracheophyta;NA;Nymphaeales;Nymphaeaceae;Nymphaea;NA
n1600	1600	upstream_py3_raxml_T8	2fb594fe-4505-4e08-912a-67344e9f59a5	flagged by test only					Genus	Pseudopodospermum	Scorzonera	0.414	Plantae;Tracheophyta;NA;Asterales;Asteraceae;Pseudopodospermum;Pseudopodospermum inaequiscapum
n1600	1600	upstream_py3_raxml_T8	8f894320-cbf1-4716-a628-56c4eb8aa47c	flagged by test only					Species	Bipolaris sorokiniana	NA	0.939	Fungi;Ascomycota;NA;Pleosporales;Pleosporaceae;Bipolaris;Bipolaris sorokiniana
n1600	1600	upstream_py3_raxml_T8	ac695606-d6b6-48f2-b090-f303df32f3af	flagged by test only					Order	Trebouxiales	Microthamniales	0.998	Plantae;Chlorophyta;NA;Trebouxiales;Trebouxiaceae;Trebouxia;NA
n1600	1600	upstream_py3_raxml_T8	f6a20e51-3b38-46c4-9b35-cda4706b148a	flagged by test only					Species	NA	Nymphaea odorata	0.507	Plantae;Tracheophyta;NA;Nymphaeales;Nymphaeaceae;Nymphaea;NA
