dataset	n_seqs	condition	seq_id	kind	reference_rank	reference_original	reference_proposed	reference_conf	test_rank	test_original	test_proposed	test_conf	taxonomy
n100	100	port_py3_epang_T1	1843d5a8-d171-4269-bab8-3b107f9fe3f7	rank differs	Phylum	Tracheophyta	Chlorophyta	0.763	Order	Aquifoliales	Poales	0.951	Plantae;Tracheophyta;NA;Aquifoliales;Aquifoliaceae;Ilex
n100	100	port_py3_epang_T16	1843d5a8-d171-4269-bab8-3b107f9fe3f7	rank differs	Phylum	Tracheophyta	Chlorophyta	0.763	Order	Aquifoliales	Poales	0.951	Plantae;Tracheophyta;NA;Aquifoliales;Aquifoliaceae;Ilex
n100	100	port_py3_epang_T2	1843d5a8-d171-4269-bab8-3b107f9fe3f7	rank differs	Phylum	Tracheophyta	Chlorophyta	0.763	Order	Aquifoliales	Poales	0.951	Plantae;Tracheophyta;NA;Aquifoliales;Aquifoliaceae;Ilex
n100	100	port_py3_epang_T4	1843d5a8-d171-4269-bab8-3b107f9fe3f7	rank differs	Phylum	Tracheophyta	Chlorophyta	0.763	Order	Aquifoliales	Poales	0.951	Plantae;Tracheophyta;NA;Aquifoliales;Aquifoliaceae;Ilex
n100	100	port_py3_epang_T8	1843d5a8-d171-4269-bab8-3b107f9fe3f7	rank differs	Phylum	Tracheophyta	Chlorophyta	0.763	Order	Aquifoliales	Poales	0.951	Plantae;Tracheophyta;NA;Aquifoliales;Aquifoliaceae;Ilex
n100	100	port_py3_epang_T8_K10	1843d5a8-d171-4269-bab8-3b107f9fe3f7	rank differs	Phylum	Tracheophyta	Chlorophyta	0.763	Order	Aquifoliales	Poales	0.952	Plantae;Tracheophyta;NA;Aquifoliales;Aquifoliaceae;Ilex
n100	100	port_py3_epang_T8_K25	1843d5a8-d171-4269-bab8-3b107f9fe3f7	rank differs	Phylum	Tracheophyta	Chlorophyta	0.763	Order	Aquifoliales	Poales	0.952	Plantae;Tracheophyta;NA;Aquifoliales;Aquifoliaceae;Ilex
n100	100	port_py3_epang_T8_K50	1843d5a8-d171-4269-bab8-3b107f9fe3f7	rank differs	Phylum	Tracheophyta	Chlorophyta	0.763	Order	Aquifoliales	Poales	0.952	Plantae;Tracheophyta;NA;Aquifoliales;Aquifoliaceae;Ilex
n100	100	port_py3_epang_T8_Kexact	1843d5a8-d171-4269-bab8-3b107f9fe3f7	rank differs	Phylum	Tracheophyta	Chlorophyta	0.763	Order	Aquifoliales	Poales	0.954	Plantae;Tracheophyta;NA;Aquifoliales;Aquifoliaceae;Ilex
n100	100	upstream_py2_raxml_T1	1843d5a8-d171-4269-bab8-3b107f9fe3f7	rank differs	Phylum	Tracheophyta	Chlorophyta	0.763	Order	Aquifoliales	Poales	0.829	Plantae;Tracheophyta;NA;Aquifoliales;Aquifoliaceae;Ilex
n100	100	upstream_py2_raxml_T8	1843d5a8-d171-4269-bab8-3b107f9fe3f7	rank differs	Phylum	Tracheophyta	Chlorophyta	0.763	Order	Aquifoliales	Poales	0.829	Plantae;Tracheophyta;NA;Aquifoliales;Aquifoliaceae;Ilex
n200	200	port_py3_epang_T1	42a9c432-23cb-47a3-b43b-99f3dfa459d2	flagged by reference only	Genus	Scorzonera	Gelasia	0.510					Plantae;Tracheophyta;NA;Asterales;Asteraceae;Scorzonera
n200	200	port_py3_epang_T1	08d89977-f354-41e3-a1e1-75ef3c40b952	flagged by test only					Species	Carex adrienii	Carex arcta	0.533	Plantae;Tracheophyta;NA;Poales;Cyperaceae;Carex;Carex adrienii
n200	200	port_py3_epang_T1	30f29226-ecc3-44e2-bccb-c21733906535	flagged by test only					Kingdom	Fungi	Plantae	0.756	Fungi;Zoopagomycota;NA
n200	200	port_py3_epang_T1	381fe2c2-6601-4da5-b77f-d0742d89e4c3	flagged by test only					Genus	Scorzonera	Koelpinia	0.497	Plantae;Tracheophyta;NA;Asterales;Asteraceae;Scorzonera
n200	200	port_py3_epang_T1	483fb91b-bd29-4d0b-a185-eca82eb41336	flagged by test only					Species	NA	Bipolaris sorokiniana	0.419	Fungi;Ascomycota;NA;Pleosporales;Pleosporaceae;Bipolaris;NA
n200	200	port_py3_epang_T1	752acb34-3ecd-4f4e-ae33-10382d60c91c	flagged by test only					Kingdom	Fungi	Plantae	1.000	Fungi;Zoopagomycota;NA
n200	200	port_py3_epang_T1	a83cac52-a3f0-4c71-9759-fe7f2b6e1f34	flagged by test only					Species	Carex adrienii	Carex arcta	0.942	Plantae;Tracheophyta;NA;Poales;Cyperaceae;Carex;Carex adrienii
n200	200	port_py3_epang_T16	42a9c432-23cb-47a3-b43b-99f3dfa459d2	flagged by reference only	Genus	Scorzonera	Gelasia	0.510					Plantae;Tracheophyta;NA;Asterales;Asteraceae;Scorzonera
n200	200	port_py3_epang_T16	08d89977-f354-41e3-a1e1-75ef3c40b952	flagged by test only					Species	Carex adrienii	Carex arcta	0.533	Plantae;Tracheophyta;NA;Poales;Cyperaceae;Carex;Carex adrienii
n200	200	port_py3_epang_T16	30f29226-ecc3-44e2-bccb-c21733906535	flagged by test only					Kingdom	Fungi	Plantae	0.756	Fungi;Zoopagomycota;NA
n200	200	port_py3_epang_T16	381fe2c2-6601-4da5-b77f-d0742d89e4c3	flagged by test only					Genus	Scorzonera	Koelpinia	0.497	Plantae;Tracheophyta;NA;Asterales;Asteraceae;Scorzonera
n200	200	port_py3_epang_T16	483fb91b-bd29-4d0b-a185-eca82eb41336	flagged by test only					Species	NA	Bipolaris sorokiniana	0.419	Fungi;Ascomycota;NA;Pleosporales;Pleosporaceae;Bipolaris;NA
n200	200	port_py3_epang_T16	752acb34-3ecd-4f4e-ae33-10382d60c91c	flagged by test only					Kingdom	Fungi	Plantae	1.000	Fungi;Zoopagomycota;NA
n200	200	port_py3_epang_T16	a83cac52-a3f0-4c71-9759-fe7f2b6e1f34	flagged by test only					Species	Carex adrienii	Carex arcta	0.942	Plantae;Tracheophyta;NA;Poales;Cyperaceae;Carex;Carex adrienii
n200	200	port_py3_epang_T2	42a9c432-23cb-47a3-b43b-99f3dfa459d2	flagged by reference only	Genus	Scorzonera	Gelasia	0.510					Plantae;Tracheophyta;NA;Asterales;Asteraceae;Scorzonera
n200	200	port_py3_epang_T2	08d89977-f354-41e3-a1e1-75ef3c40b952	flagged by test only					Species	Carex adrienii	Carex arcta	0.533	Plantae;Tracheophyta;NA;Poales;Cyperaceae;Carex;Carex adrienii
n200	200	port_py3_epang_T2	30f29226-ecc3-44e2-bccb-c21733906535	flagged by test only					Kingdom	Fungi	Plantae	0.756	Fungi;Zoopagomycota;NA
n200	200	port_py3_epang_T2	381fe2c2-6601-4da5-b77f-d0742d89e4c3	flagged by test only					Genus	Scorzonera	Koelpinia	0.497	Plantae;Tracheophyta;NA;Asterales;Asteraceae;Scorzonera
n200	200	port_py3_epang_T2	483fb91b-bd29-4d0b-a185-eca82eb41336	flagged by test only					Species	NA	Bipolaris sorokiniana	0.419	Fungi;Ascomycota;NA;Pleosporales;Pleosporaceae;Bipolaris;NA
n200	200	port_py3_epang_T2	752acb34-3ecd-4f4e-ae33-10382d60c91c	flagged by test only					Kingdom	Fungi	Plantae	1.000	Fungi;Zoopagomycota;NA
n200	200	port_py3_epang_T2	a83cac52-a3f0-4c71-9759-fe7f2b6e1f34	flagged by test only					Species	Carex adrienii	Carex arcta	0.942	Plantae;Tracheophyta;NA;Poales;Cyperaceae;Carex;Carex adrienii
n200	200	port_py3_epang_T4	42a9c432-23cb-47a3-b43b-99f3dfa459d2	flagged by reference only	Genus	Scorzonera	Gelasia	0.510					Plantae;Tracheophyta;NA;Asterales;Asteraceae;Scorzonera
n200	200	port_py3_epang_T4	08d89977-f354-41e3-a1e1-75ef3c40b952	flagged by test only					Species	Carex adrienii	Carex arcta	0.533	Plantae;Tracheophyta;NA;Poales;Cyperaceae;Carex;Carex adrienii
n200	200	port_py3_epang_T4	30f29226-ecc3-44e2-bccb-c21733906535	flagged by test only					Kingdom	Fungi	Plantae	0.756	Fungi;Zoopagomycota;NA
n200	200	port_py3_epang_T4	381fe2c2-6601-4da5-b77f-d0742d89e4c3	flagged by test only					Genus	Scorzonera	Koelpinia	0.497	Plantae;Tracheophyta;NA;Asterales;Asteraceae;Scorzonera
n200	200	port_py3_epang_T4	483fb91b-bd29-4d0b-a185-eca82eb41336	flagged by test only					Species	NA	Bipolaris sorokiniana	0.419	Fungi;Ascomycota;NA;Pleosporales;Pleosporaceae;Bipolaris;NA
n200	200	port_py3_epang_T4	752acb34-3ecd-4f4e-ae33-10382d60c91c	flagged by test only					Kingdom	Fungi	Plantae	1.000	Fungi;Zoopagomycota;NA
n200	200	port_py3_epang_T4	a83cac52-a3f0-4c71-9759-fe7f2b6e1f34	flagged by test only					Species	Carex adrienii	Carex arcta	0.942	Plantae;Tracheophyta;NA;Poales;Cyperaceae;Carex;Carex adrienii
n200	200	port_py3_epang_T8	42a9c432-23cb-47a3-b43b-99f3dfa459d2	flagged by reference only	Genus	Scorzonera	Gelasia	0.510					Plantae;Tracheophyta;NA;Asterales;Asteraceae;Scorzonera
n200	200	port_py3_epang_T8	08d89977-f354-41e3-a1e1-75ef3c40b952	flagged by test only					Species	Carex adrienii	Carex arcta	0.533	Plantae;Tracheophyta;NA;Poales;Cyperaceae;Carex;Carex adrienii
n200	200	port_py3_epang_T8	30f29226-ecc3-44e2-bccb-c21733906535	flagged by test only					Kingdom	Fungi	Plantae	0.756	Fungi;Zoopagomycota;NA
n200	200	port_py3_epang_T8	381fe2c2-6601-4da5-b77f-d0742d89e4c3	flagged by test only					Genus	Scorzonera	Koelpinia	0.497	Plantae;Tracheophyta;NA;Asterales;Asteraceae;Scorzonera
n200	200	port_py3_epang_T8	483fb91b-bd29-4d0b-a185-eca82eb41336	flagged by test only					Species	NA	Bipolaris sorokiniana	0.419	Fungi;Ascomycota;NA;Pleosporales;Pleosporaceae;Bipolaris;NA
n200	200	port_py3_epang_T8	752acb34-3ecd-4f4e-ae33-10382d60c91c	flagged by test only					Kingdom	Fungi	Plantae	1.000	Fungi;Zoopagomycota;NA
n200	200	port_py3_epang_T8	a83cac52-a3f0-4c71-9759-fe7f2b6e1f34	flagged by test only					Species	Carex adrienii	Carex arcta	0.942	Plantae;Tracheophyta;NA;Poales;Cyperaceae;Carex;Carex adrienii
n200	200	port_py3_epang_T8_K10	42a9c432-23cb-47a3-b43b-99f3dfa459d2	flagged by reference only	Genus	Scorzonera	Gelasia	0.510					Plantae;Tracheophyta;NA;Asterales;Asteraceae;Scorzonera
n200	200	port_py3_epang_T8_K10	08d89977-f354-41e3-a1e1-75ef3c40b952	flagged by test only					Species	Carex adrienii	Carex arcta	0.536	Plantae;Tracheophyta;NA;Poales;Cyperaceae;Carex;Carex adrienii
n200	200	port_py3_epang_T8_K10	381fe2c2-6601-4da5-b77f-d0742d89e4c3	flagged by test only					Genus	Scorzonera	Koelpinia	0.496	Plantae;Tracheophyta;NA;Asterales;Asteraceae;Scorzonera
n200	200	port_py3_epang_T8_K10	483fb91b-bd29-4d0b-a185-eca82eb41336	flagged by test only					Species	NA	Bipolaris sorokiniana	0.419	Fungi;Ascomycota;NA;Pleosporales;Pleosporaceae;Bipolaris;NA
n200	200	port_py3_epang_T8_K10	a83cac52-a3f0-4c71-9759-fe7f2b6e1f34	flagged by test only					Species	Carex adrienii	Carex arcta	0.943	Plantae;Tracheophyta;NA;Poales;Cyperaceae;Carex;Carex adrienii
n200	200	port_py3_epang_T8_K25	1843d5a8-d171-4269-bab8-3b107f9fe3f7	rank differs	Phylum	Tracheophyta	Chlorophyta	0.723	Order	Aquifoliales	Poales	0.628	Plantae;Tracheophyta;NA;Aquifoliales;Aquifoliaceae;Ilex
n200	200	port_py3_epang_T8_K25	483fb91b-bd29-4d0b-a185-eca82eb41336	flagged by test only					Species	NA	Bipolaris sorokiniana	0.419	Fungi;Ascomycota;NA;Pleosporales;Pleosporaceae;Bipolaris;NA
n200	200	port_py3_epang_T8_K50	1843d5a8-d171-4269-bab8-3b107f9fe3f7	rank differs	Phylum	Tracheophyta	Chlorophyta	0.723	Order	Aquifoliales	Poales	0.628	Plantae;Tracheophyta;NA;Aquifoliales;Aquifoliaceae;Ilex
n200	200	port_py3_epang_T8_K50	483fb91b-bd29-4d0b-a185-eca82eb41336	flagged by test only					Species	NA	Bipolaris sorokiniana	0.419	Fungi;Ascomycota;NA;Pleosporales;Pleosporaceae;Bipolaris;NA
n200	200	port_py3_epang_T8_Kexact	1843d5a8-d171-4269-bab8-3b107f9fe3f7	rank differs	Phylum	Tracheophyta	Chlorophyta	0.723	Order	Aquifoliales	Poales	0.628	Plantae;Tracheophyta;NA;Aquifoliales;Aquifoliaceae;Ilex
n200	200	port_py3_epang_T8_Kexact	483fb91b-bd29-4d0b-a185-eca82eb41336	flagged by test only					Species	NA	Bipolaris sorokiniana	0.419	Fungi;Ascomycota;NA;Pleosporales;Pleosporaceae;Bipolaris;NA
n200	200	port_py3_epang_T8_acc999	42a9c432-23cb-47a3-b43b-99f3dfa459d2	flagged by reference only	Genus	Scorzonera	Gelasia	0.510					Plantae;Tracheophyta;NA;Asterales;Asteraceae;Scorzonera
n200	200	port_py3_epang_T8_acc999	08d89977-f354-41e3-a1e1-75ef3c40b952	flagged by test only					Species	Carex adrienii	Carex arcta	0.533	Plantae;Tracheophyta;NA;Poales;Cyperaceae;Carex;Carex adrienii
n200	200	port_py3_epang_T8_acc999	30f29226-ecc3-44e2-bccb-c21733906535	flagged by test only					Kingdom	Fungi	Plantae	0.756	Fungi;Zoopagomycota;NA
n200	200	port_py3_epang_T8_acc999	381fe2c2-6601-4da5-b77f-d0742d89e4c3	flagged by test only					Genus	Scorzonera	Koelpinia	0.497	Plantae;Tracheophyta;NA;Asterales;Asteraceae;Scorzonera
n200	200	port_py3_epang_T8_acc999	483fb91b-bd29-4d0b-a185-eca82eb41336	flagged by test only					Species	NA	Bipolaris sorokiniana	0.419	Fungi;Ascomycota;NA;Pleosporales;Pleosporaceae;Bipolaris;NA
n200	200	port_py3_epang_T8_acc999	752acb34-3ecd-4f4e-ae33-10382d60c91c	flagged by test only					Kingdom	Fungi	Plantae	1.000	Fungi;Zoopagomycota;NA
n200	200	port_py3_epang_T8_acc999	a83cac52-a3f0-4c71-9759-fe7f2b6e1f34	flagged by test only					Species	Carex adrienii	Carex arcta	0.942	Plantae;Tracheophyta;NA;Poales;Cyperaceae;Carex;Carex adrienii
n200	200	port_py3_epang_T8_blo	1843d5a8-d171-4269-bab8-3b107f9fe3f7	rank differs	Phylum	Tracheophyta	Chlorophyta	0.723	Order	Aquifoliales	Poales	0.921	Plantae;Tracheophyta;NA;Aquifoliales;Aquifoliaceae;Ilex
n200	200	port_py3_epang_T8_blo	42a9c432-23cb-47a3-b43b-99f3dfa459d2	flagged by reference only	Genus	Scorzonera	Gelasia	0.510					Plantae;Tracheophyta;NA;Asterales;Asteraceae;Scorzonera
n200	200	port_py3_epang_T8_blo	30f29226-ecc3-44e2-bccb-c21733906535	flagged by test only					Phylum	Zoopagomycota	Basidiomycota	0.942	Fungi;Zoopagomycota;NA
n200	200	port_py3_epang_T8_blo	483fb91b-bd29-4d0b-a185-eca82eb41336	flagged by test only					Species	NA	Bipolaris sorokiniana	0.417	Fungi;Ascomycota;NA;Pleosporales;Pleosporaceae;Bipolaris;NA
n200	200	port_py3_epang_T8_blo	752acb34-3ecd-4f4e-ae33-10382d60c91c	flagged by test only					Kingdom	Fungi	Plantae	1.000	Fungi;Zoopagomycota;NA
n200	200	port_py3_epang_T8_noheur	42a9c432-23cb-47a3-b43b-99f3dfa459d2	flagged by reference only	Genus	Scorzonera	Gelasia	0.510					Plantae;Tracheophyta;NA;Asterales;Asteraceae;Scorzonera
n200	200	port_py3_epang_T8_noheur	08d89977-f354-41e3-a1e1-75ef3c40b952	flagged by test only					Species	Carex adrienii	Carex arcta	0.531	Plantae;Tracheophyta;NA;Poales;Cyperaceae;Carex;Carex adrienii
n200	200	port_py3_epang_T8_noheur	30f29226-ecc3-44e2-bccb-c21733906535	flagged by test only					Kingdom	Fungi	Plantae	0.709	Fungi;Zoopagomycota;NA
n200	200	port_py3_epang_T8_noheur	381fe2c2-6601-4da5-b77f-d0742d89e4c3	flagged by test only					Genus	Scorzonera	Koelpinia	0.497	Plantae;Tracheophyta;NA;Asterales;Asteraceae;Scorzonera
n200	200	port_py3_epang_T8_noheur	752acb34-3ecd-4f4e-ae33-10382d60c91c	flagged by test only					Kingdom	Fungi	Plantae	0.925	Fungi;Zoopagomycota;NA
n200	200	port_py3_epang_T8_noheur	a83cac52-a3f0-4c71-9759-fe7f2b6e1f34	flagged by test only					Species	Carex adrienii	Carex arcta	0.942	Plantae;Tracheophyta;NA;Poales;Cyperaceae;Carex;Carex adrienii
n200	200	port_py3_epang_T8_raxmlmatch	016fe383-b099-4998-a909-45dae9f9af74	rank differs	Phylum	Chlorophyta	Tracheophyta	0.999	Kingdom	Plantae	Fungi	1.000	Plantae;Chlorophyta;NA
n200	200	port_py3_epang_T8_raxmlmatch	1843d5a8-d171-4269-bab8-3b107f9fe3f7	rank differs	Phylum	Tracheophyta	Chlorophyta	0.723	Kingdom	Plantae	Fungi	1.000	Plantae;Tracheophyta;NA;Aquifoliales;Aquifoliaceae;Ilex
n200	200	port_py3_epang_T8_raxmlmatch	ab24a6f7-938e-4292-ba70-41a7aab91d5a	same rank, other proposal	Phylum	NA	Basidiomycota	0.900	Phylum	NA	Ascomycota	1.000	Fungi;NA;NA;NA;NA;NA;NA
n200	200	upstream_py2_raxml_T1	1843d5a8-d171-4269-bab8-3b107f9fe3f7	rank differs	Phylum	Tracheophyta	Chlorophyta	0.723	Order	Aquifoliales	Poales	0.910	Plantae;Tracheophyta;NA;Aquifoliales;Aquifoliaceae;Ilex
n200	200	upstream_py2_raxml_T8	1843d5a8-d171-4269-bab8-3b107f9fe3f7	rank differs	Phylum	Tracheophyta	Chlorophyta	0.723	Order	Aquifoliales	Poales	0.910	Plantae;Tracheophyta;NA;Aquifoliales;Aquifoliaceae;Ilex
n400	400	port_py3_epang_T1	ab24a6f7-938e-4292-ba70-41a7aab91d5a	same rank, other proposal	Phylum	NA	Zoopagomycota	0.546	Phylum	NA	Basidiomycota	1.000	Fungi;NA;NA;NA;NA;NA;NA
n400	400	port_py3_epang_T1	381fe2c2-6601-4da5-b77f-d0742d89e4c3	flagged by reference only	Genus	Scorzonera	Koelpinia	0.508					Plantae;Tracheophyta;NA;Asterales;Asteraceae;Scorzonera
n400	400	port_py3_epang_T1	4e64fbdd-787d-4ecb-86a4-d3b9af400c07	flagged by reference only	Species	Bouteloua curtipendula	NA	0.510					Plantae;Tracheophyta;NA;Poales;Poaceae;Bouteloua;Bouteloua curtipendula
n400	400	port_py3_epang_T1	52ee4c25-e482-40e8-b264-0838f7555fbf	flagged by reference only	Species	NA	Asterochloris italiana	0.491					Plantae;Chlorophyta;NA;Microthamniales;NA;Asterochloris;NA
n400	400	port_py3_epang_T1	fc6604a6-b285-426a-9c5a-650da0f8e631	flagged by reference only	Species	Bouteloua curtipendula	NA	0.510					Plantae;Tracheophyta;NA;Poales;Poaceae;Bouteloua;Bouteloua curtipendula
n400	400	port_py3_epang_T1	50ebe735-0968-4662-8c3c-7fb2313c3d3a	flagged by test only					Genus	Evotrochis	Primula	1.000	Plantae;Tracheophyta;NA;Ericales;Primulaceae;Evotrochis
n400	400	port_py3_epang_T1	5a6435e7-8a80-4641-8ad1-79268b3dc7f3	flagged by test only					Genus	Evotrochis	Primula	1.000	Plantae;Tracheophyta;NA;Ericales;Primulaceae;Evotrochis
n400	400	port_py3_epang_T16	ab24a6f7-938e-4292-ba70-41a7aab91d5a	same rank, other proposal	Phylum	NA	Zoopagomycota	0.546	Phylum	NA	Basidiomycota	1.000	Fungi;NA;NA;NA;NA;NA;NA
n400	400	port_py3_epang_T16	381fe2c2-6601-4da5-b77f-d0742d89e4c3	flagged by reference only	Genus	Scorzonera	Koelpinia	0.508					Plantae;Tracheophyta;NA;Asterales;Asteraceae;Scorzonera
n400	400	port_py3_epang_T16	4e64fbdd-787d-4ecb-86a4-d3b9af400c07	flagged by reference only	Species	Bouteloua curtipendula	NA	0.510					Plantae;Tracheophyta;NA;Poales;Poaceae;Bouteloua;Bouteloua curtipendula
n400	400	port_py3_epang_T16	52ee4c25-e482-40e8-b264-0838f7555fbf	flagged by reference only	Species	NA	Asterochloris italiana	0.491					Plantae;Chlorophyta;NA;Microthamniales;NA;Asterochloris;NA
n400	400	port_py3_epang_T16	fc6604a6-b285-426a-9c5a-650da0f8e631	flagged by reference only	Species	Bouteloua curtipendula	NA	0.510					Plantae;Tracheophyta;NA;Poales;Poaceae;Bouteloua;Bouteloua curtipendula
n400	400	port_py3_epang_T16	50ebe735-0968-4662-8c3c-7fb2313c3d3a	flagged by test only					Genus	Evotrochis	Primula	1.000	Plantae;Tracheophyta;NA;Ericales;Primulaceae;Evotrochis
n400	400	port_py3_epang_T16	5a6435e7-8a80-4641-8ad1-79268b3dc7f3	flagged by test only					Genus	Evotrochis	Primula	1.000	Plantae;Tracheophyta;NA;Ericales;Primulaceae;Evotrochis
n400	400	port_py3_epang_T1_K25	ab24a6f7-938e-4292-ba70-41a7aab91d5a	same rank, other proposal	Phylum	NA	Zoopagomycota	0.546	Phylum	NA	Basidiomycota	1.000	Fungi;NA;NA;NA;NA;NA;NA
n400	400	port_py3_epang_T1_K25	381fe2c2-6601-4da5-b77f-d0742d89e4c3	flagged by reference only	Genus	Scorzonera	Koelpinia	0.508					Plantae;Tracheophyta;NA;Asterales;Asteraceae;Scorzonera
n400	400	port_py3_epang_T1_K25	4e64fbdd-787d-4ecb-86a4-d3b9af400c07	flagged by reference only	Species	Bouteloua curtipendula	NA	0.510					Plantae;Tracheophyta;NA;Poales;Poaceae;Bouteloua;Bouteloua curtipendula
n400	400	port_py3_epang_T1_K25	fc6604a6-b285-426a-9c5a-650da0f8e631	flagged by reference only	Species	Bouteloua curtipendula	NA	0.510					Plantae;Tracheophyta;NA;Poales;Poaceae;Bouteloua;Bouteloua curtipendula
n400	400	port_py3_epang_T2	ab24a6f7-938e-4292-ba70-41a7aab91d5a	same rank, other proposal	Phylum	NA	Zoopagomycota	0.546	Phylum	NA	Basidiomycota	1.000	Fungi;NA;NA;NA;NA;NA;NA
n400	400	port_py3_epang_T2	381fe2c2-6601-4da5-b77f-d0742d89e4c3	flagged by reference only	Genus	Scorzonera	Koelpinia	0.508					Plantae;Tracheophyta;NA;Asterales;Asteraceae;Scorzonera
n400	400	port_py3_epang_T2	4e64fbdd-787d-4ecb-86a4-d3b9af400c07	flagged by reference only	Species	Bouteloua curtipendula	NA	0.510					Plantae;Tracheophyta;NA;Poales;Poaceae;Bouteloua;Bouteloua curtipendula
n400	400	port_py3_epang_T2	52ee4c25-e482-40e8-b264-0838f7555fbf	flagged by reference only	Species	NA	Asterochloris italiana	0.491					Plantae;Chlorophyta;NA;Microthamniales;NA;Asterochloris;NA
n400	400	port_py3_epang_T2	fc6604a6-b285-426a-9c5a-650da0f8e631	flagged by reference only	Species	Bouteloua curtipendula	NA	0.510					Plantae;Tracheophyta;NA;Poales;Poaceae;Bouteloua;Bouteloua curtipendula
n400	400	port_py3_epang_T2	50ebe735-0968-4662-8c3c-7fb2313c3d3a	flagged by test only					Genus	Evotrochis	Primula	1.000	Plantae;Tracheophyta;NA;Ericales;Primulaceae;Evotrochis
n400	400	port_py3_epang_T2	5a6435e7-8a80-4641-8ad1-79268b3dc7f3	flagged by test only					Genus	Evotrochis	Primula	1.000	Plantae;Tracheophyta;NA;Ericales;Primulaceae;Evotrochis
n400	400	port_py3_epang_T4	ab24a6f7-938e-4292-ba70-41a7aab91d5a	same rank, other proposal	Phylum	NA	Zoopagomycota	0.546	Phylum	NA	Basidiomycota	1.000	Fungi;NA;NA;NA;NA;NA;NA
n400	400	port_py3_epang_T4	381fe2c2-6601-4da5-b77f-d0742d89e4c3	flagged by reference only	Genus	Scorzonera	Koelpinia	0.508					Plantae;Tracheophyta;NA;Asterales;Asteraceae;Scorzonera
n400	400	port_py3_epang_T4	4e64fbdd-787d-4ecb-86a4-d3b9af400c07	flagged by reference only	Species	Bouteloua curtipendula	NA	0.510					Plantae;Tracheophyta;NA;Poales;Poaceae;Bouteloua;Bouteloua curtipendula
n400	400	port_py3_epang_T4	52ee4c25-e482-40e8-b264-0838f7555fbf	flagged by reference only	Species	NA	Asterochloris italiana	0.491					Plantae;Chlorophyta;NA;Microthamniales;NA;Asterochloris;NA
n400	400	port_py3_epang_T4	fc6604a6-b285-426a-9c5a-650da0f8e631	flagged by reference only	Species	Bouteloua curtipendula	NA	0.510					Plantae;Tracheophyta;NA;Poales;Poaceae;Bouteloua;Bouteloua curtipendula
n400	400	port_py3_epang_T4	50ebe735-0968-4662-8c3c-7fb2313c3d3a	flagged by test only					Genus	Evotrochis	Primula	1.000	Plantae;Tracheophyta;NA;Ericales;Primulaceae;Evotrochis
n400	400	port_py3_epang_T4	5a6435e7-8a80-4641-8ad1-79268b3dc7f3	flagged by test only					Genus	Evotrochis	Primula	1.000	Plantae;Tracheophyta;NA;Ericales;Primulaceae;Evotrochis
n400	400	port_py3_epang_T8	ab24a6f7-938e-4292-ba70-41a7aab91d5a	same rank, other proposal	Phylum	NA	Zoopagomycota	0.546	Phylum	NA	Basidiomycota	1.000	Fungi;NA;NA;NA;NA;NA;NA
n400	400	port_py3_epang_T8	381fe2c2-6601-4da5-b77f-d0742d89e4c3	flagged by reference only	Genus	Scorzonera	Koelpinia	0.508					Plantae;Tracheophyta;NA;Asterales;Asteraceae;Scorzonera
n400	400	port_py3_epang_T8	4e64fbdd-787d-4ecb-86a4-d3b9af400c07	flagged by reference only	Species	Bouteloua curtipendula	NA	0.510					Plantae;Tracheophyta;NA;Poales;Poaceae;Bouteloua;Bouteloua curtipendula
n400	400	port_py3_epang_T8	52ee4c25-e482-40e8-b264-0838f7555fbf	flagged by reference only	Species	NA	Asterochloris italiana	0.491					Plantae;Chlorophyta;NA;Microthamniales;NA;Asterochloris;NA
n400	400	port_py3_epang_T8	fc6604a6-b285-426a-9c5a-650da0f8e631	flagged by reference only	Species	Bouteloua curtipendula	NA	0.510					Plantae;Tracheophyta;NA;Poales;Poaceae;Bouteloua;Bouteloua curtipendula
n400	400	port_py3_epang_T8	50ebe735-0968-4662-8c3c-7fb2313c3d3a	flagged by test only					Genus	Evotrochis	Primula	1.000	Plantae;Tracheophyta;NA;Ericales;Primulaceae;Evotrochis
n400	400	port_py3_epang_T8	5a6435e7-8a80-4641-8ad1-79268b3dc7f3	flagged by test only					Genus	Evotrochis	Primula	1.000	Plantae;Tracheophyta;NA;Ericales;Primulaceae;Evotrochis
n400	400	port_py3_epang_T8_K10	ab24a6f7-938e-4292-ba70-41a7aab91d5a	same rank, other proposal	Phylum	NA	Zoopagomycota	0.546	Phylum	NA	Basidiomycota	1.000	Fungi;NA;NA;NA;NA;NA;NA
n400	400	port_py3_epang_T8_K10	4e64fbdd-787d-4ecb-86a4-d3b9af400c07	flagged by reference only	Species	Bouteloua curtipendula	NA	0.510					Plantae;Tracheophyta;NA;Poales;Poaceae;Bouteloua;Bouteloua curtipendula
n400	400	port_py3_epang_T8_K10	fc6604a6-b285-426a-9c5a-650da0f8e631	flagged by reference only	Species	Bouteloua curtipendula	NA	0.510					Plantae;Tracheophyta;NA;Poales;Poaceae;Bouteloua;Bouteloua curtipendula
n400	400	port_py3_epang_T8_K25	ab24a6f7-938e-4292-ba70-41a7aab91d5a	same rank, other proposal	Phylum	NA	Zoopagomycota	0.546	Phylum	NA	Basidiomycota	1.000	Fungi;NA;NA;NA;NA;NA;NA
n400	400	port_py3_epang_T8_K25	381fe2c2-6601-4da5-b77f-d0742d89e4c3	flagged by reference only	Genus	Scorzonera	Koelpinia	0.508					Plantae;Tracheophyta;NA;Asterales;Asteraceae;Scorzonera
n400	400	port_py3_epang_T8_K25	4e64fbdd-787d-4ecb-86a4-d3b9af400c07	flagged by reference only	Species	Bouteloua curtipendula	NA	0.510					Plantae;Tracheophyta;NA;Poales;Poaceae;Bouteloua;Bouteloua curtipendula
n400	400	port_py3_epang_T8_K25	fc6604a6-b285-426a-9c5a-650da0f8e631	flagged by reference only	Species	Bouteloua curtipendula	NA	0.510					Plantae;Tracheophyta;NA;Poales;Poaceae;Bouteloua;Bouteloua curtipendula
n400	400	port_py3_epang_T8_K50	ab24a6f7-938e-4292-ba70-41a7aab91d5a	same rank, other proposal	Phylum	NA	Zoopagomycota	0.546	Phylum	NA	Basidiomycota	1.000	Fungi;NA;NA;NA;NA;NA;NA
n400	400	port_py3_epang_T8_K50	4e64fbdd-787d-4ecb-86a4-d3b9af400c07	flagged by reference only	Species	Bouteloua curtipendula	NA	0.510					Plantae;Tracheophyta;NA;Poales;Poaceae;Bouteloua;Bouteloua curtipendula
n400	400	port_py3_epang_T8_K50	fc6604a6-b285-426a-9c5a-650da0f8e631	flagged by reference only	Species	Bouteloua curtipendula	NA	0.510					Plantae;Tracheophyta;NA;Poales;Poaceae;Bouteloua;Bouteloua curtipendula
n400	400	port_py3_epang_T8_Kexact	ab24a6f7-938e-4292-ba70-41a7aab91d5a	same rank, other proposal	Phylum	NA	Zoopagomycota	0.546	Phylum	NA	Basidiomycota	1.000	Fungi;NA;NA;NA;NA;NA;NA
n400	400	port_py3_epang_T8_Kexact	4e64fbdd-787d-4ecb-86a4-d3b9af400c07	flagged by reference only	Species	Bouteloua curtipendula	NA	0.510					Plantae;Tracheophyta;NA;Poales;Poaceae;Bouteloua;Bouteloua curtipendula
n400	400	port_py3_epang_T8_Kexact	fc6604a6-b285-426a-9c5a-650da0f8e631	flagged by reference only	Species	Bouteloua curtipendula	NA	0.510					Plantae;Tracheophyta;NA;Poales;Poaceae;Bouteloua;Bouteloua curtipendula
n400	400	port_py3_epang_T8_acc999	ab24a6f7-938e-4292-ba70-41a7aab91d5a	same rank, other proposal	Phylum	NA	Zoopagomycota	0.546	Phylum	NA	Basidiomycota	0.999	Fungi;NA;NA;NA;NA;NA;NA
n400	400	port_py3_epang_T8_acc999	381fe2c2-6601-4da5-b77f-d0742d89e4c3	flagged by reference only	Genus	Scorzonera	Koelpinia	0.508					Plantae;Tracheophyta;NA;Asterales;Asteraceae;Scorzonera
n400	400	port_py3_epang_T8_acc999	4e64fbdd-787d-4ecb-86a4-d3b9af400c07	flagged by reference only	Species	Bouteloua curtipendula	NA	0.510					Plantae;Tracheophyta;NA;Poales;Poaceae;Bouteloua;Bouteloua curtipendula
n400	400	port_py3_epang_T8_acc999	52ee4c25-e482-40e8-b264-0838f7555fbf	flagged by reference only	Species	NA	Asterochloris italiana	0.491					Plantae;Chlorophyta;NA;Microthamniales;NA;Asterochloris;NA
n400	400	port_py3_epang_T8_acc999	fc6604a6-b285-426a-9c5a-650da0f8e631	flagged by reference only	Species	Bouteloua curtipendula	NA	0.510					Plantae;Tracheophyta;NA;Poales;Poaceae;Bouteloua;Bouteloua curtipendula
n400	400	port_py3_epang_T8_acc999	50ebe735-0968-4662-8c3c-7fb2313c3d3a	flagged by test only					Genus	Evotrochis	Primula	0.999	Plantae;Tracheophyta;NA;Ericales;Primulaceae;Evotrochis
n400	400	port_py3_epang_T8_acc999	5a6435e7-8a80-4641-8ad1-79268b3dc7f3	flagged by test only					Genus	Evotrochis	Primula	1.000	Plantae;Tracheophyta;NA;Ericales;Primulaceae;Evotrochis
n400	400	port_py3_epang_T8_blo	ab24a6f7-938e-4292-ba70-41a7aab91d5a	same rank, other proposal	Phylum	NA	Zoopagomycota	0.546	Phylum	NA	Basidiomycota	1.000	Fungi;NA;NA;NA;NA;NA;NA
n400	400	port_py3_epang_T8_blo	160139ab-9283-4d59-a53b-e68ae6d80432	flagged by reference only	Order	Trebouxiales	Microthamniales	0.967					Plantae;Chlorophyta;NA;Trebouxiales;Trebouxiaceae;Trebouxia;NA
n400	400	port_py3_epang_T8_blo	381fe2c2-6601-4da5-b77f-d0742d89e4c3	flagged by reference only	Genus	Scorzonera	Koelpinia	0.508					Plantae;Tracheophyta;NA;Asterales;Asteraceae;Scorzonera
n400	400	port_py3_epang_T8_blo	51f9cddc-72cc-4d30-8f32-1df8184db307	flagged by reference only	Species	Bipolaris bicolor	NA	0.946					Fungi;Ascomycota;NA;Pleosporales;Pleosporaceae;Bipolaris;Bipolaris bicolor
n400	400	port_py3_epang_T8_blo	52ee4c25-e482-40e8-b264-0838f7555fbf	flagged by reference only	Species	NA	Asterochloris italiana	0.491					Plantae;Chlorophyta;NA;Microthamniales;NA;Asterochloris;NA
n400	400	port_py3_epang_T8_blo	ac695606-d6b6-48f2-b090-f303df32f3af	flagged by reference only	Order	Trebouxiales	Microthamniales	0.968					Plantae;Chlorophyta;NA;Trebouxiales;Trebouxiaceae;Trebouxia;NA
n400	400	port_py3_epang_T8_blo	d1ec4ad5-520b-4410-8e28-bea482f8498b	flagged by reference only	Species	Bipolaris bicolor	NA	0.946					Fungi;Ascomycota;NA;Pleosporales;Pleosporaceae;Bipolaris;Bipolaris bicolor
n400	400	port_py3_epang_T8_blo	08a9b39e-7e23-4130-bf7f-daaa2702ae7f	flagged by test only					Order	Microthamniales	Trebouxiales	0.553	Plantae;Chlorophyta;NA;Microthamniales;NA;Asterochloris;NA
n400	400	port_py3_epang_T8_blo	50ebe735-0968-4662-8c3c-7fb2313c3d3a	flagged by test only					Genus	Evotrochis	Primula	1.000	Plantae;Tracheophyta;NA;Ericales;Primulaceae;Evotrochis
n400	400	port_py3_epang_T8_blo	5a6435e7-8a80-4641-8ad1-79268b3dc7f3	flagged by test only					Genus	Evotrochis	Primula	1.000	Plantae;Tracheophyta;NA;Ericales;Primulaceae;Evotrochis
n400	400	port_py3_epang_T8_blo	a963e9b2-63dc-4d5f-9bf5-1f0c0ba693e4	flagged by test only					Order	Microthamniales	Trebouxiales	0.617	Plantae;Chlorophyta;NA;Microthamniales;NA;Asterochloris
n400	400	port_py3_epang_T8_noheur	ab24a6f7-938e-4292-ba70-41a7aab91d5a	same rank, other proposal	Phylum	NA	Zoopagomycota	0.546	Phylum	NA	Basidiomycota	1.000	Fungi;NA;NA;NA;NA;NA;NA
n400	400	port_py3_epang_T8_noheur	381fe2c2-6601-4da5-b77f-d0742d89e4c3	flagged by reference only	Genus	Scorzonera	Koelpinia	0.508					Plantae;Tracheophyta;NA;Asterales;Asteraceae;Scorzonera
n400	400	port_py3_epang_T8_noheur	4e64fbdd-787d-4ecb-86a4-d3b9af400c07	flagged by reference only	Species	Bouteloua curtipendula	NA	0.510					Plantae;Tracheophyta;NA;Poales;Poaceae;Bouteloua;Bouteloua curtipendula
n400	400	port_py3_epang_T8_noheur	52ee4c25-e482-40e8-b264-0838f7555fbf	flagged by reference only	Species	NA	Asterochloris italiana	0.491					Plantae;Chlorophyta;NA;Microthamniales;NA;Asterochloris;NA
n400	400	port_py3_epang_T8_noheur	fc6604a6-b285-426a-9c5a-650da0f8e631	flagged by reference only	Species	Bouteloua curtipendula	NA	0.510					Plantae;Tracheophyta;NA;Poales;Poaceae;Bouteloua;Bouteloua curtipendula
n400	400	port_py3_epang_T8_noheur	50ebe735-0968-4662-8c3c-7fb2313c3d3a	flagged by test only					Genus	Evotrochis	Primula	1.000	Plantae;Tracheophyta;NA;Ericales;Primulaceae;Evotrochis
n400	400	port_py3_epang_T8_noheur	5a6435e7-8a80-4641-8ad1-79268b3dc7f3	flagged by test only					Genus	Evotrochis	Primula	1.000	Plantae;Tracheophyta;NA;Ericales;Primulaceae;Evotrochis
n400	400	port_py3_epang_T8_raxmlmatch	ab24a6f7-938e-4292-ba70-41a7aab91d5a	same rank, other proposal	Phylum	NA	Zoopagomycota	0.546	Phylum	NA	Ascomycota	1.000	Fungi;NA;NA;NA;NA;NA;NA
n400	400	port_py3_epang_T8_raxmlmatch	016fe383-b099-4998-a909-45dae9f9af74	flagged by reference only	Phylum	Chlorophyta	Tracheophyta	0.999					Plantae;Chlorophyta;NA;Sphaeropleales;Scenedesmaceae;Scenedesmus;NA
n400	400	port_py3_epang_T8_raxmlmatch	51f9cddc-72cc-4d30-8f32-1df8184db307	flagged by reference only	Species	Bipolaris bicolor	NA	0.946					Fungi;Ascomycota;NA;Pleosporales;Pleosporaceae;Bipolaris;Bipolaris bicolor
n400	400	port_py3_epang_T8_raxmlmatch	52ee4c25-e482-40e8-b264-0838f7555fbf	flagged by reference only	Species	NA	Asterochloris italiana	0.491					Plantae;Chlorophyta;NA;Microthamniales;NA;Asterochloris;NA
n400	400	port_py3_epang_T8_raxmlmatch	d1ec4ad5-520b-4410-8e28-bea482f8498b	flagged by reference only	Species	Bipolaris bicolor	NA	0.946					Fungi;Ascomycota;NA;Pleosporales;Pleosporaceae;Bipolaris;Bipolaris bicolor
n400	400	upstream_py2_raxml_T1	9d4b22f7-024c-4524-8036-5220a2b665f4	rank differs	Kingdom	Plantae	Fungi	0.467	Phylum	Chlorophyta	Rhodophyta	0.403	Plantae;Chlorophyta;NA;Chlamydomonadales;Chlamydomonadaceae;Chlamydomonas
n400	400	upstream_py2_raxml_T1	ab24a6f7-938e-4292-ba70-41a7aab91d5a	same rank, other proposal	Phylum	NA	Zoopagomycota	0.546	Phylum	NA	Basidiomycota	0.991	Fungi;NA;NA;NA;NA;NA;NA
n400	400	upstream_py2_raxml_T1	42a9c432-23cb-47a3-b43b-99f3dfa459d2	flagged by reference only	Genus	Scorzonera	Gelasia	0.510					Plantae;Tracheophyta;NA;Asterales;Asteraceae;Scorzonera;Scorzonera pseudolanata
n400	400	upstream_py2_raxml_T1	52ee4c25-e482-40e8-b264-0838f7555fbf	flagged by reference only	Species	NA	Asterochloris italiana	0.491					Plantae;Chlorophyta;NA;Microthamniales;NA;Asterochloris;NA
n400	400	upstream_py2_raxml_T1	575cae70-a08a-4ff5-8aa5-48605c5605e6	flagged by test only					Genus	Scorzonera	Epilasia	0.435	Plantae;Tracheophyta;NA;Asterales;Asteraceae;Scorzonera;Scorzonera pseudolanata
n400	400	upstream_py2_raxml_T1	8bc74e33-8821-417c-a0ff-ecf1894f1d3b	flagged by test only					Species	Bipolaris sorokiniana	NA	0.531	Fungi;Ascomycota;NA;Pleosporales;Pleosporaceae;Bipolaris;Bipolaris sorokiniana
n400	400	upstream_py2_raxml_T1	a3c55874-dd8d-4eeb-9837-0ccd7cc2be4b	flagged by test only					Species	Russula fellea	Russula pascua	0.493	Fungi;Basidiomycota;NA;Russulales;Russulaceae;Russula;Russula fellea
n400	400	upstream_py2_raxml_T8	9d4b22f7-024c-4524-8036-5220a2b665f4	rank differs	Kingdom	Plantae	Fungi	0.467	Phylum	Chlorophyta	Rhodophyta	0.403	Plantae;Chlorophyta;NA;Chlamydomonadales;Chlamydomonadaceae;Chlamydomonas
n400	400	upstream_py2_raxml_T8	ab24a6f7-938e-4292-ba70-41a7aab91d5a	same rank, other proposal	Phylum	NA	Zoopagomycota	0.546	Phylum	NA	Basidiomycota	0.991	Fungi;NA;NA;NA;NA;NA;NA
n400	400	upstream_py2_raxml_T8	42a9c432-23cb-47a3-b43b-99f3dfa459d2	flagged by reference only	Genus	Scorzonera	Gelasia	0.510					Plantae;Tracheophyta;NA;Asterales;Asteraceae;Scorzonera;Scorzonera pseudolanata
n400	400	upstream_py2_raxml_T8	52ee4c25-e482-40e8-b264-0838f7555fbf	flagged by reference only	Species	NA	Asterochloris italiana	0.491					Plantae;Chlorophyta;NA;Microthamniales;NA;Asterochloris;NA
n400	400	upstream_py2_raxml_T8	575cae70-a08a-4ff5-8aa5-48605c5605e6	flagged by test only					Genus	Scorzonera	Epilasia	0.435	Plantae;Tracheophyta;NA;Asterales;Asteraceae;Scorzonera;Scorzonera pseudolanata
n400	400	upstream_py2_raxml_T8	8bc74e33-8821-417c-a0ff-ecf1894f1d3b	flagged by test only					Species	Bipolaris sorokiniana	NA	0.531	Fungi;Ascomycota;NA;Pleosporales;Pleosporaceae;Bipolaris;Bipolaris sorokiniana
n400	400	upstream_py2_raxml_T8	a3c55874-dd8d-4eeb-9837-0ccd7cc2be4b	flagged by test only					Species	Russula fellea	Russula pascua	0.493	Fungi;Basidiomycota;NA;Russulales;Russulaceae;Russula;Russula fellea
n800	800	port_py3_epang_T1	160139ab-9283-4d59-a53b-e68ae6d80432	rank differs	Family	Trebouxiaceae	NA	0.652	Order	Trebouxiales	Microthamniales	0.927	Plantae;Chlorophyta;NA;Trebouxiales;Trebouxiaceae;Trebouxia;NA
n800	800	port_py3_epang_T1	9856cc76-4f43-475c-a9e3-c2e87e99931d	same rank, other proposal	Order	NA	Trebouxiales	0.866	Order	NA	Microthamniales	0.990	Plantae;Chlorophyta;NA;NA;NA
n800	800	port_py3_epang_T1	0618e73e-84f8-4755-b463-6a9d0cc00831	flagged by reference only	Infraorder	Saponaria	Acanthophyllum	0.590					Plantae;Tracheophyta;NA;Caryophyllales;Caryophyllaceae;Saponaria
n800	800	port_py3_epang_T1	0e95f70b-a70e-4df2-9039-1febb088baf7	flagged by reference only	Species	Ahnfeltia borealis	Ahnfeltia plicata	0.837					Plantae;Rhodophyta;NA;Ahnfeltiales;Ahnfeltiaceae;Ahnfeltia;Ahnfeltia borealis
n800	800	port_py3_epang_T1	3be76ad8-a918-4987-8f03-0c3a86c0d266	flagged by reference only	Species	Ahnfeltia fastigiata	Ahnfeltia plicata	0.837					Plantae;Rhodophyta;NA;Ahnfeltiales;Ahnfeltiaceae;Ahnfeltia;Ahnfeltia fastigiata
n800	800	port_py3_epang_T1	681d305d-8dee-4c2f-8d55-96a7b28cb745	flagged by reference only	Species	NA	Bouteloua curtipendula	0.944					Plantae;Tracheophyta;NA;Poales;Poaceae;Bouteloua;NA
n800	800	port_py3_epang_T1	738ca31e-ec90-4e0d-bba8-1d88b9887f3b	flagged by reference only	Species	Bouteloua curtipendula	Bouteloua warnockii	0.506					Plantae;Tracheophyta;NA;Poales;Poaceae;Bouteloua;Bouteloua curtipendula
n800	800	port_py3_epang_T1	75e2a37b-db1b-4673-bcef-338f984d4d9b	flagged by reference only	Species	Ahnfeltia borealis	Ahnfeltia plicata	0.837					Plantae;Rhodophyta;NA;Ahnfeltiales;Ahnfeltiaceae;Ahnfeltia;Ahnfeltia borealis
n800	800	port_py3_epang_T1	8c218ce6-7103-4963-8949-7893188cc590	flagged by reference only	Species	Ahnfeltia fastigiata	Ahnfeltia plicata	0.837					Plantae;Rhodophyta;NA;Ahnfeltiales;Ahnfeltiaceae;Ahnfeltia;Ahnfeltia fastigiata
n800	800	port_py3_epang_T1	ab24a6f7-938e-4292-ba70-41a7aab91d5a	flagged by reference only	Phylum	NA	Basidiomycota	0.951					Fungi;NA;NA;NA;NA;NA;NA
n800	800	port_py3_epang_T1	016fe383-b099-4998-a909-45dae9f9af74	flagged by test only					Phylum	Chlorophyta	Tracheophyta	1.000	Plantae;Chlorophyta;NA;Sphaeropleales;Scenedesmaceae;Scenedesmus;NA
n800	800	port_py3_epang_T1	124316c5-cf03-4a4b-801e-e40edfecfc70	flagged by test only					Genus	Dodecatheon	Primula	1.000	Plantae;Tracheophyta;NA;Ericales;Primulaceae;Dodecatheon;Primula meadia
n800	800	port_py3_epang_T1	1b17da6b-5739-4a88-ad50-8fc40c5c0ef4	flagged by test only					Phylum	Chlorophyta	Tracheophyta	1.000	Plantae;Chlorophyta;NA;Sphaeropleales;Scenedesmaceae;Scenedesmus;NA
n800	800	port_py3_epang_T1	1d4d10d6-6506-43a4-82d2-7646e2e6bf04	flagged by test only					Order	Trebouxiales	Microthamniales	0.927	Plantae;Chlorophyta;NA;Trebouxiales
n800	800	port_py3_epang_T1	51ea3342-471f-4125-974f-87da2cfec019	flagged by test only					Genus	Actinidia	Clematoclethra	0.508	Plantae;Tracheophyta;NA;Ericales;Actinidiaceae;Actinidia;NA
n800	800	port_py3_epang_T1	56467f29-a943-48f3-80d6-d26cb70d465c	flagged by test only					Genus	Dodecatheon	Primula	0.999	Plantae;Tracheophyta;NA;Ericales;Primulaceae;Dodecatheon;Primula meadia
n800	800	port_py3_epang_T1	a6a283d9-a578-41ce-b2a3-e6f66e9f3cec	flagged by test only					Phylum	NA	Ascomycota	1.000	Fungi;NA;NA;NA;NA;NA;NA
n800	800	port_py3_epang_T16	160139ab-9283-4d59-a53b-e68ae6d80432	rank differs	Family	Trebouxiaceae	NA	0.652	Order	Trebouxiales	Microthamniales	0.927	Plantae;Chlorophyta;NA;Trebouxiales;Trebouxiaceae;Trebouxia;NA
n800	800	port_py3_epang_T16	9856cc76-4f43-475c-a9e3-c2e87e99931d	same rank, other proposal	Order	NA	Trebouxiales	0.866	Order	NA	Microthamniales	0.990	Plantae;Chlorophyta;NA;NA;NA
n800	800	port_py3_epang_T16	0618e73e-84f8-4755-b463-6a9d0cc00831	flagged by reference only	Infraorder	Saponaria	Acanthophyllum	0.590					Plantae;Tracheophyta;NA;Caryophyllales;Caryophyllaceae;Saponaria
n800	800	port_py3_epang_T16	0e95f70b-a70e-4df2-9039-1febb088baf7	flagged by reference only	Species	Ahnfeltia borealis	Ahnfeltia plicata	0.837					Plantae;Rhodophyta;NA;Ahnfeltiales;Ahnfeltiaceae;Ahnfeltia;Ahnfeltia borealis
n800	800	port_py3_epang_T16	3be76ad8-a918-4987-8f03-0c3a86c0d266	flagged by reference only	Species	Ahnfeltia fastigiata	Ahnfeltia plicata	0.837					Plantae;Rhodophyta;NA;Ahnfeltiales;Ahnfeltiaceae;Ahnfeltia;Ahnfeltia fastigiata
n800	800	port_py3_epang_T16	681d305d-8dee-4c2f-8d55-96a7b28cb745	flagged by reference only	Species	NA	Bouteloua curtipendula	0.944					Plantae;Tracheophyta;NA;Poales;Poaceae;Bouteloua;NA
n800	800	port_py3_epang_T16	738ca31e-ec90-4e0d-bba8-1d88b9887f3b	flagged by reference only	Species	Bouteloua curtipendula	Bouteloua warnockii	0.506					Plantae;Tracheophyta;NA;Poales;Poaceae;Bouteloua;Bouteloua curtipendula
n800	800	port_py3_epang_T16	75e2a37b-db1b-4673-bcef-338f984d4d9b	flagged by reference only	Species	Ahnfeltia borealis	Ahnfeltia plicata	0.837					Plantae;Rhodophyta;NA;Ahnfeltiales;Ahnfeltiaceae;Ahnfeltia;Ahnfeltia borealis
n800	800	port_py3_epang_T16	8c218ce6-7103-4963-8949-7893188cc590	flagged by reference only	Species	Ahnfeltia fastigiata	Ahnfeltia plicata	0.837					Plantae;Rhodophyta;NA;Ahnfeltiales;Ahnfeltiaceae;Ahnfeltia;Ahnfeltia fastigiata
n800	800	port_py3_epang_T16	ab24a6f7-938e-4292-ba70-41a7aab91d5a	flagged by reference only	Phylum	NA	Basidiomycota	0.951					Fungi;NA;NA;NA;NA;NA;NA
n800	800	port_py3_epang_T16	016fe383-b099-4998-a909-45dae9f9af74	flagged by test only					Phylum	Chlorophyta	Tracheophyta	1.000	Plantae;Chlorophyta;NA;Sphaeropleales;Scenedesmaceae;Scenedesmus;NA
n800	800	port_py3_epang_T16	124316c5-cf03-4a4b-801e-e40edfecfc70	flagged by test only					Genus	Dodecatheon	Primula	1.000	Plantae;Tracheophyta;NA;Ericales;Primulaceae;Dodecatheon;Primula meadia
n800	800	port_py3_epang_T16	1b17da6b-5739-4a88-ad50-8fc40c5c0ef4	flagged by test only					Phylum	Chlorophyta	Tracheophyta	1.000	Plantae;Chlorophyta;NA;Sphaeropleales;Scenedesmaceae;Scenedesmus;NA
n800	800	port_py3_epang_T16	1d4d10d6-6506-43a4-82d2-7646e2e6bf04	flagged by test only					Order	Trebouxiales	Microthamniales	0.927	Plantae;Chlorophyta;NA;Trebouxiales
n800	800	port_py3_epang_T16	51ea3342-471f-4125-974f-87da2cfec019	flagged by test only					Genus	Actinidia	Clematoclethra	0.508	Plantae;Tracheophyta;NA;Ericales;Actinidiaceae;Actinidia;NA
n800	800	port_py3_epang_T16	56467f29-a943-48f3-80d6-d26cb70d465c	flagged by test only					Genus	Dodecatheon	Primula	0.999	Plantae;Tracheophyta;NA;Ericales;Primulaceae;Dodecatheon;Primula meadia
n800	800	port_py3_epang_T16	a6a283d9-a578-41ce-b2a3-e6f66e9f3cec	flagged by test only					Phylum	NA	Ascomycota	1.000	Fungi;NA;NA;NA;NA;NA;NA
n800	800	port_py3_epang_T1_K25	160139ab-9283-4d59-a53b-e68ae6d80432	rank differs	Family	Trebouxiaceae	NA	0.652	Order	Trebouxiales	Microthamniales	0.926	Plantae;Chlorophyta;NA;Trebouxiales;Trebouxiaceae;Trebouxia;NA
n800	800	port_py3_epang_T1_K25	9856cc76-4f43-475c-a9e3-c2e87e99931d	same rank, other proposal	Order	NA	Trebouxiales	0.866	Order	NA	Microthamniales	0.989	Plantae;Chlorophyta;NA;NA;NA
n800	800	port_py3_epang_T1_K25	0618e73e-84f8-4755-b463-6a9d0cc00831	flagged by reference only	Infraorder	Saponaria	Acanthophyllum	0.590					Plantae;Tracheophyta;NA;Caryophyllales;Caryophyllaceae;Saponaria
n800	800	port_py3_epang_T1_K25	738ca31e-ec90-4e0d-bba8-1d88b9887f3b	flagged by reference only	Species	Bouteloua curtipendula	Bouteloua warnockii	0.506					Plantae;Tracheophyta;NA;Poales;Poaceae;Bouteloua;Bouteloua curtipendula
n800	800	port_py3_epang_T1_K25	1d4d10d6-6506-43a4-82d2-7646e2e6bf04	flagged by test only					Order	Trebouxiales	Microthamniales	0.926	Plantae;Chlorophyta;NA;Trebouxiales
n800	800	port_py3_epang_T1_K25	51ea3342-471f-4125-974f-87da2cfec019	flagged by test only					Genus	Actinidia	Clematoclethra	0.508	Plantae;Tracheophyta;NA;Ericales;Actinidiaceae;Actinidia;NA
n800	800	port_py3_epang_T1_K25	a6a283d9-a578-41ce-b2a3-e6f66e9f3cec	flagged by test only					Phylum	NA	Ascomycota	1.000	Fungi;NA;NA;NA;NA;NA;NA
n800	800	port_py3_epang_T2	160139ab-9283-4d59-a53b-e68ae6d80432	rank differs	Family	Trebouxiaceae	NA	0.652	Order	Trebouxiales	Microthamniales	0.927	Plantae;Chlorophyta;NA;Trebouxiales;Trebouxiaceae;Trebouxia;NA
n800	800	port_py3_epang_T2	9856cc76-4f43-475c-a9e3-c2e87e99931d	same rank, other proposal	Order	NA	Trebouxiales	0.866	Order	NA	Microthamniales	0.990	Plantae;Chlorophyta;NA;NA;NA
n800	800	port_py3_epang_T2	0618e73e-84f8-4755-b463-6a9d0cc00831	flagged by reference only	Infraorder	Saponaria	Acanthophyllum	0.590					Plantae;Tracheophyta;NA;Caryophyllales;Caryophyllaceae;Saponaria
n800	800	port_py3_epang_T2	0e95f70b-a70e-4df2-9039-1febb088baf7	flagged by reference only	Species	Ahnfeltia borealis	Ahnfeltia plicata	0.837					Plantae;Rhodophyta;NA;Ahnfeltiales;Ahnfeltiaceae;Ahnfeltia;Ahnfeltia borealis
n800	800	port_py3_epang_T2	3be76ad8-a918-4987-8f03-0c3a86c0d266	flagged by reference only	Species	Ahnfeltia fastigiata	Ahnfeltia plicata	0.837					Plantae;Rhodophyta;NA;Ahnfeltiales;Ahnfeltiaceae;Ahnfeltia;Ahnfeltia fastigiata
n800	800	port_py3_epang_T2	681d305d-8dee-4c2f-8d55-96a7b28cb745	flagged by reference only	Species	NA	Bouteloua curtipendula	0.944					Plantae;Tracheophyta;NA;Poales;Poaceae;Bouteloua;NA
n800	800	port_py3_epang_T2	738ca31e-ec90-4e0d-bba8-1d88b9887f3b	flagged by reference only	Species	Bouteloua curtipendula	Bouteloua warnockii	0.506					Plantae;Tracheophyta;NA;Poales;Poaceae;Bouteloua;Bouteloua curtipendula
n800	800	port_py3_epang_T2	75e2a37b-db1b-4673-bcef-338f984d4d9b	flagged by reference only	Species	Ahnfeltia borealis	Ahnfeltia plicata	0.837					Plantae;Rhodophyta;NA;Ahnfeltiales;Ahnfeltiaceae;Ahnfeltia;Ahnfeltia borealis
n800	800	port_py3_epang_T2	8c218ce6-7103-4963-8949-7893188cc590	flagged by reference only	Species	Ahnfeltia fastigiata	Ahnfeltia plicata	0.837					Plantae;Rhodophyta;NA;Ahnfeltiales;Ahnfeltiaceae;Ahnfeltia;Ahnfeltia fastigiata
n800	800	port_py3_epang_T2	ab24a6f7-938e-4292-ba70-41a7aab91d5a	flagged by reference only	Phylum	NA	Basidiomycota	0.951					Fungi;NA;NA;NA;NA;NA;NA
n800	800	port_py3_epang_T2	016fe383-b099-4998-a909-45dae9f9af74	flagged by test only					Phylum	Chlorophyta	Tracheophyta	1.000	Plantae;Chlorophyta;NA;Sphaeropleales;Scenedesmaceae;Scenedesmus;NA
n800	800	port_py3_epang_T2	124316c5-cf03-4a4b-801e-e40edfecfc70	flagged by test only					Genus	Dodecatheon	Primula	1.000	Plantae;Tracheophyta;NA;Ericales;Primulaceae;Dodecatheon;Primula meadia
n800	800	port_py3_epang_T2	1b17da6b-5739-4a88-ad50-8fc40c5c0ef4	flagged by test only					Phylum	Chlorophyta	Tracheophyta	1.000	Plantae;Chlorophyta;NA;Sphaeropleales;Scenedesmaceae;Scenedesmus;NA
n800	800	port_py3_epang_T2	1d4d10d6-6506-43a4-82d2-7646e2e6bf04	flagged by test only					Order	Trebouxiales	Microthamniales	0.927	Plantae;Chlorophyta;NA;Trebouxiales
n800	800	port_py3_epang_T2	51ea3342-471f-4125-974f-87da2cfec019	flagged by test only					Genus	Actinidia	Clematoclethra	0.508	Plantae;Tracheophyta;NA;Ericales;Actinidiaceae;Actinidia;NA
n800	800	port_py3_epang_T2	56467f29-a943-48f3-80d6-d26cb70d465c	flagged by test only					Genus	Dodecatheon	Primula	0.999	Plantae;Tracheophyta;NA;Ericales;Primulaceae;Dodecatheon;Primula meadia
n800	800	port_py3_epang_T2	a6a283d9-a578-41ce-b2a3-e6f66e9f3cec	flagged by test only					Phylum	NA	Ascomycota	1.000	Fungi;NA;NA;NA;NA;NA;NA
n800	800	port_py3_epang_T4	160139ab-9283-4d59-a53b-e68ae6d80432	rank differs	Family	Trebouxiaceae	NA	0.652	Order	Trebouxiales	Microthamniales	0.927	Plantae;Chlorophyta;NA;Trebouxiales;Trebouxiaceae;Trebouxia;NA
n800	800	port_py3_epang_T4	9856cc76-4f43-475c-a9e3-c2e87e99931d	same rank, other proposal	Order	NA	Trebouxiales	0.866	Order	NA	Microthamniales	0.990	Plantae;Chlorophyta;NA;NA;NA
n800	800	port_py3_epang_T4	0618e73e-84f8-4755-b463-6a9d0cc00831	flagged by reference only	Infraorder	Saponaria	Acanthophyllum	0.590					Plantae;Tracheophyta;NA;Caryophyllales;Caryophyllaceae;Saponaria
n800	800	port_py3_epang_T4	0e95f70b-a70e-4df2-9039-1febb088baf7	flagged by reference only	Species	Ahnfeltia borealis	Ahnfeltia plicata	0.837					Plantae;Rhodophyta;NA;Ahnfeltiales;Ahnfeltiaceae;Ahnfeltia;Ahnfeltia borealis
n800	800	port_py3_epang_T4	3be76ad8-a918-4987-8f03-0c3a86c0d266	flagged by reference only	Species	Ahnfeltia fastigiata	Ahnfeltia plicata	0.837					Plantae;Rhodophyta;NA;Ahnfeltiales;Ahnfeltiaceae;Ahnfeltia;Ahnfeltia fastigiata
n800	800	port_py3_epang_T4	681d305d-8dee-4c2f-8d55-96a7b28cb745	flagged by reference only	Species	NA	Bouteloua curtipendula	0.944					Plantae;Tracheophyta;NA;Poales;Poaceae;Bouteloua;NA
n800	800	port_py3_epang_T4	738ca31e-ec90-4e0d-bba8-1d88b9887f3b	flagged by reference only	Species	Bouteloua curtipendula	Bouteloua warnockii	0.506					Plantae;Tracheophyta;NA;Poales;Poaceae;Bouteloua;Bouteloua curtipendula
n800	800	port_py3_epang_T4	75e2a37b-db1b-4673-bcef-338f984d4d9b	flagged by reference only	Species	Ahnfeltia borealis	Ahnfeltia plicata	0.837					Plantae;Rhodophyta;NA;Ahnfeltiales;Ahnfeltiaceae;Ahnfeltia;Ahnfeltia borealis
n800	800	port_py3_epang_T4	8c218ce6-7103-4963-8949-7893188cc590	flagged by reference only	Species	Ahnfeltia fastigiata	Ahnfeltia plicata	0.837					Plantae;Rhodophyta;NA;Ahnfeltiales;Ahnfeltiaceae;Ahnfeltia;Ahnfeltia fastigiata
n800	800	port_py3_epang_T4	ab24a6f7-938e-4292-ba70-41a7aab91d5a	flagged by reference only	Phylum	NA	Basidiomycota	0.951					Fungi;NA;NA;NA;NA;NA;NA
n800	800	port_py3_epang_T4	016fe383-b099-4998-a909-45dae9f9af74	flagged by test only					Phylum	Chlorophyta	Tracheophyta	1.000	Plantae;Chlorophyta;NA;Sphaeropleales;Scenedesmaceae;Scenedesmus;NA
n800	800	port_py3_epang_T4	124316c5-cf03-4a4b-801e-e40edfecfc70	flagged by test only					Genus	Dodecatheon	Primula	1.000	Plantae;Tracheophyta;NA;Ericales;Primulaceae;Dodecatheon;Primula meadia
n800	800	port_py3_epang_T4	1b17da6b-5739-4a88-ad50-8fc40c5c0ef4	flagged by test only					Phylum	Chlorophyta	Tracheophyta	1.000	Plantae;Chlorophyta;NA;Sphaeropleales;Scenedesmaceae;Scenedesmus;NA
n800	800	port_py3_epang_T4	1d4d10d6-6506-43a4-82d2-7646e2e6bf04	flagged by test only					Order	Trebouxiales	Microthamniales	0.927	Plantae;Chlorophyta;NA;Trebouxiales
n800	800	port_py3_epang_T4	51ea3342-471f-4125-974f-87da2cfec019	flagged by test only					Genus	Actinidia	Clematoclethra	0.508	Plantae;Tracheophyta;NA;Ericales;Actinidiaceae;Actinidia;NA
n800	800	port_py3_epang_T4	56467f29-a943-48f3-80d6-d26cb70d465c	flagged by test only					Genus	Dodecatheon	Primula	0.999	Plantae;Tracheophyta;NA;Ericales;Primulaceae;Dodecatheon;Primula meadia
n800	800	port_py3_epang_T4	a6a283d9-a578-41ce-b2a3-e6f66e9f3cec	flagged by test only					Phylum	NA	Ascomycota	1.000	Fungi;NA;NA;NA;NA;NA;NA
n800	800	port_py3_epang_T8	160139ab-9283-4d59-a53b-e68ae6d80432	rank differs	Family	Trebouxiaceae	NA	0.652	Order	Trebouxiales	Microthamniales	0.927	Plantae;Chlorophyta;NA;Trebouxiales;Trebouxiaceae;Trebouxia;NA
n800	800	port_py3_epang_T8	9856cc76-4f43-475c-a9e3-c2e87e99931d	same rank, other proposal	Order	NA	Trebouxiales	0.866	Order	NA	Microthamniales	0.990	Plantae;Chlorophyta;NA;NA;NA
n800	800	port_py3_epang_T8	0618e73e-84f8-4755-b463-6a9d0cc00831	flagged by reference only	Infraorder	Saponaria	Acanthophyllum	0.590					Plantae;Tracheophyta;NA;Caryophyllales;Caryophyllaceae;Saponaria
n800	800	port_py3_epang_T8	0e95f70b-a70e-4df2-9039-1febb088baf7	flagged by reference only	Species	Ahnfeltia borealis	Ahnfeltia plicata	0.837					Plantae;Rhodophyta;NA;Ahnfeltiales;Ahnfeltiaceae;Ahnfeltia;Ahnfeltia borealis
n800	800	port_py3_epang_T8	3be76ad8-a918-4987-8f03-0c3a86c0d266	flagged by reference only	Species	Ahnfeltia fastigiata	Ahnfeltia plicata	0.837					Plantae;Rhodophyta;NA;Ahnfeltiales;Ahnfeltiaceae;Ahnfeltia;Ahnfeltia fastigiata
n800	800	port_py3_epang_T8	681d305d-8dee-4c2f-8d55-96a7b28cb745	flagged by reference only	Species	NA	Bouteloua curtipendula	0.944					Plantae;Tracheophyta;NA;Poales;Poaceae;Bouteloua;NA
n800	800	port_py3_epang_T8	738ca31e-ec90-4e0d-bba8-1d88b9887f3b	flagged by reference only	Species	Bouteloua curtipendula	Bouteloua warnockii	0.506					Plantae;Tracheophyta;NA;Poales;Poaceae;Bouteloua;Bouteloua curtipendula
n800	800	port_py3_epang_T8	75e2a37b-db1b-4673-bcef-338f984d4d9b	flagged by reference only	Species	Ahnfeltia borealis	Ahnfeltia plicata	0.837					Plantae;Rhodophyta;NA;Ahnfeltiales;Ahnfeltiaceae;Ahnfeltia;Ahnfeltia borealis
n800	800	port_py3_epang_T8	8c218ce6-7103-4963-8949-7893188cc590	flagged by reference only	Species	Ahnfeltia fastigiata	Ahnfeltia plicata	0.837					Plantae;Rhodophyta;NA;Ahnfeltiales;Ahnfeltiaceae;Ahnfeltia;Ahnfeltia fastigiata
n800	800	port_py3_epang_T8	ab24a6f7-938e-4292-ba70-41a7aab91d5a	flagged by reference only	Phylum	NA	Basidiomycota	0.951					Fungi;NA;NA;NA;NA;NA;NA
n800	800	port_py3_epang_T8	016fe383-b099-4998-a909-45dae9f9af74	flagged by test only					Phylum	Chlorophyta	Tracheophyta	1.000	Plantae;Chlorophyta;NA;Sphaeropleales;Scenedesmaceae;Scenedesmus;NA
n800	800	port_py3_epang_T8	124316c5-cf03-4a4b-801e-e40edfecfc70	flagged by test only					Genus	Dodecatheon	Primula	1.000	Plantae;Tracheophyta;NA;Ericales;Primulaceae;Dodecatheon;Primula meadia
n800	800	port_py3_epang_T8	1b17da6b-5739-4a88-ad50-8fc40c5c0ef4	flagged by test only					Phylum	Chlorophyta	Tracheophyta	1.000	Plantae;Chlorophyta;NA;Sphaeropleales;Scenedesmaceae;Scenedesmus;NA
n800	800	port_py3_epang_T8	1d4d10d6-6506-43a4-82d2-7646e2e6bf04	flagged by test only					Order	Trebouxiales	Microthamniales	0.927	Plantae;Chlorophyta;NA;Trebouxiales
n800	800	port_py3_epang_T8	51ea3342-471f-4125-974f-87da2cfec019	flagged by test only					Genus	Actinidia	Clematoclethra	0.508	Plantae;Tracheophyta;NA;Ericales;Actinidiaceae;Actinidia;NA
n800	800	port_py3_epang_T8	56467f29-a943-48f3-80d6-d26cb70d465c	flagged by test only					Genus	Dodecatheon	Primula	0.999	Plantae;Tracheophyta;NA;Ericales;Primulaceae;Dodecatheon;Primula meadia
n800	800	port_py3_epang_T8	a6a283d9-a578-41ce-b2a3-e6f66e9f3cec	flagged by test only					Phylum	NA	Ascomycota	1.000	Fungi;NA;NA;NA;NA;NA;NA
n800	800	port_py3_epang_T8_K100	160139ab-9283-4d59-a53b-e68ae6d80432	rank differs	Family	Trebouxiaceae	NA	0.652	Order	Trebouxiales	Microthamniales	0.926	Plantae;Chlorophyta;NA;Trebouxiales;Trebouxiaceae;Trebouxia;NA
n800	800	port_py3_epang_T8_K100	9856cc76-4f43-475c-a9e3-c2e87e99931d	same rank, other proposal	Order	NA	Trebouxiales	0.866	Order	NA	Microthamniales	0.989	Plantae;Chlorophyta;NA;NA;NA
n800	800	port_py3_epang_T8_K100	0618e73e-84f8-4755-b463-6a9d0cc00831	flagged by reference only	Infraorder	Saponaria	Acanthophyllum	0.590					Plantae;Tracheophyta;NA;Caryophyllales;Caryophyllaceae;Saponaria
n800	800	port_py3_epang_T8_K100	738ca31e-ec90-4e0d-bba8-1d88b9887f3b	flagged by reference only	Species	Bouteloua curtipendula	Bouteloua warnockii	0.506					Plantae;Tracheophyta;NA;Poales;Poaceae;Bouteloua;Bouteloua curtipendula
n800	800	port_py3_epang_T8_K100	1d4d10d6-6506-43a4-82d2-7646e2e6bf04	flagged by test only					Order	Trebouxiales	Microthamniales	0.926	Plantae;Chlorophyta;NA;Trebouxiales
n800	800	port_py3_epang_T8_K100	51ea3342-471f-4125-974f-87da2cfec019	flagged by test only					Genus	Actinidia	Clematoclethra	0.508	Plantae;Tracheophyta;NA;Ericales;Actinidiaceae;Actinidia;NA
n800	800	port_py3_epang_T8_K100	a6a283d9-a578-41ce-b2a3-e6f66e9f3cec	flagged by test only					Phylum	NA	Ascomycota	1.000	Fungi;NA;NA;NA;NA;NA;NA
n800	800	port_py3_epang_T8_K25	160139ab-9283-4d59-a53b-e68ae6d80432	rank differs	Family	Trebouxiaceae	NA	0.652	Order	Trebouxiales	Microthamniales	0.926	Plantae;Chlorophyta;NA;Trebouxiales;Trebouxiaceae;Trebouxia;NA
n800	800	port_py3_epang_T8_K25	9856cc76-4f43-475c-a9e3-c2e87e99931d	same rank, other proposal	Order	NA	Trebouxiales	0.866	Order	NA	Microthamniales	0.989	Plantae;Chlorophyta;NA;NA;NA
n800	800	port_py3_epang_T8_K25	0618e73e-84f8-4755-b463-6a9d0cc00831	flagged by reference only	Infraorder	Saponaria	Acanthophyllum	0.590					Plantae;Tracheophyta;NA;Caryophyllales;Caryophyllaceae;Saponaria
n800	800	port_py3_epang_T8_K25	738ca31e-ec90-4e0d-bba8-1d88b9887f3b	flagged by reference only	Species	Bouteloua curtipendula	Bouteloua warnockii	0.506					Plantae;Tracheophyta;NA;Poales;Poaceae;Bouteloua;Bouteloua curtipendula
n800	800	port_py3_epang_T8_K25	1d4d10d6-6506-43a4-82d2-7646e2e6bf04	flagged by test only					Order	Trebouxiales	Microthamniales	0.926	Plantae;Chlorophyta;NA;Trebouxiales
n800	800	port_py3_epang_T8_K25	51ea3342-471f-4125-974f-87da2cfec019	flagged by test only					Genus	Actinidia	Clematoclethra	0.508	Plantae;Tracheophyta;NA;Ericales;Actinidiaceae;Actinidia;NA
n800	800	port_py3_epang_T8_K25	a6a283d9-a578-41ce-b2a3-e6f66e9f3cec	flagged by test only					Phylum	NA	Ascomycota	1.000	Fungi;NA;NA;NA;NA;NA;NA
n800	800	port_py3_epang_T8_K25_gammainfo	738ca31e-ec90-4e0d-bba8-1d88b9887f3b	same rank, other proposal	Species	Bouteloua curtipendula	Bouteloua warnockii	0.506	Species	Bouteloua curtipendula	NA	0.504	Plantae;Tracheophyta;NA;Poales;Poaceae;Bouteloua;Bouteloua curtipendula
n800	800	port_py3_epang_T8_K25_gammainfo	9856cc76-4f43-475c-a9e3-c2e87e99931d	same rank, other proposal	Order	NA	Trebouxiales	0.866	Order	NA	Microthamniales	0.843	Plantae;Chlorophyta;NA;NA;NA
n800	800	port_py3_epang_T8_K25_gammainfo	0618e73e-84f8-4755-b463-6a9d0cc00831	flagged by reference only	Infraorder	Saponaria	Acanthophyllum	0.590					Plantae;Tracheophyta;NA;Caryophyllales;Caryophyllaceae;Saponaria
n800	800	port_py3_epang_T8_K25_gammainfo	0f799fab-e0c1-4297-bfc3-979ee401eae9	flagged by test only					Species	Bouteloua warnockii	NA	0.504	Plantae;Tracheophyta;NA;Poales;Poaceae;Bouteloua;Bouteloua warnockii
n800	800	port_py3_epang_T8_K25_gammainfo	42a9c432-23cb-47a3-b43b-99f3dfa459d2	flagged by test only					Genus	Scorzonera	Epilasia	0.494	Plantae;Tracheophyta;NA;Asterales;Asteraceae;Scorzonera;Scorzonera pseudolanata
n800	800	port_py3_epang_T8_K25_gammainfo	51ea3342-471f-4125-974f-87da2cfec019	flagged by test only					Genus	Actinidia	Clematoclethra	0.508	Plantae;Tracheophyta;NA;Ericales;Actinidiaceae;Actinidia;NA
n800	800	port_py3_epang_T8_K25_gammainfo	94d0392e-1810-4b59-a63f-8efdfd291e5b	flagged by test only					Species	Bouteloua warnockii	NA	0.589	Plantae;Tracheophyta;NA;Poales;Poaceae;Bouteloua;Bouteloua warnockii
n800	800	port_py3_epang_T8_K25_gammainfo	a6a283d9-a578-41ce-b2a3-e6f66e9f3cec	flagged by test only					Phylum	NA	Ascomycota	1.000	Fungi;NA;NA;NA;NA;NA;NA
n800	800	port_py3_epang_T8_gammainfo	738ca31e-ec90-4e0d-bba8-1d88b9887f3b	same rank, other proposal	Species	Bouteloua curtipendula	Bouteloua warnockii	0.506	Species	Bouteloua curtipendula	NA	0.496	Plantae;Tracheophyta;NA;Poales;Poaceae;Bouteloua;Bouteloua curtipendula
n800	800	port_py3_epang_T8_gammainfo	9856cc76-4f43-475c-a9e3-c2e87e99931d	same rank, other proposal	Order	NA	Trebouxiales	0.866	Order	NA	Microthamniales	0.951	Plantae;Chlorophyta;NA;NA;NA
n800	800	port_py3_epang_T8_gammainfo	0618e73e-84f8-4755-b463-6a9d0cc00831	flagged by reference only	Infraorder	Saponaria	Acanthophyllum	0.590					Plantae;Tracheophyta;NA;Caryophyllales;Caryophyllaceae;Saponaria
n800	800	port_py3_epang_T8_gammainfo	0e95f70b-a70e-4df2-9039-1febb088baf7	flagged by reference only	Species	Ahnfeltia borealis	Ahnfeltia plicata	0.837					Plantae;Rhodophyta;NA;Ahnfeltiales;Ahnfeltiaceae;Ahnfeltia;Ahnfeltia borealis
n800	800	port_py3_epang_T8_gammainfo	3be76ad8-a918-4987-8f03-0c3a86c0d266	flagged by reference only	Species	Ahnfeltia fastigiata	Ahnfeltia plicata	0.837					Plantae;Rhodophyta;NA;Ahnfeltiales;Ahnfeltiaceae;Ahnfeltia;Ahnfeltia fastigiata
n800	800	port_py3_epang_T8_gammainfo	75e2a37b-db1b-4673-bcef-338f984d4d9b	flagged by reference only	Species	Ahnfeltia borealis	Ahnfeltia plicata	0.837					Plantae;Rhodophyta;NA;Ahnfeltiales;Ahnfeltiaceae;Ahnfeltia;Ahnfeltia borealis
n800	800	port_py3_epang_T8_gammainfo	8c218ce6-7103-4963-8949-7893188cc590	flagged by reference only	Species	Ahnfeltia fastigiata	Ahnfeltia plicata	0.837					Plantae;Rhodophyta;NA;Ahnfeltiales;Ahnfeltiaceae;Ahnfeltia;Ahnfeltia fastigiata
n800	800	port_py3_epang_T8_gammainfo	ab24a6f7-938e-4292-ba70-41a7aab91d5a	flagged by reference only	Phylum	NA	Basidiomycota	0.951					Fungi;NA;NA;NA;NA;NA;NA
n800	800	port_py3_epang_T8_gammainfo	016fe383-b099-4998-a909-45dae9f9af74	flagged by test only					Phylum	Chlorophyta	Tracheophyta	1.000	Plantae;Chlorophyta;NA;Sphaeropleales;Scenedesmaceae;Scenedesmus;NA
n800	800	port_py3_epang_T8_gammainfo	0f799fab-e0c1-4297-bfc3-979ee401eae9	flagged by test only					Species	Bouteloua warnockii	NA	0.496	Plantae;Tracheophyta;NA;Poales;Poaceae;Bouteloua;Bouteloua warnockii
n800	800	port_py3_epang_T8_gammainfo	124316c5-cf03-4a4b-801e-e40edfecfc70	flagged by test only					Genus	Dodecatheon	Primula	1.000	Plantae;Tracheophyta;NA;Ericales;Primulaceae;Dodecatheon;Primula meadia
n800	800	port_py3_epang_T8_gammainfo	1b17da6b-5739-4a88-ad50-8fc40c5c0ef4	flagged by test only					Phylum	Chlorophyta	Tracheophyta	1.000	Plantae;Chlorophyta;NA;Sphaeropleales;Scenedesmaceae;Scenedesmus;NA
n800	800	port_py3_epang_T8_gammainfo	51ea3342-471f-4125-974f-87da2cfec019	flagged by test only					Genus	Actinidia	Clematoclethra	0.508	Plantae;Tracheophyta;NA;Ericales;Actinidiaceae;Actinidia;NA
n800	800	port_py3_epang_T8_gammainfo	56467f29-a943-48f3-80d6-d26cb70d465c	flagged by test only					Genus	Dodecatheon	Primula	0.999	Plantae;Tracheophyta;NA;Ericales;Primulaceae;Dodecatheon;Primula meadia
n800	800	port_py3_epang_T8_gammainfo	94d0392e-1810-4b59-a63f-8efdfd291e5b	flagged by test only					Species	Bouteloua warnockii	NA	0.580	Plantae;Tracheophyta;NA;Poales;Poaceae;Bouteloua;Bouteloua warnockii
n800	800	port_py3_epang_T8_gammainfo	a6a283d9-a578-41ce-b2a3-e6f66e9f3cec	flagged by test only					Phylum	NA	Ascomycota	1.000	Fungi;NA;NA;NA;NA;NA;NA
n800	800	upstream_py2_raxml_T1	0618e73e-84f8-4755-b463-6a9d0cc00831	flagged by reference only	Infraorder	Saponaria	Acanthophyllum	0.590					Plantae;Tracheophyta;NA;Caryophyllales;Caryophyllaceae;Saponaria
n800	800	upstream_py2_raxml_T1	160139ab-9283-4d59-a53b-e68ae6d80432	flagged by reference only	Family	Trebouxiaceae	NA	0.652					Plantae;Chlorophyta;NA;Trebouxiales;Trebouxiaceae;Trebouxia;NA
n800	800	upstream_py2_raxml_T1	4423e261-05db-4c28-9a7d-ff8ebcf1d3ec	flagged by reference only	Species	Ilex x wandoensis	__TAXCLUSTER4__Ilex shukunii	0.841					Plantae;Tracheophyta;NA;Aquifoliales;Aquifoliaceae;Ilex;Ilex x wandoensis
n800	800	upstream_py2_raxml_T1	7cf690b5-1705-4da6-bbb9-01f98295b44b	flagged by reference only	Species	Cortusa matthioli	Primula matthioli	0.510					Plantae;Tracheophyta;NA;Ericales;Primulaceae;Primula;Cortusa matthioli
n800	800	upstream_py2_raxml_T1	ab24a6f7-938e-4292-ba70-41a7aab91d5a	flagged by reference only	Phylum	NA	Basidiomycota	0.951					Fungi;NA;NA;NA;NA;NA;NA
n800	800	upstream_py2_raxml_T1	abddbd98-47e9-48c3-bf8a-83a237c7326c	flagged by reference only	Species	Ilex x wandoensis	__TAXCLUSTER4__Ilex shukunii	0.580					Plantae;Tracheophyta;NA;Aquifoliales;Aquifoliaceae;Ilex;Ilex x wandoensis
n800	800	upstream_py2_raxml_T1	213df940-1c78-4d7b-b0e7-9f349fe330e7	flagged by test only					Genus	Gelasia	Epilasia	0.498	Plantae;Tracheophyta;NA;Asterales;Asteraceae;Gelasia
n800	800	upstream_py2_raxml_T1	21b5a2ec-7f56-46a8-847f-2e2d08db3baa	flagged by test only					Species	Ilex khasiana	Ilex venulosa	0.529	Plantae;Tracheophyta;NA;Aquifoliales;Aquifoliaceae;Ilex;Ilex khasiana
n800	800	upstream_py2_raxml_T1	42a9c432-23cb-47a3-b43b-99f3dfa459d2	flagged by test only					Genus	Scorzonera	Epilasia	0.495	Plantae;Tracheophyta;NA;Asterales;Asteraceae;Scorzonera;Scorzonera pseudolanata
n800	800	upstream_py2_raxml_T1	51ea3342-471f-4125-974f-87da2cfec019	flagged by test only					Genus	Actinidia	Clematoclethra	0.507	Plantae;Tracheophyta;NA;Ericales;Actinidiaceae;Actinidia;NA
n800	800	upstream_py2_raxml_T1	830f49d6-6c13-4de6-b940-2e4652256c39	flagged by test only					Species	NA	Primula pinnata	0.505	Plantae;Tracheophyta;NA;Ericales;Primulaceae;Primula;NA
n800	800	upstream_py2_raxml_T1	a3c55874-dd8d-4eeb-9837-0ccd7cc2be4b	flagged by test only					Species	Russula fellea	Russula pascua	0.495	Fungi;Basidiomycota;NA;Russulales;Russulaceae;Russula;Russula fellea
n800	800	upstream_py2_raxml_T1	a6a283d9-a578-41ce-b2a3-e6f66e9f3cec	flagged by test only					Phylum	NA	Ascomycota	0.999	Fungi;NA;NA;NA;NA;NA;NA
n800	800	upstream_py3_raxml_T8	2fe75ea6-3d9e-4715-a873-4a7c6eb93ded	flagged by test only					Species	Primula marginata	Primula palinuri	0.414	Plantae;Tracheophyta;NA;Ericales;Primulaceae;Primula;Primula marginata
n800	800	upstream_py3_raxml_T8_gamma	160139ab-9283-4d59-a53b-e68ae6d80432	flagged by reference only	Family	Trebouxiaceae	NA	0.652					Plantae;Chlorophyta;NA;Trebouxiales;Trebouxiaceae;Trebouxia;NA
n800	800	upstream_py3_raxml_T8_gamma	738ca31e-ec90-4e0d-bba8-1d88b9887f3b	flagged by reference only	Species	Bouteloua curtipendula	Bouteloua warnockii	0.506					Plantae;Tracheophyta;NA;Poales;Poaceae;Bouteloua;Bouteloua curtipendula
n800	800	upstream_py3_raxml_T8_gamma	9856cc76-4f43-475c-a9e3-c2e87e99931d	flagged by reference only	Order	NA	Trebouxiales	0.866					Plantae;Chlorophyta;NA;NA;NA
n800	800	upstream_py3_raxml_T8_gamma	ac695606-d6b6-48f2-b090-f303df32f3af	flagged by reference only	Order	Trebouxiales	Microthamniales	0.685					Plantae;Chlorophyta;NA;Trebouxiales;Trebouxiaceae;Trebouxia;NA
n800	800	upstream_py3_raxml_T8_gamma	08a9b39e-7e23-4130-bf7f-daaa2702ae7f	flagged by test only					Order	Microthamniales	Trebouxiales	0.786	Plantae;Chlorophyta;NA;Microthamniales;NA;Asterochloris;NA
n800	800	upstream_py3_raxml_T8_gamma	0c1db646-f2ad-4dad-99a8-0a9e175bd235	flagged by test only					Species	NA	Primula vulgaris	0.508	Plantae;Tracheophyta;NA;Ericales;Primulaceae;Primula;NA
n800	800	upstream_py3_raxml_T8_gamma	0f799fab-e0c1-4297-bfc3-979ee401eae9	flagged by test only					Species	Bouteloua warnockii	Bouteloua curtipendula	0.465	Plantae;Tracheophyta;NA;Poales;Poaceae;Bouteloua;Bouteloua warnockii
n800	800	upstream_py3_raxml_T8_gamma	5c9e8bd0-eb76-4dae-b31a-7e14e5edb663	flagged by test only					Species	Primula veris	Primula vulgaris	0.502	Plantae;Tracheophyta;NA;Ericales;Primulaceae;Primula;Primula veris
n800	800	upstream_py3_raxml_T8_gamma	a963e9b2-63dc-4d5f-9bf5-1f0c0ba693e4	flagged by test only					Order	Microthamniales	Trebouxiales	0.961	Plantae;Chlorophyta;NA;Microthamniales;NA;Asterochloris
n1600	1600	port_py3_epang_T1	199ec4f6-40e0-4a07-8c8e-95ba7ca0f54f	same rank, other proposal	Genus	Pleodorina	Pandorina	0.602	Genus	Pleodorina	Eudorina	0.994	Plantae;Chlorophyta;NA;Chlamydomonadales;Volvocaceae;Pleodorina
n1600	1600	port_py3_epang_T1	298983ad-4160-4cdd-be94-1377c18ed9e0	same rank, other proposal	Genus	Pleodorina	Pandorina	0.999	Genus	Pleodorina	Eudorina	0.711	Plantae;Chlorophyta;NA;Chlamydomonadales;Volvocaceae;Pleodorina
n1600	1600	port_py3_epang_T1	3f6abd7f-f0d5-443f-a389-a6eee27f6f9c	same rank, other proposal	Species	Primula kialensis	Primula auriculata	0.468	Species	Primula kialensis	NA	0.716	Plantae;Tracheophyta;NA;Ericales;Primulaceae;Primula;Primula kialensis
n1600	1600	port_py3_epang_T1	4d7a86e3-7b98-4721-a6c1-dee1101ffd36	same rank, other proposal	Genus	Pleodorina	Pandorina	0.999	Genus	Pleodorina	Eudorina	0.965	Plantae;Chlorophyta;NA;Chlamydomonadales;Volvocaceae;Pleodorina
n1600	1600	port_py3_epang_T1	4fdc2d5c-fe5d-4273-908e-6785b6f69cb7	rank differs	Phylum	Ascomycota	NA	0.912	Family	NA	Aspergillaceae	0.429	Fungi;Ascomycota;NA;Eurotiales;NA;NA;NA
n1600	1600	port_py3_epang_T1	9c27cf65-ba28-47ed-96b7-8f6f8d99ae71	same rank, other proposal	Species	Ilex serrata	Ilex corallina	0.510	Species	Ilex serrata	__TAXCLUSTER2__Ilex metabaptista	1.000	Plantae;Tracheophyta;NA;Aquifoliales;Aquifoliaceae;Ilex;Ilex serrata
n1600	1600	port_py3_epang_T1	b29d692a-48ad-43f9-a95b-1ab58ec3d9e4	rank differs	Phylum	Basidiomycota	Ascomycota	0.649	Order	NA	Russulales	0.635	Fungi;Basidiomycota;NA;NA;NA;NA;NA
n1600	1600	port_py3_epang_T1	e4c13d92-788b-4c82-9a0f-82c0dde2414b	rank differs	Kingdom	Fungi	Plantae	0.663	Phylum	Basidiomycota	Zoopagomycota	0.550	Fungi;Basidiomycota;NA
n1600	1600	port_py3_epang_T1	ebd81364-c474-463c-8b7f-7f9881e5403c	same rank, other proposal	Phylum	Basidiomycota	Mucoromycota	0.999	Phylum	Basidiomycota	Ascomycota	0.481	Fungi;Basidiomycota;NA;NA;NA;NA;NA
n1600	1600	port_py3_epang_T1	08e962c7-5564-431e-ba94-03e4b66d7562	flagged by reference only	Species	Ilex shukunii	Ilex x wandoensis	0.814					Plantae;Tracheophyta;NA;Aquifoliales;Aquifoliaceae;Ilex;Ilex shukunii
n1600	1600	port_py3_epang_T1	0e6638cd-5d7d-4a06-9c12-cbb97adbb37e	flagged by reference only	Species	Ilex cornuta	Ilex x wandoensis	0.926					Plantae;Tracheophyta;NA;Aquifoliales;Aquifoliaceae;Ilex;Ilex cornuta
n1600	1600	port_py3_epang_T1	0e95f70b-a70e-4df2-9039-1febb088baf7	flagged by reference only	Species	Ahnfeltia borealis	Ahnfeltia plicata	0.946					Plantae;Rhodophyta;NA;Ahnfeltiales;Ahnfeltiaceae;Ahnfeltia;Ahnfeltia borealis
n1600	1600	port_py3_epang_T1	2fb594fe-4505-4e08-912a-67344e9f59a5	flagged by reference only	Genus	Pseudopodospermum	Scorzonera	0.410					Plantae;Tracheophyta;NA;Asterales;Asteraceae;Pseudopodospermum;Pseudopodospermum inaequiscapum
n1600	1600	port_py3_epang_T1	31c06ff3-de55-4289-9b11-6c7472f286c1	flagged by reference only	Genus	Eudorina	Pandorina	1.000					Plantae;Chlorophyta;NA;Chlamydomonadales;Volvocaceae;Eudorina;Eudorina elegans
n1600	1600	port_py3_epang_T1	353b1e2b-29d1-443b-ae8f-944f0a6ac13b	flagged by reference only	Species	Ahnfeltia fastigiata	Ahnfeltia plicata	0.997					Plantae;Rhodophyta;NA;Ahnfeltiales;Ahnfeltiaceae;Ahnfeltia;Ahnfeltia fastigiata
n1600	1600	port_py3_epang_T1	3b26eed0-91da-4ce6-84a3-306e73e92626	flagged by reference only	Species	Actinidia fulvicoma	NA	0.815					Plantae;Tracheophyta;NA;Ericales;Actinidiaceae;Actinidia;Actinidia fulvicoma
n1600	1600	port_py3_epang_T1	3b7aa83b-3f3f-4572-8abf-a132fc2a19a0	flagged by reference only	Species	Actinidia fulvicoma	NA	0.814					Plantae;Tracheophyta;NA;Ericales;Actinidiaceae;Actinidia;Actinidia fulvicoma
n1600	1600	port_py3_epang_T1	3be76ad8-a918-4987-8f03-0c3a86c0d266	flagged by reference only	Species	Ahnfeltia fastigiata	Ahnfeltia plicata	0.997					Plantae;Rhodophyta;NA;Ahnfeltiales;Ahnfeltiaceae;Ahnfeltia;Ahnfeltia fastigiata
n1600	1600	port_py3_epang_T1	52efdec0-6b5b-47aa-b41a-ed9b386cef41	flagged by reference only	Species	NA	Bipolaris sorokiniana	0.991					Fungi;Ascomycota;NA;Pleosporales;Pleosporaceae;Bipolaris;NA
n1600	1600	port_py3_epang_T1	5c4c7b4d-3a48-41e6-aa23-16fd38952d2b	flagged by reference only	Phylum	Ascomycota	NA	0.912					Fungi;Ascomycota;NA;Eurotiales;Aspergillaceae;Aspergillus;NA
n1600	1600	port_py3_epang_T1	75e2a37b-db1b-4673-bcef-338f984d4d9b	flagged by reference only	Species	Ahnfeltia borealis	Ahnfeltia plicata	0.997					Plantae;Rhodophyta;NA;Ahnfeltiales;Ahnfeltiaceae;Ahnfeltia;Ahnfeltia borealis
n1600	1600	port_py3_epang_T1	817344f0-1ac1-4dcb-9437-10d50e54cf17	flagged by reference only	Species	Ilex chinensis	Ilex x wandoensis	0.492					Plantae;Tracheophyta;NA;Aquifoliales;Aquifoliaceae;Ilex;Ilex chinensis
n1600	1600	port_py3_epang_T1	8c218ce6-7103-4963-8949-7893188cc590	flagged by reference only	Species	Ahnfeltia fastigiata	Ahnfeltia plicata	0.997					Plantae;Rhodophyta;NA;Ahnfeltiales;Ahnfeltiaceae;Ahnfeltia;Ahnfeltia fastigiata
n1600	1600	port_py3_epang_T1	e62ae28c-9b37-49e0-b1ef-9e0dc3e2b638	flagged by reference only	Species	Ilex shukunii	Ilex x wandoensis	0.814					Plantae;Tracheophyta;NA;Aquifoliales;Aquifoliaceae;Ilex;Ilex shukunii
n1600	1600	port_py3_epang_T1	f17cd819-8779-4d94-9c4b-67b6f0f80c16	flagged by reference only	Species	Ahnfeltia borealis	Ahnfeltia plicata	0.997					Plantae;Rhodophyta;NA;Ahnfeltiales;Ahnfeltiaceae;Ahnfeltia;Ahnfeltia borealis
n1600	1600	port_py3_epang_T1	f254f880-e1cb-467c-a691-df7862b2a753	flagged by reference only	Species	Ilex tetramera	Ilex x wandoensis	0.814					Plantae;Tracheophyta;NA;Aquifoliales;Aquifoliaceae;Ilex;Ilex tetramera
n1600	1600	port_py3_epang_T1	0e209b54-1496-4e43-988c-b37cb86c6b5f	flagged by test only					Species	NA	Eudorina elegans	1.000	Plantae;Chlorophyta;NA;Chlamydomonadales;Volvocaceae;Eudorina;NA
n1600	1600	port_py3_epang_T1	0f799fab-e0c1-4297-bfc3-979ee401eae9	flagged by test only					Species	Bouteloua warnockii	Bouteloua curtipendula	1.000	Plantae;Tracheophyta;NA;Poales;Poaceae;Bouteloua;Bouteloua warnockii
n1600	1600	port_py3_epang_T1	1a66e156-5e5a-4957-a393-a21ae8840c02	flagged by test only					Phylum	Mucoromycota	Ascomycota	1.000	Fungi;Mucoromycota;NA;Endogonales;NA;NA;__TAXCLUSTER5__NA
n1600	1600	port_py3_epang_T1	27f8dfdc-b631-471d-85f4-e6431a95d1a2	flagged by test only					Species	Primula farinosa	Primula pinnata	0.510	Plantae;Tracheophyta;NA;Ericales;Primulaceae;Primula;Primula farinosa
n1600	1600	port_py3_epang_T1	2cc256c7-18cb-4dd1-8b09-096b820a1840	flagged by test only					Species	Asterochloris woessiae	NA	0.473	Plantae;Chlorophyta;NA;Microthamniales;NA;Asterochloris;Asterochloris woessiae
n1600	1600	port_py3_epang_T1	2d77ea64-ffbe-4c8b-ad03-af0de2bdf1cc	flagged by test only					Species	Mucuna novoguineensis	Mucuna gigantea	0.510	Plantae;Tracheophyta;NA;Fabales;Fabaceae;Mucuna;Mucuna novoguineensis
n1600	1600	port_py3_epang_T1	31212b33-3e7c-4c3e-9969-3a48d0dd117c	flagged by test only					Species	Asterochloris italiana	NA	0.849	Plantae;Chlorophyta;NA;Microthamniales;NA;Asterochloris;Asterochloris italiana
n1600	1600	port_py3_epang_T1	3453d2be-3e07-4fa6-8d00-d2d2c992b2b2	flagged by test only					Genus	Omphalogramma	Primula	0.996	Plantae;Tracheophyta;NA;Ericales;Primulaceae;Omphalogramma
n1600	1600	port_py3_epang_T1	3bc999e5-2232-4b3a-acfc-6161b2e6504c	flagged by test only					Species	Primula farinosa	Primula pinnata	0.510	Plantae;Tracheophyta;NA;Ericales;Primulaceae;Primula;Primula farinosa
n1600	1600	port_py3_epang_T1	3d62b4e2-6ef6-4bb1-8c4e-338d9b931017	flagged by test only					Genus	Omphalogramma	Primula	0.709	Plantae;Tracheophyta;NA;Ericales;Primulaceae;Omphalogramma
n1600	1600	port_py3_epang_T1	554d4ef6-80da-41c4-b2d3-741422082908	flagged by test only					Species	NA	Scorzonera meyeri	0.510	Plantae;Tracheophyta;NA;Asterales;Asteraceae;Scorzonera;NA
n1600	1600	port_py3_epang_T1	55927f18-64e4-4ded-b834-6ed4c025fa3d	flagged by test only					Species	Mucuna novoguineensis	Mucuna gigantea	0.510	Plantae;Tracheophyta;NA;Fabales;Fabaceae;Mucuna;Mucuna novoguineensis
n1600	1600	port_py3_epang_T1	5ce1e186-82e6-4847-8ecc-f7d13ee39941	flagged by test only					Species	Primula cusickiana	Primula capillaris	0.510	Plantae;Tracheophyta;NA;Ericales;Primulaceae;Primula;Primula cusickiana
n1600	1600	port_py3_epang_T1	636c97f1-bcaa-4c93-af63-10a9e3db0752	flagged by test only					Species	Primula beesiana	Primula chungensis	0.738	Plantae;Tracheophyta;NA;Ericales;Primulaceae;Primula;Primula beesiana
n1600	1600	port_py3_epang_T1	64b3e071-e66c-408b-9ba5-5c33a7321b40	flagged by test only					Phylum	Mucoromycota	Ascomycota	1.000	Fungi;Mucoromycota;NA;Endogonales;NA;NA;__TAXCLUSTER5__NA
n1600	1600	port_py3_epang_T1	681d305d-8dee-4c2f-8d55-96a7b28cb745	flagged by test only					Species	NA	Bouteloua curtipendula	0.576	Plantae;Tracheophyta;NA;Poales;Poaceae;Bouteloua;NA
n1600	1600	port_py3_epang_T1	694e048c-07c0-43fa-b3f5-d78b6589e09d	flagged by test only					Species	Asterochloris italiana	NA	0.849	Plantae;Chlorophyta;NA;Microthamniales;NA;Asterochloris;Asterochloris italiana
n1600	1600	port_py3_epang_T1	6ffdd279-3346-42d5-9bac-5d8ec04b6171	flagged by test only					Species	NA	Eudorina elegans	0.999	Plantae;Chlorophyta;NA;Chlamydomonadales;Volvocaceae;Eudorina;NA
n1600	1600	port_py3_epang_T1	718a9b63-81a8-4ca8-99dc-42e9dac2bcf2	flagged by test only					Species	Primula egaliksensis	NA	0.660	Plantae;Tracheophyta;NA;Ericales;Primulaceae;Primula;Primula egaliksensis
n1600	1600	port_py3_epang_T1	71c310db-eb55-434c-bea7-72844bf111a4	flagged by test only					Species	Ilex macrocarpa	Ilex micrococca	0.452	Plantae;Tracheophyta;NA;Aquifoliales;Aquifoliaceae;Ilex;Ilex macrocarpa
n1600	1600	port_py3_epang_T1	7c7425af-4a7e-4dd6-b4a4-7549bbb7ebd8	flagged by test only					Genus	Omphalogramma	Primula	0.821	Plantae;Tracheophyta;NA;Ericales;Primulaceae;Omphalogramma
n1600	1600	port_py3_epang_T1	8cd0e442-47b3-49ee-bd90-4884f9affaba	flagged by test only					Species	NA	Nymphaea odorata	0.510	Plantae;Tracheophyta;NA;Nymphaeales;Nymphaeaceae;Nymphaea;NA
n1600	1600	port_py3_epang_T1	8f894320-cbf1-4716-a628-56c4eb8aa47c	flagged by test only					Species	Bipolaris sorokiniana	NA	1.000	Fungi;Ascomycota;NA;Pleosporales;Pleosporaceae;Bipolaris;Bipolaris sorokiniana
n1600	1600	port_py3_epang_T1	92aedd84-5868-4824-8d94-223e55be976e	flagged by test only					Order	Trebouxiales	Microthamniales	0.988	Plantae;Chlorophyta;NA;Trebouxiales;Trebouxiaceae;Trebouxia;NA
n1600	1600	port_py3_epang_T1	94d0392e-1810-4b59-a63f-8efdfd291e5b	flagged by test only					Species	Bouteloua warnockii	Bouteloua curtipendula	1.000	Plantae;Tracheophyta;NA;Poales;Poaceae;Bouteloua;Bouteloua warnockii
n1600	1600	port_py3_epang_T1	97311ffc-d825-4d81-96cb-deaa05ae4508	flagged by test only					Infraorder	Alternaria	Bipolaris	1.000	Fungi;Ascomycota;NA;Pleosporales;Pleosporaceae;Alternaria;NA
n1600	1600	port_py3_epang_T1	9b120823-3155-437d-92a6-e60897e599fd	flagged by test only					Species	Primula kialensis	NA	0.466	Plantae;Tracheophyta;NA;Ericales;Primulaceae;Primula;Primula kialensis
n1600	1600	port_py3_epang_T1	a74a94da-c7bb-4dba-a559-262af51f0ddf	flagged by test only					Species	Primula cusickiana	Primula capillaris	0.510	Plantae;Tracheophyta;NA;Ericales;Primulaceae;Primula;Primula cusickiana
n1600	1600	port_py3_epang_T1	a978ee1b-d8d2-49a6-a534-b823abf82774	flagged by test only					Phylum	NA	Ascomycota	0.715	Fungi;NA;NA;NA;NA;NA;NA
n1600	1600	port_py3_epang_T1	ad800fc3-d641-4d7a-9c13-807cca9b0caa	flagged by test only					Genus	Gelasia	Epilasia	0.508	Plantae;Tracheophyta;NA;Asterales;Asteraceae;Gelasia;Gelasia aucheriana
n1600	1600	port_py3_epang_T1	ce999006-80dc-4b0a-9311-cd7fa91d5764	flagged by test only					Infraorder	Alternaria	Bipolaris	1.000	Fungi;Ascomycota;NA;Pleosporales;Pleosporaceae;Alternaria;NA
n1600	1600	port_py3_epang_T1	ed80f120-7a90-4bfa-985c-a4b2255a106a	flagged by test only					Phylum	Mucoromycota	Ascomycota	1.000	Fungi;Mucoromycota;NA;Endogonales;NA;NA;__TAXCLUSTER5__NA
n1600	1600	port_py3_epang_T16	0e95f70b-a70e-4df2-9039-1febb088baf7	same rank, other proposal	Species	Ahnfeltia borealis	Ahnfeltia plicata	0.946	Species	Ahnfeltia borealis	Ahnfeltia fastigiata	0.581	Plantae;Rhodophyta;NA;Ahnfeltiales;Ahnfeltiaceae;Ahnfeltia;Ahnfeltia borealis
n1600	1600	port_py3_epang_T16	13696475-39a1-416d-8d98-0b7160c3e7e5	rank differs	Kingdom	Fungi	Plantae	0.760	Phylum	NA	Basidiomycota	0.991	Fungi;NA;NA;NA;NA;NA;NA
n1600	1600	port_py3_epang_T16	199ec4f6-40e0-4a07-8c8e-95ba7ca0f54f	same rank, other proposal	Genus	Pleodorina	Pandorina	0.602	Genus	Pleodorina	Eudorina	0.996	Plantae;Chlorophyta;NA;Chlamydomonadales;Volvocaceae;Pleodorina
n1600	1600	port_py3_epang_T16	298983ad-4160-4cdd-be94-1377c18ed9e0	same rank, other proposal	Genus	Pleodorina	Pandorina	0.999	Genus	Pleodorina	Eudorina	0.668	Plantae;Chlorophyta;NA;Chlamydomonadales;Volvocaceae;Pleodorina
n1600	1600	port_py3_epang_T16	3f6abd7f-f0d5-443f-a389-a6eee27f6f9c	same rank, other proposal	Species	Primula kialensis	Primula auriculata	0.468	Species	Primula kialensis	NA	0.726	Plantae;Tracheophyta;NA;Ericales;Primulaceae;Primula;Primula kialensis
n1600	1600	port_py3_epang_T16	4d7a86e3-7b98-4721-a6c1-dee1101ffd36	same rank, other proposal	Genus	Pleodorina	Pandorina	0.999	Genus	Pleodorina	Eudorina	0.972	Plantae;Chlorophyta;NA;Chlamydomonadales;Volvocaceae;Pleodorina
n1600	1600	port_py3_epang_T16	4fdc2d5c-fe5d-4273-908e-6785b6f69cb7	rank differs	Phylum	Ascomycota	NA	0.912	Family	NA	Aspergillaceae	0.430	Fungi;Ascomycota;NA;Eurotiales;NA;NA;NA
n1600	1600	port_py3_epang_T16	75e2a37b-db1b-4673-bcef-338f984d4d9b	same rank, other proposal	Species	Ahnfeltia borealis	Ahnfeltia plicata	0.997	Species	Ahnfeltia borealis	Ahnfeltia fastigiata	0.529	Plantae;Rhodophyta;NA;Ahnfeltiales;Ahnfeltiaceae;Ahnfeltia;Ahnfeltia borealis
n1600	1600	port_py3_epang_T16	9c27cf65-ba28-47ed-96b7-8f6f8d99ae71	same rank, other proposal	Species	Ilex serrata	Ilex corallina	0.510	Species	Ilex serrata	__TAXCLUSTER2__Ilex metabaptista	1.000	Plantae;Tracheophyta;NA;Aquifoliales;Aquifoliaceae;Ilex;Ilex serrata
n1600	1600	port_py3_epang_T16	ab24a6f7-938e-4292-ba70-41a7aab91d5a	same rank, other proposal	Phylum	NA	Zoopagomycota	0.954	Phylum	NA	Basidiomycota	0.998	Fungi;NA;NA;NA;NA;NA;NA
n1600	1600	port_py3_epang_T16	b29d692a-48ad-43f9-a95b-1ab58ec3d9e4	rank differs	Phylum	Basidiomycota	Ascomycota	0.649	Order	NA	Russulales	0.664	Fungi;Basidiomycota;NA;NA;NA;NA;NA
n1600	1600	port_py3_epang_T16	f17cd819-8779-4d94-9c4b-67b6f0f80c16	same rank, other proposal	Species	Ahnfeltia borealis	Ahnfeltia plicata	0.997	Species	Ahnfeltia borealis	Ahnfeltia fastigiata	0.529	Plantae;Rhodophyta;NA;Ahnfeltiales;Ahnfeltiaceae;Ahnfeltia;Ahnfeltia borealis
n1600	1600	port_py3_epang_T16	08e962c7-5564-431e-ba94-03e4b66d7562	flagged by reference only	Species	Ilex shukunii	Ilex x wandoensis	0.814					Plantae;Tracheophyta;NA;Aquifoliales;Aquifoliaceae;Ilex;Ilex shukunii
n1600	1600	port_py3_epang_T16	0e6638cd-5d7d-4a06-9c12-cbb97adbb37e	flagged by reference only	Species	Ilex cornuta	Ilex x wandoensis	0.926					Plantae;Tracheophyta;NA;Aquifoliales;Aquifoliaceae;Ilex;Ilex cornuta
n1600	1600	port_py3_epang_T16	2fb594fe-4505-4e08-912a-67344e9f59a5	flagged by reference only	Genus	Pseudopodospermum	Scorzonera	0.410					Plantae;Tracheophyta;NA;Asterales;Asteraceae;Pseudopodospermum;Pseudopodospermum inaequiscapum
n1600	1600	port_py3_epang_T16	31c06ff3-de55-4289-9b11-6c7472f286c1	flagged by reference only	Genus	Eudorina	Pandorina	1.000					Plantae;Chlorophyta;NA;Chlamydomonadales;Volvocaceae;Eudorina;Eudorina elegans
n1600	1600	port_py3_epang_T16	353b1e2b-29d1-443b-ae8f-944f0a6ac13b	flagged by reference only	Species	Ahnfeltia fastigiata	Ahnfeltia plicata	0.997					Plantae;Rhodophyta;NA;Ahnfeltiales;Ahnfeltiaceae;Ahnfeltia;Ahnfeltia fastigiata
n1600	1600	port_py3_epang_T16	3b26eed0-91da-4ce6-84a3-306e73e92626	flagged by reference only	Species	Actinidia fulvicoma	NA	0.815					Plantae;Tracheophyta;NA;Ericales;Actinidiaceae;Actinidia;Actinidia fulvicoma
n1600	1600	port_py3_epang_T16	3b7aa83b-3f3f-4572-8abf-a132fc2a19a0	flagged by reference only	Species	Actinidia fulvicoma	NA	0.814					Plantae;Tracheophyta;NA;Ericales;Actinidiaceae;Actinidia;Actinidia fulvicoma
n1600	1600	port_py3_epang_T16	3be76ad8-a918-4987-8f03-0c3a86c0d266	flagged by reference only	Species	Ahnfeltia fastigiata	Ahnfeltia plicata	0.997					Plantae;Rhodophyta;NA;Ahnfeltiales;Ahnfeltiaceae;Ahnfeltia;Ahnfeltia fastigiata
n1600	1600	port_py3_epang_T16	52efdec0-6b5b-47aa-b41a-ed9b386cef41	flagged by reference only	Species	NA	Bipolaris sorokiniana	0.991					Fungi;Ascomycota;NA;Pleosporales;Pleosporaceae;Bipolaris;NA
n1600	1600	port_py3_epang_T16	5c4c7b4d-3a48-41e6-aa23-16fd38952d2b	flagged by reference only	Phylum	Ascomycota	NA	0.912					Fungi;Ascomycota;NA;Eurotiales;Aspergillaceae;Aspergillus;NA
n1600	1600	port_py3_epang_T16	817344f0-1ac1-4dcb-9437-10d50e54cf17	flagged by reference only	Species	Ilex chinensis	Ilex x wandoensis	0.492					Plantae;Tracheophyta;NA;Aquifoliales;Aquifoliaceae;Ilex;Ilex chinensis
n1600	1600	port_py3_epang_T16	8c218ce6-7103-4963-8949-7893188cc590	flagged by reference only	Species	Ahnfeltia fastigiata	Ahnfeltia plicata	0.997					Plantae;Rhodophyta;NA;Ahnfeltiales;Ahnfeltiaceae;Ahnfeltia;Ahnfeltia fastigiata
n1600	1600	port_py3_epang_T16	e4c13d92-788b-4c82-9a0f-82c0dde2414b	flagged by reference only	Kingdom	Fungi	Plantae	0.663					Fungi;Basidiomycota;NA
n1600	1600	port_py3_epang_T16	e62ae28c-9b37-49e0-b1ef-9e0dc3e2b638	flagged by reference only	Species	Ilex shukunii	Ilex x wandoensis	0.814					Plantae;Tracheophyta;NA;Aquifoliales;Aquifoliaceae;Ilex;Ilex shukunii
n1600	1600	port_py3_epang_T16	ebd81364-c474-463c-8b7f-7f9881e5403c	flagged by reference only	Phylum	Basidiomycota	Mucoromycota	0.999					Fungi;Basidiomycota;NA;NA;NA;NA;NA
n1600	1600	port_py3_epang_T16	f254f880-e1cb-467c-a691-df7862b2a753	flagged by reference only	Species	Ilex tetramera	Ilex x wandoensis	0.814					Plantae;Tracheophyta;NA;Aquifoliales;Aquifoliaceae;Ilex;Ilex tetramera
n1600	1600	port_py3_epang_T16	0e209b54-1496-4e43-988c-b37cb86c6b5f	flagged by test only					Species	NA	Eudorina elegans	1.000	Plantae;Chlorophyta;NA;Chlamydomonadales;Volvocaceae;Eudorina;NA
n1600	1600	port_py3_epang_T16	0f799fab-e0c1-4297-bfc3-979ee401eae9	flagged by test only					Species	Bouteloua warnockii	Bouteloua curtipendula	1.000	Plantae;Tracheophyta;NA;Poales;Poaceae;Bouteloua;Bouteloua warnockii
n1600	1600	port_py3_epang_T16	1a66e156-5e5a-4957-a393-a21ae8840c02	flagged by test only					Phylum	Mucoromycota	Ascomycota	1.000	Fungi;Mucoromycota;NA;Endogonales;NA;NA;__TAXCLUSTER5__NA
n1600	1600	port_py3_epang_T16	27f8dfdc-b631-471d-85f4-e6431a95d1a2	flagged by test only					Species	Primula farinosa	Primula pinnata	0.510	Plantae;Tracheophyta;NA;Ericales;Primulaceae;Primula;Primula farinosa
n1600	1600	port_py3_epang_T16	2cc256c7-18cb-4dd1-8b09-096b820a1840	flagged by test only					Species	Asterochloris woessiae	NA	0.472	Plantae;Chlorophyta;NA;Microthamniales;NA;Asterochloris;Asterochloris woessiae
n1600	1600	port_py3_epang_T16	2d77ea64-ffbe-4c8b-ad03-af0de2bdf1cc	flagged by test only					Species	Mucuna novoguineensis	Mucuna gigantea	0.510	Plantae;Tracheophyta;NA;Fabales;Fabaceae;Mucuna;Mucuna novoguineensis
n1600	1600	port_py3_epang_T16	31212b33-3e7c-4c3e-9969-3a48d0dd117c	flagged by test only					Species	Asterochloris italiana	NA	0.846	Plantae;Chlorophyta;NA;Microthamniales;NA;Asterochloris;Asterochloris italiana
n1600	1600	port_py3_epang_T16	3453d2be-3e07-4fa6-8d00-d2d2c992b2b2	flagged by test only					Genus	Omphalogramma	Primula	0.996	Plantae;Tracheophyta;NA;Ericales;Primulaceae;Omphalogramma
n1600	1600	port_py3_epang_T16	3bc999e5-2232-4b3a-acfc-6161b2e6504c	flagged by test only					Species	Primula farinosa	Primula pinnata	0.510	Plantae;Tracheophyta;NA;Ericales;Primulaceae;Primula;Primula farinosa
n1600	1600	port_py3_epang_T16	3d62b4e2-6ef6-4bb1-8c4e-338d9b931017	flagged by test only					Genus	Omphalogramma	Primula	0.705	Plantae;Tracheophyta;NA;Ericales;Primulaceae;Omphalogramma
n1600	1600	port_py3_epang_T16	554d4ef6-80da-41c4-b2d3-741422082908	flagged by test only					Species	NA	Scorzonera meyeri	0.510	Plantae;Tracheophyta;NA;Asterales;Asteraceae;Scorzonera;NA
n1600	1600	port_py3_epang_T16	55927f18-64e4-4ded-b834-6ed4c025fa3d	flagged by test only					Species	Mucuna novoguineensis	Mucuna gigantea	0.510	Plantae;Tracheophyta;NA;Fabales;Fabaceae;Mucuna;Mucuna novoguineensis
n1600	1600	port_py3_epang_T16	5ce1e186-82e6-4847-8ecc-f7d13ee39941	flagged by test only					Species	Primula cusickiana	Primula capillaris	0.510	Plantae;Tracheophyta;NA;Ericales;Primulaceae;Primula;Primula cusickiana
n1600	1600	port_py3_epang_T16	636c97f1-bcaa-4c93-af63-10a9e3db0752	flagged by test only					Species	Primula beesiana	Primula chungensis	0.740	Plantae;Tracheophyta;NA;Ericales;Primulaceae;Primula;Primula beesiana
n1600	1600	port_py3_epang_T16	64b3e071-e66c-408b-9ba5-5c33a7321b40	flagged by test only					Phylum	Mucoromycota	Ascomycota	1.000	Fungi;Mucoromycota;NA;Endogonales;NA;NA;__TAXCLUSTER5__NA
n1600	1600	port_py3_epang_T16	681d305d-8dee-4c2f-8d55-96a7b28cb745	flagged by test only					Species	NA	Bouteloua curtipendula	0.580	Plantae;Tracheophyta;NA;Poales;Poaceae;Bouteloua;NA
n1600	1600	port_py3_epang_T16	694e048c-07c0-43fa-b3f5-d78b6589e09d	flagged by test only					Species	Asterochloris italiana	NA	0.846	Plantae;Chlorophyta;NA;Microthamniales;NA;Asterochloris;Asterochloris italiana
n1600	1600	port_py3_epang_T16	6ffdd279-3346-42d5-9bac-5d8ec04b6171	flagged by test only					Species	NA	Eudorina elegans	0.999	Plantae;Chlorophyta;NA;Chlamydomonadales;Volvocaceae;Eudorina;NA
n1600	1600	port_py3_epang_T16	718a9b63-81a8-4ca8-99dc-42e9dac2bcf2	flagged by test only					Species	Primula egaliksensis	NA	0.659	Plantae;Tracheophyta;NA;Ericales;Primulaceae;Primula;Primula egaliksensis
n1600	1600	port_py3_epang_T16	71c310db-eb55-434c-bea7-72844bf111a4	flagged by test only					Species	Ilex macrocarpa	Ilex micrococca	0.465	Plantae;Tracheophyta;NA;Aquifoliales;Aquifoliaceae;Ilex;Ilex macrocarpa
n1600	1600	port_py3_epang_T16	7c7425af-4a7e-4dd6-b4a4-7549bbb7ebd8	flagged by test only					Genus	Omphalogramma	Primula	0.819	Plantae;Tracheophyta;NA;Ericales;Primulaceae;Omphalogramma
n1600	1600	port_py3_epang_T16	8cd0e442-47b3-49ee-bd90-4884f9affaba	flagged by test only					Species	NA	Nymphaea odorata	0.510	Plantae;Tracheophyta;NA;Nymphaeales;Nymphaeaceae;Nymphaea;NA
n1600	1600	port_py3_epang_T16	8f894320-cbf1-4716-a628-56c4eb8aa47c	flagged by test only					Species	Bipolaris sorokiniana	NA	1.000	Fungi;Ascomycota;NA;Pleosporales;Pleosporaceae;Bipolaris;Bipolaris sorokiniana
n1600	1600	port_py3_epang_T16	92aedd84-5868-4824-8d94-223e55be976e	flagged by test only					Order	Trebouxiales	Microthamniales	0.988	Plantae;Chlorophyta;NA;Trebouxiales;Trebouxiaceae;Trebouxia;NA
n1600	1600	port_py3_epang_T16	94d0392e-1810-4b59-a63f-8efdfd291e5b	flagged by test only					Species	Bouteloua warnockii	Bouteloua curtipendula	1.000	Plantae;Tracheophyta;NA;Poales;Poaceae;Bouteloua;Bouteloua warnockii
n1600	1600	port_py3_epang_T16	97311ffc-d825-4d81-96cb-deaa05ae4508	flagged by test only					Infraorder	Alternaria	Bipolaris	1.000	Fungi;Ascomycota;NA;Pleosporales;Pleosporaceae;Alternaria;NA
n1600	1600	port_py3_epang_T16	9b120823-3155-437d-92a6-e60897e599fd	flagged by test only					Species	Primula kialensis	NA	0.463	Plantae;Tracheophyta;NA;Ericales;Primulaceae;Primula;Primula kialensis
n1600	1600	port_py3_epang_T16	a74a94da-c7bb-4dba-a559-262af51f0ddf	flagged by test only					Species	Primula cusickiana	Primula capillaris	0.510	Plantae;Tracheophyta;NA;Ericales;Primulaceae;Primula;Primula cusickiana
n1600	1600	port_py3_epang_T16	a978ee1b-d8d2-49a6-a534-b823abf82774	flagged by test only					Phylum	NA	Ascomycota	0.714	Fungi;NA;NA;NA;NA;NA;NA
n1600	1600	port_py3_epang_T16	ad800fc3-d641-4d7a-9c13-807cca9b0caa	flagged by test only					Genus	Gelasia	Epilasia	0.507	Plantae;Tracheophyta;NA;Asterales;Asteraceae;Gelasia;Gelasia aucheriana
n1600	1600	port_py3_epang_T16	ce999006-80dc-4b0a-9311-cd7fa91d5764	flagged by test only					Infraorder	Alternaria	Bipolaris	1.000	Fungi;Ascomycota;NA;Pleosporales;Pleosporaceae;Alternaria;NA
n1600	1600	port_py3_epang_T16	ed80f120-7a90-4bfa-985c-a4b2255a106a	flagged by test only					Phylum	Mucoromycota	Ascomycota	1.000	Fungi;Mucoromycota;NA;Endogonales;NA;NA;__TAXCLUSTER5__NA
n1600	1600	port_py3_epang_T1_K25	13696475-39a1-416d-8d98-0b7160c3e7e5	rank differs	Kingdom	Fungi	Plantae	0.760	Phylum	NA	Basidiomycota	0.448	Fungi;NA;NA;NA;NA;NA;NA
n1600	1600	port_py3_epang_T1_K25	199ec4f6-40e0-4a07-8c8e-95ba7ca0f54f	same rank, other proposal	Genus	Pleodorina	Pandorina	0.602	Genus	Pleodorina	Eudorina	0.510	Plantae;Chlorophyta;NA;Chlamydomonadales;Volvocaceae;Pleodorina
n1600	1600	port_py3_epang_T1_K25	3f6abd7f-f0d5-443f-a389-a6eee27f6f9c	same rank, other proposal	Species	Primula kialensis	Primula auriculata	0.468	Species	Primula kialensis	NA	0.706	Plantae;Tracheophyta;NA;Ericales;Primulaceae;Primula;Primula kialensis
n1600	1600	port_py3_epang_T1_K25	4fdc2d5c-fe5d-4273-908e-6785b6f69cb7	rank differs	Phylum	Ascomycota	NA	0.912	Family	NA	Aspergillaceae	0.443	Fungi;Ascomycota;NA;Eurotiales;NA;NA;NA
n1600	1600	port_py3_epang_T1_K25	9c27cf65-ba28-47ed-96b7-8f6f8d99ae71	same rank, other proposal	Species	Ilex serrata	Ilex corallina	0.510	Species	Ilex serrata	__TAXCLUSTER2__Ilex metabaptista	1.000	Plantae;Tracheophyta;NA;Aquifoliales;Aquifoliaceae;Ilex;Ilex serrata
n1600	1600	port_py3_epang_T1_K25	0020f170-0a39-4efa-92a7-cf1f72b2ed7b	flagged by reference only	Genus	NA	Aspergillus	0.524					Fungi;Ascomycota;NA;Eurotiales;Aspergillaceae;NA;NA
n1600	1600	port_py3_epang_T1_K25	08e962c7-5564-431e-ba94-03e4b66d7562	flagged by reference only	Species	Ilex shukunii	Ilex x wandoensis	0.814					Plantae;Tracheophyta;NA;Aquifoliales;Aquifoliaceae;Ilex;Ilex shukunii
n1600	1600	port_py3_epang_T1_K25	2fb594fe-4505-4e08-912a-67344e9f59a5	flagged by reference only	Genus	Pseudopodospermum	Scorzonera	0.410					Plantae;Tracheophyta;NA;Asterales;Asteraceae;Pseudopodospermum;Pseudopodospermum inaequiscapum
n1600	1600	port_py3_epang_T1_K25	31c06ff3-de55-4289-9b11-6c7472f286c1	flagged by reference only	Genus	Eudorina	Pandorina	1.000					Plantae;Chlorophyta;NA;Chlamydomonadales;Volvocaceae;Eudorina;Eudorina elegans
n1600	1600	port_py3_epang_T1_K25	3b26eed0-91da-4ce6-84a3-306e73e92626	flagged by reference only	Species	Actinidia fulvicoma	NA	0.815					Plantae;Tracheophyta;NA;Ericales;Actinidiaceae;Actinidia;Actinidia fulvicoma
n1600	1600	port_py3_epang_T1_K25	3b7aa83b-3f3f-4572-8abf-a132fc2a19a0	flagged by reference only	Species	Actinidia fulvicoma	NA	0.814					Plantae;Tracheophyta;NA;Ericales;Actinidiaceae;Actinidia;Actinidia fulvicoma
n1600	1600	port_py3_epang_T1_K25	4d7a86e3-7b98-4721-a6c1-dee1101ffd36	flagged by reference only	Genus	Pleodorina	Pandorina	0.999					Plantae;Chlorophyta;NA;Chlamydomonadales;Volvocaceae;Pleodorina
n1600	1600	port_py3_epang_T1_K25	52efdec0-6b5b-47aa-b41a-ed9b386cef41	flagged by reference only	Species	NA	Bipolaris sorokiniana	0.991					Fungi;Ascomycota;NA;Pleosporales;Pleosporaceae;Bipolaris;NA
n1600	1600	port_py3_epang_T1_K25	5c4c7b4d-3a48-41e6-aa23-16fd38952d2b	flagged by reference only	Phylum	Ascomycota	NA	0.912					Fungi;Ascomycota;NA;Eurotiales;Aspergillaceae;Aspergillus;NA
n1600	1600	port_py3_epang_T1_K25	e4c13d92-788b-4c82-9a0f-82c0dde2414b	flagged by reference only	Kingdom	Fungi	Plantae	0.663					Fungi;Basidiomycota;NA
n1600	1600	port_py3_epang_T1_K25	e62ae28c-9b37-49e0-b1ef-9e0dc3e2b638	flagged by reference only	Species	Ilex shukunii	Ilex x wandoensis	0.814					Plantae;Tracheophyta;NA;Aquifoliales;Aquifoliaceae;Ilex;Ilex shukunii
n1600	1600	port_py3_epang_T1_K25	f254f880-e1cb-467c-a691-df7862b2a753	flagged by reference only	Species	Ilex tetramera	Ilex x wandoensis	0.814					Plantae;Tracheophyta;NA;Aquifoliales;Aquifoliaceae;Ilex;Ilex tetramera
n1600	1600	port_py3_epang_T1_K25	0e209b54-1496-4e43-988c-b37cb86c6b5f	flagged by test only					Species	NA	Eudorina elegans	0.500	Plantae;Chlorophyta;NA;Chlamydomonadales;Volvocaceae;Eudorina;NA
n1600	1600	port_py3_epang_T1_K25	27f8dfdc-b631-471d-85f4-e6431a95d1a2	flagged by test only					Species	Primula farinosa	Primula pinnata	0.510	Plantae;Tracheophyta;NA;Ericales;Primulaceae;Primula;Primula farinosa
n1600	1600	port_py3_epang_T1_K25	2cc256c7-18cb-4dd1-8b09-096b820a1840	flagged by test only					Species	Asterochloris woessiae	NA	0.511	Plantae;Chlorophyta;NA;Microthamniales;NA;Asterochloris;Asterochloris woessiae
n1600	1600	port_py3_epang_T1_K25	31212b33-3e7c-4c3e-9969-3a48d0dd117c	flagged by test only					Species	Asterochloris italiana	NA	0.812	Plantae;Chlorophyta;NA;Microthamniales;NA;Asterochloris;Asterochloris italiana
n1600	1600	port_py3_epang_T1_K25	3bc999e5-2232-4b3a-acfc-6161b2e6504c	flagged by test only					Species	Primula farinosa	Primula pinnata	0.510	Plantae;Tracheophyta;NA;Ericales;Primulaceae;Primula;Primula farinosa
n1600	1600	port_py3_epang_T1_K25	554d4ef6-80da-41c4-b2d3-741422082908	flagged by test only					Species	NA	Scorzonera meyeri	0.510	Plantae;Tracheophyta;NA;Asterales;Asteraceae;Scorzonera;NA
n1600	1600	port_py3_epang_T1_K25	636c97f1-bcaa-4c93-af63-10a9e3db0752	flagged by test only					Species	Primula beesiana	Primula chungensis	0.739	Plantae;Tracheophyta;NA;Ericales;Primulaceae;Primula;Primula beesiana
n1600	1600	port_py3_epang_T1_K25	681d305d-8dee-4c2f-8d55-96a7b28cb745	flagged by test only					Species	NA	Bouteloua curtipendula	0.548	Plantae;Tracheophyta;NA;Poales;Poaceae;Bouteloua;NA
n1600	1600	port_py3_epang_T1_K25	694e048c-07c0-43fa-b3f5-d78b6589e09d	flagged by test only					Species	Asterochloris italiana	NA	0.812	Plantae;Chlorophyta;NA;Microthamniales;NA;Asterochloris;Asterochloris italiana
n1600	1600	port_py3_epang_T1_K25	6ffdd279-3346-42d5-9bac-5d8ec04b6171	flagged by test only					Species	NA	Eudorina elegans	0.510	Plantae;Chlorophyta;NA;Chlamydomonadales;Volvocaceae;Eudorina;NA
n1600	1600	port_py3_epang_T1_K25	718a9b63-81a8-4ca8-99dc-42e9dac2bcf2	flagged by test only					Species	Primula egaliksensis	NA	0.657	Plantae;Tracheophyta;NA;Ericales;Primulaceae;Primula;Primula egaliksensis
n1600	1600	port_py3_epang_T1_K25	71c310db-eb55-434c-bea7-72844bf111a4	flagged by test only					Species	Ilex macrocarpa	Ilex micrococca	0.456	Plantae;Tracheophyta;NA;Aquifoliales;Aquifoliaceae;Ilex;Ilex macrocarpa
n1600	1600	port_py3_epang_T1_K25	8cd0e442-47b3-49ee-bd90-4884f9affaba	flagged by test only					Species	NA	Nymphaea odorata	0.510	Plantae;Tracheophyta;NA;Nymphaeales;Nymphaeaceae;Nymphaea;NA
n1600	1600	port_py3_epang_T1_K25	8f894320-cbf1-4716-a628-56c4eb8aa47c	flagged by test only					Species	Bipolaris sorokiniana	NA	0.964	Fungi;Ascomycota;NA;Pleosporales;Pleosporaceae;Bipolaris;Bipolaris sorokiniana
n1600	1600	port_py3_epang_T1_K25	92aedd84-5868-4824-8d94-223e55be976e	flagged by test only					Order	Trebouxiales	Microthamniales	0.990	Plantae;Chlorophyta;NA;Trebouxiales;Trebouxiaceae;Trebouxia;NA
n1600	1600	port_py3_epang_T1_K25	a978ee1b-d8d2-49a6-a534-b823abf82774	flagged by test only					Phylum	NA	Ascomycota	0.703	Fungi;NA;NA;NA;NA;NA;NA
n1600	1600	port_py3_epang_T1_K25	ad800fc3-d641-4d7a-9c13-807cca9b0caa	flagged by test only					Genus	Gelasia	Epilasia	0.507	Plantae;Tracheophyta;NA;Asterales;Asteraceae;Gelasia;Gelasia aucheriana
n1600	1600	port_py3_epang_T1_K25	b6d8728e-79f1-4161-a00d-e44d0d55b6f9	flagged by test only					Species	Scorzonera laciniata	Scorzonera cana	0.499	Plantae;Tracheophyta;NA;Asterales;Asteraceae;Scorzonera;Scorzonera laciniata
n1600	1600	port_py3_epang_T2	199ec4f6-40e0-4a07-8c8e-95ba7ca0f54f	same rank, other proposal	Genus	Pleodorina	Pandorina	0.602	Genus	Pleodorina	Eudorina	0.994	Plantae;Chlorophyta;NA;Chlamydomonadales;Volvocaceae;Pleodorina
n1600	1600	port_py3_epang_T2	298983ad-4160-4cdd-be94-1377c18ed9e0	same rank, other proposal	Genus	Pleodorina	Pandorina	0.999	Genus	Pleodorina	Eudorina	0.711	Plantae;Chlorophyta;NA;Chlamydomonadales;Volvocaceae;Pleodorina
n1600	1600	port_py3_epang_T2	3f6abd7f-f0d5-443f-a389-a6eee27f6f9c	same rank, other proposal	Species	Primula kialensis	Primula auriculata	0.468	Species	Primula kialensis	NA	0.716	Plantae;Tracheophyta;NA;Ericales;Primulaceae;Primula;Primula kialensis
n1600	1600	port_py3_epang_T2	4d7a86e3-7b98-4721-a6c1-dee1101ffd36	same rank, other proposal	Genus	Pleodorina	Pandorina	0.999	Genus	Pleodorina	Eudorina	0.965	Plantae;Chlorophyta;NA;Chlamydomonadales;Volvocaceae;Pleodorina
n1600	1600	port_py3_epang_T2	4fdc2d5c-fe5d-4273-908e-6785b6f69cb7	rank differs	Phylum	Ascomycota	NA	0.912	Family	NA	Aspergillaceae	0.429	Fungi;Ascomycota;NA;Eurotiales;NA;NA;NA
n1600	1600	port_py3_epang_T2	9c27cf65-ba28-47ed-96b7-8f6f8d99ae71	same rank, other proposal	Species	Ilex serrata	Ilex corallina	0.510	Species	Ilex serrata	__TAXCLUSTER2__Ilex metabaptista	1.000	Plantae;Tracheophyta;NA;Aquifoliales;Aquifoliaceae;Ilex;Ilex serrata
n1600	1600	port_py3_epang_T2	b29d692a-48ad-43f9-a95b-1ab58ec3d9e4	rank differs	Phylum	Basidiomycota	Ascomycota	0.649	Order	NA	Russulales	0.635	Fungi;Basidiomycota;NA;NA;NA;NA;NA
n1600	1600	port_py3_epang_T2	e4c13d92-788b-4c82-9a0f-82c0dde2414b	rank differs	Kingdom	Fungi	Plantae	0.663	Phylum	Basidiomycota	Zoopagomycota	0.550	Fungi;Basidiomycota;NA
n1600	1600	port_py3_epang_T2	ebd81364-c474-463c-8b7f-7f9881e5403c	same rank, other proposal	Phylum	Basidiomycota	Mucoromycota	0.999	Phylum	Basidiomycota	Ascomycota	0.481	Fungi;Basidiomycota;NA;NA;NA;NA;NA
n1600	1600	port_py3_epang_T2	08e962c7-5564-431e-ba94-03e4b66d7562	flagged by reference only	Species	Ilex shukunii	Ilex x wandoensis	0.814					Plantae;Tracheophyta;NA;Aquifoliales;Aquifoliaceae;Ilex;Ilex shukunii
n1600	1600	port_py3_epang_T2	0e6638cd-5d7d-4a06-9c12-cbb97adbb37e	flagged by reference only	Species	Ilex cornuta	Ilex x wandoensis	0.926					Plantae;Tracheophyta;NA;Aquifoliales;Aquifoliaceae;Ilex;Ilex cornuta
n1600	1600	port_py3_epang_T2	0e95f70b-a70e-4df2-9039-1febb088baf7	flagged by reference only	Species	Ahnfeltia borealis	Ahnfeltia plicata	0.946					Plantae;Rhodophyta;NA;Ahnfeltiales;Ahnfeltiaceae;Ahnfeltia;Ahnfeltia borealis
n1600	1600	port_py3_epang_T2	2fb594fe-4505-4e08-912a-67344e9f59a5	flagged by reference only	Genus	Pseudopodospermum	Scorzonera	0.410					Plantae;Tracheophyta;NA;Asterales;Asteraceae;Pseudopodospermum;Pseudopodospermum inaequiscapum
n1600	1600	port_py3_epang_T2	31c06ff3-de55-4289-9b11-6c7472f286c1	flagged by reference only	Genus	Eudorina	Pandorina	1.000					Plantae;Chlorophyta;NA;Chlamydomonadales;Volvocaceae;Eudorina;Eudorina elegans
n1600	1600	port_py3_epang_T2	353b1e2b-29d1-443b-ae8f-944f0a6ac13b	flagged by reference only	Species	Ahnfeltia fastigiata	Ahnfeltia plicata	0.997					Plantae;Rhodophyta;NA;Ahnfeltiales;Ahnfeltiaceae;Ahnfeltia;Ahnfeltia fastigiata
n1600	1600	port_py3_epang_T2	3b26eed0-91da-4ce6-84a3-306e73e92626	flagged by reference only	Species	Actinidia fulvicoma	NA	0.815					Plantae;Tracheophyta;NA;Ericales;Actinidiaceae;Actinidia;Actinidia fulvicoma
n1600	1600	port_py3_epang_T2	3b7aa83b-3f3f-4572-8abf-a132fc2a19a0	flagged by reference only	Species	Actinidia fulvicoma	NA	0.814					Plantae;Tracheophyta;NA;Ericales;Actinidiaceae;Actinidia;Actinidia fulvicoma
n1600	1600	port_py3_epang_T2	3be76ad8-a918-4987-8f03-0c3a86c0d266	flagged by reference only	Species	Ahnfeltia fastigiata	Ahnfeltia plicata	0.997					Plantae;Rhodophyta;NA;Ahnfeltiales;Ahnfeltiaceae;Ahnfeltia;Ahnfeltia fastigiata
n1600	1600	port_py3_epang_T2	52efdec0-6b5b-47aa-b41a-ed9b386cef41	flagged by reference only	Species	NA	Bipolaris sorokiniana	0.991					Fungi;Ascomycota;NA;Pleosporales;Pleosporaceae;Bipolaris;NA
n1600	1600	port_py3_epang_T2	5c4c7b4d-3a48-41e6-aa23-16fd38952d2b	flagged by reference only	Phylum	Ascomycota	NA	0.912					Fungi;Ascomycota;NA;Eurotiales;Aspergillaceae;Aspergillus;NA
n1600	1600	port_py3_epang_T2	75e2a37b-db1b-4673-bcef-338f984d4d9b	flagged by reference only	Species	Ahnfeltia borealis	Ahnfeltia plicata	0.997					Plantae;Rhodophyta;NA;Ahnfeltiales;Ahnfeltiaceae;Ahnfeltia;Ahnfeltia borealis
n1600	1600	port_py3_epang_T2	817344f0-1ac1-4dcb-9437-10d50e54cf17	flagged by reference only	Species	Ilex chinensis	Ilex x wandoensis	0.492					Plantae;Tracheophyta;NA;Aquifoliales;Aquifoliaceae;Ilex;Ilex chinensis
n1600	1600	port_py3_epang_T2	8c218ce6-7103-4963-8949-7893188cc590	flagged by reference only	Species	Ahnfeltia fastigiata	Ahnfeltia plicata	0.997					Plantae;Rhodophyta;NA;Ahnfeltiales;Ahnfeltiaceae;Ahnfeltia;Ahnfeltia fastigiata
n1600	1600	port_py3_epang_T2	e62ae28c-9b37-49e0-b1ef-9e0dc3e2b638	flagged by reference only	Species	Ilex shukunii	Ilex x wandoensis	0.814					Plantae;Tracheophyta;NA;Aquifoliales;Aquifoliaceae;Ilex;Ilex shukunii
n1600	1600	port_py3_epang_T2	f17cd819-8779-4d94-9c4b-67b6f0f80c16	flagged by reference only	Species	Ahnfeltia borealis	Ahnfeltia plicata	0.997					Plantae;Rhodophyta;NA;Ahnfeltiales;Ahnfeltiaceae;Ahnfeltia;Ahnfeltia borealis
n1600	1600	port_py3_epang_T2	f254f880-e1cb-467c-a691-df7862b2a753	flagged by reference only	Species	Ilex tetramera	Ilex x wandoensis	0.814					Plantae;Tracheophyta;NA;Aquifoliales;Aquifoliaceae;Ilex;Ilex tetramera
n1600	1600	port_py3_epang_T2	0e209b54-1496-4e43-988c-b37cb86c6b5f	flagged by test only					Species	NA	Eudorina elegans	1.000	Plantae;Chlorophyta;NA;Chlamydomonadales;Volvocaceae;Eudorina;NA
n1600	1600	port_py3_epang_T2	0f799fab-e0c1-4297-bfc3-979ee401eae9	flagged by test only					Species	Bouteloua warnockii	Bouteloua curtipendula	1.000	Plantae;Tracheophyta;NA;Poales;Poaceae;Bouteloua;Bouteloua warnockii
n1600	1600	port_py3_epang_T2	1a66e156-5e5a-4957-a393-a21ae8840c02	flagged by test only					Phylum	Mucoromycota	Ascomycota	1.000	Fungi;Mucoromycota;NA;Endogonales;NA;NA;__TAXCLUSTER5__NA
n1600	1600	port_py3_epang_T2	27f8dfdc-b631-471d-85f4-e6431a95d1a2	flagged by test only					Species	Primula farinosa	Primula pinnata	0.510	Plantae;Tracheophyta;NA;Ericales;Primulaceae;Primula;Primula farinosa
n1600	1600	port_py3_epang_T2	2cc256c7-18cb-4dd1-8b09-096b820a1840	flagged by test only					Species	Asterochloris woessiae	NA	0.473	Plantae;Chlorophyta;NA;Microthamniales;NA;Asterochloris;Asterochloris woessiae
n1600	1600	port_py3_epang_T2	2d77ea64-ffbe-4c8b-ad03-af0de2bdf1cc	flagged by test only					Species	Mucuna novoguineensis	Mucuna gigantea	0.510	Plantae;Tracheophyta;NA;Fabales;Fabaceae;Mucuna;Mucuna novoguineensis
n1600	1600	port_py3_epang_T2	31212b33-3e7c-4c3e-9969-3a48d0dd117c	flagged by test only					Species	Asterochloris italiana	NA	0.849	Plantae;Chlorophyta;NA;Microthamniales;NA;Asterochloris;Asterochloris italiana
n1600	1600	port_py3_epang_T2	3453d2be-3e07-4fa6-8d00-d2d2c992b2b2	flagged by test only					Genus	Omphalogramma	Primula	0.996	Plantae;Tracheophyta;NA;Ericales;Primulaceae;Omphalogramma
n1600	1600	port_py3_epang_T2	3bc999e5-2232-4b3a-acfc-6161b2e6504c	flagged by test only					Species	Primula farinosa	Primula pinnata	0.510	Plantae;Tracheophyta;NA;Ericales;Primulaceae;Primula;Primula farinosa
n1600	1600	port_py3_epang_T2	3d62b4e2-6ef6-4bb1-8c4e-338d9b931017	flagged by test only					Genus	Omphalogramma	Primula	0.709	Plantae;Tracheophyta;NA;Ericales;Primulaceae;Omphalogramma
n1600	1600	port_py3_epang_T2	554d4ef6-80da-41c4-b2d3-741422082908	flagged by test only					Species	NA	Scorzonera meyeri	0.510	Plantae;Tracheophyta;NA;Asterales;Asteraceae;Scorzonera;NA
n1600	1600	port_py3_epang_T2	55927f18-64e4-4ded-b834-6ed4c025fa3d	flagged by test only					Species	Mucuna novoguineensis	Mucuna gigantea	0.510	Plantae;Tracheophyta;NA;Fabales;Fabaceae;Mucuna;Mucuna novoguineensis
n1600	1600	port_py3_epang_T2	5ce1e186-82e6-4847-8ecc-f7d13ee39941	flagged by test only					Species	Primula cusickiana	Primula capillaris	0.510	Plantae;Tracheophyta;NA;Ericales;Primulaceae;Primula;Primula cusickiana
n1600	1600	port_py3_epang_T2	636c97f1-bcaa-4c93-af63-10a9e3db0752	flagged by test only					Species	Primula beesiana	Primula chungensis	0.738	Plantae;Tracheophyta;NA;Ericales;Primulaceae;Primula;Primula beesiana
n1600	1600	port_py3_epang_T2	64b3e071-e66c-408b-9ba5-5c33a7321b40	flagged by test only					Phylum	Mucoromycota	Ascomycota	1.000	Fungi;Mucoromycota;NA;Endogonales;NA;NA;__TAXCLUSTER5__NA
n1600	1600	port_py3_epang_T2	681d305d-8dee-4c2f-8d55-96a7b28cb745	flagged by test only					Species	NA	Bouteloua curtipendula	0.576	Plantae;Tracheophyta;NA;Poales;Poaceae;Bouteloua;NA
n1600	1600	port_py3_epang_T2	694e048c-07c0-43fa-b3f5-d78b6589e09d	flagged by test only					Species	Asterochloris italiana	NA	0.849	Plantae;Chlorophyta;NA;Microthamniales;NA;Asterochloris;Asterochloris italiana
n1600	1600	port_py3_epang_T2	6ffdd279-3346-42d5-9bac-5d8ec04b6171	flagged by test only					Species	NA	Eudorina elegans	0.999	Plantae;Chlorophyta;NA;Chlamydomonadales;Volvocaceae;Eudorina;NA
n1600	1600	port_py3_epang_T2	718a9b63-81a8-4ca8-99dc-42e9dac2bcf2	flagged by test only					Species	Primula egaliksensis	NA	0.660	Plantae;Tracheophyta;NA;Ericales;Primulaceae;Primula;Primula egaliksensis
n1600	1600	port_py3_epang_T2	71c310db-eb55-434c-bea7-72844bf111a4	flagged by test only					Species	Ilex macrocarpa	Ilex micrococca	0.452	Plantae;Tracheophyta;NA;Aquifoliales;Aquifoliaceae;Ilex;Ilex macrocarpa
n1600	1600	port_py3_epang_T2	7c7425af-4a7e-4dd6-b4a4-7549bbb7ebd8	flagged by test only					Genus	Omphalogramma	Primula	0.821	Plantae;Tracheophyta;NA;Ericales;Primulaceae;Omphalogramma
n1600	1600	port_py3_epang_T2	8cd0e442-47b3-49ee-bd90-4884f9affaba	flagged by test only					Species	NA	Nymphaea odorata	0.510	Plantae;Tracheophyta;NA;Nymphaeales;Nymphaeaceae;Nymphaea;NA
n1600	1600	port_py3_epang_T2	8f894320-cbf1-4716-a628-56c4eb8aa47c	flagged by test only					Species	Bipolaris sorokiniana	NA	1.000	Fungi;Ascomycota;NA;Pleosporales;Pleosporaceae;Bipolaris;Bipolaris sorokiniana
n1600	1600	port_py3_epang_T2	92aedd84-5868-4824-8d94-223e55be976e	flagged by test only					Order	Trebouxiales	Microthamniales	0.988	Plantae;Chlorophyta;NA;Trebouxiales;Trebouxiaceae;Trebouxia;NA
n1600	1600	port_py3_epang_T2	94d0392e-1810-4b59-a63f-8efdfd291e5b	flagged by test only					Species	Bouteloua warnockii	Bouteloua curtipendula	1.000	Plantae;Tracheophyta;NA;Poales;Poaceae;Bouteloua;Bouteloua warnockii
n1600	1600	port_py3_epang_T2	97311ffc-d825-4d81-96cb-deaa05ae4508	flagged by test only					Infraorder	Alternaria	Bipolaris	1.000	Fungi;Ascomycota;NA;Pleosporales;Pleosporaceae;Alternaria;NA
n1600	1600	port_py3_epang_T2	9b120823-3155-437d-92a6-e60897e599fd	flagged by test only					Species	Primula kialensis	NA	0.466	Plantae;Tracheophyta;NA;Ericales;Primulaceae;Primula;Primula kialensis
n1600	1600	port_py3_epang_T2	a74a94da-c7bb-4dba-a559-262af51f0ddf	flagged by test only					Species	Primula cusickiana	Primula capillaris	0.510	Plantae;Tracheophyta;NA;Ericales;Primulaceae;Primula;Primula cusickiana
n1600	1600	port_py3_epang_T2	a978ee1b-d8d2-49a6-a534-b823abf82774	flagged by test only					Phylum	NA	Ascomycota	0.715	Fungi;NA;NA;NA;NA;NA;NA
n1600	1600	port_py3_epang_T2	ad800fc3-d641-4d7a-9c13-807cca9b0caa	flagged by test only					Genus	Gelasia	Epilasia	0.508	Plantae;Tracheophyta;NA;Asterales;Asteraceae;Gelasia;Gelasia aucheriana
n1600	1600	port_py3_epang_T2	ce999006-80dc-4b0a-9311-cd7fa91d5764	flagged by test only					Infraorder	Alternaria	Bipolaris	1.000	Fungi;Ascomycota;NA;Pleosporales;Pleosporaceae;Alternaria;NA
n1600	1600	port_py3_epang_T2	ed80f120-7a90-4bfa-985c-a4b2255a106a	flagged by test only					Phylum	Mucoromycota	Ascomycota	1.000	Fungi;Mucoromycota;NA;Endogonales;NA;NA;__TAXCLUSTER5__NA
n1600	1600	port_py3_epang_T4	199ec4f6-40e0-4a07-8c8e-95ba7ca0f54f	same rank, other proposal	Genus	Pleodorina	Pandorina	0.602	Genus	Pleodorina	Eudorina	0.994	Plantae;Chlorophyta;NA;Chlamydomonadales;Volvocaceae;Pleodorina
n1600	1600	port_py3_epang_T4	298983ad-4160-4cdd-be94-1377c18ed9e0	same rank, other proposal	Genus	Pleodorina	Pandorina	0.999	Genus	Pleodorina	Eudorina	0.711	Plantae;Chlorophyta;NA;Chlamydomonadales;Volvocaceae;Pleodorina
n1600	1600	port_py3_epang_T4	3f6abd7f-f0d5-443f-a389-a6eee27f6f9c	same rank, other proposal	Species	Primula kialensis	Primula auriculata	0.468	Species	Primula kialensis	NA	0.716	Plantae;Tracheophyta;NA;Ericales;Primulaceae;Primula;Primula kialensis
n1600	1600	port_py3_epang_T4	4d7a86e3-7b98-4721-a6c1-dee1101ffd36	same rank, other proposal	Genus	Pleodorina	Pandorina	0.999	Genus	Pleodorina	Eudorina	0.965	Plantae;Chlorophyta;NA;Chlamydomonadales;Volvocaceae;Pleodorina
n1600	1600	port_py3_epang_T4	4fdc2d5c-fe5d-4273-908e-6785b6f69cb7	rank differs	Phylum	Ascomycota	NA	0.912	Family	NA	Aspergillaceae	0.429	Fungi;Ascomycota;NA;Eurotiales;NA;NA;NA
n1600	1600	port_py3_epang_T4	9c27cf65-ba28-47ed-96b7-8f6f8d99ae71	same rank, other proposal	Species	Ilex serrata	Ilex corallina	0.510	Species	Ilex serrata	__TAXCLUSTER2__Ilex metabaptista	1.000	Plantae;Tracheophyta;NA;Aquifoliales;Aquifoliaceae;Ilex;Ilex serrata
n1600	1600	port_py3_epang_T4	b29d692a-48ad-43f9-a95b-1ab58ec3d9e4	rank differs	Phylum	Basidiomycota	Ascomycota	0.649	Order	NA	Russulales	0.635	Fungi;Basidiomycota;NA;NA;NA;NA;NA
n1600	1600	port_py3_epang_T4	e4c13d92-788b-4c82-9a0f-82c0dde2414b	rank differs	Kingdom	Fungi	Plantae	0.663	Phylum	Basidiomycota	Zoopagomycota	0.550	Fungi;Basidiomycota;NA
n1600	1600	port_py3_epang_T4	ebd81364-c474-463c-8b7f-7f9881e5403c	same rank, other proposal	Phylum	Basidiomycota	Mucoromycota	0.999	Phylum	Basidiomycota	Ascomycota	0.481	Fungi;Basidiomycota;NA;NA;NA;NA;NA
n1600	1600	port_py3_epang_T4	08e962c7-5564-431e-ba94-03e4b66d7562	flagged by reference only	Species	Ilex shukunii	Ilex x wandoensis	0.814					Plantae;Tracheophyta;NA;Aquifoliales;Aquifoliaceae;Ilex;Ilex shukunii
n1600	1600	port_py3_epang_T4	0e6638cd-5d7d-4a06-9c12-cbb97adbb37e	flagged by reference only	Species	Ilex cornuta	Ilex x wandoensis	0.926					Plantae;Tracheophyta;NA;Aquifoliales;Aquifoliaceae;Ilex;Ilex cornuta
n1600	1600	port_py3_epang_T4	0e95f70b-a70e-4df2-9039-1febb088baf7	flagged by reference only	Species	Ahnfeltia borealis	Ahnfeltia plicata	0.946					Plantae;Rhodophyta;NA;Ahnfeltiales;Ahnfeltiaceae;Ahnfeltia;Ahnfeltia borealis
n1600	1600	port_py3_epang_T4	2fb594fe-4505-4e08-912a-67344e9f59a5	flagged by reference only	Genus	Pseudopodospermum	Scorzonera	0.410					Plantae;Tracheophyta;NA;Asterales;Asteraceae;Pseudopodospermum;Pseudopodospermum inaequiscapum
n1600	1600	port_py3_epang_T4	31c06ff3-de55-4289-9b11-6c7472f286c1	flagged by reference only	Genus	Eudorina	Pandorina	1.000					Plantae;Chlorophyta;NA;Chlamydomonadales;Volvocaceae;Eudorina;Eudorina elegans
n1600	1600	port_py3_epang_T4	353b1e2b-29d1-443b-ae8f-944f0a6ac13b	flagged by reference only	Species	Ahnfeltia fastigiata	Ahnfeltia plicata	0.997					Plantae;Rhodophyta;NA;Ahnfeltiales;Ahnfeltiaceae;Ahnfeltia;Ahnfeltia fastigiata
n1600	1600	port_py3_epang_T4	3b26eed0-91da-4ce6-84a3-306e73e92626	flagged by reference only	Species	Actinidia fulvicoma	NA	0.815					Plantae;Tracheophyta;NA;Ericales;Actinidiaceae;Actinidia;Actinidia fulvicoma
n1600	1600	port_py3_epang_T4	3b7aa83b-3f3f-4572-8abf-a132fc2a19a0	flagged by reference only	Species	Actinidia fulvicoma	NA	0.814					Plantae;Tracheophyta;NA;Ericales;Actinidiaceae;Actinidia;Actinidia fulvicoma
n1600	1600	port_py3_epang_T4	3be76ad8-a918-4987-8f03-0c3a86c0d266	flagged by reference only	Species	Ahnfeltia fastigiata	Ahnfeltia plicata	0.997					Plantae;Rhodophyta;NA;Ahnfeltiales;Ahnfeltiaceae;Ahnfeltia;Ahnfeltia fastigiata
n1600	1600	port_py3_epang_T4	52efdec0-6b5b-47aa-b41a-ed9b386cef41	flagged by reference only	Species	NA	Bipolaris sorokiniana	0.991					Fungi;Ascomycota;NA;Pleosporales;Pleosporaceae;Bipolaris;NA
n1600	1600	port_py3_epang_T4	5c4c7b4d-3a48-41e6-aa23-16fd38952d2b	flagged by reference only	Phylum	Ascomycota	NA	0.912					Fungi;Ascomycota;NA;Eurotiales;Aspergillaceae;Aspergillus;NA
n1600	1600	port_py3_epang_T4	75e2a37b-db1b-4673-bcef-338f984d4d9b	flagged by reference only	Species	Ahnfeltia borealis	Ahnfeltia plicata	0.997					Plantae;Rhodophyta;NA;Ahnfeltiales;Ahnfeltiaceae;Ahnfeltia;Ahnfeltia borealis
n1600	1600	port_py3_epang_T4	817344f0-1ac1-4dcb-9437-10d50e54cf17	flagged by reference only	Species	Ilex chinensis	Ilex x wandoensis	0.492					Plantae;Tracheophyta;NA;Aquifoliales;Aquifoliaceae;Ilex;Ilex chinensis
n1600	1600	port_py3_epang_T4	8c218ce6-7103-4963-8949-7893188cc590	flagged by reference only	Species	Ahnfeltia fastigiata	Ahnfeltia plicata	0.997					Plantae;Rhodophyta;NA;Ahnfeltiales;Ahnfeltiaceae;Ahnfeltia;Ahnfeltia fastigiata
n1600	1600	port_py3_epang_T4	e62ae28c-9b37-49e0-b1ef-9e0dc3e2b638	flagged by reference only	Species	Ilex shukunii	Ilex x wandoensis	0.814					Plantae;Tracheophyta;NA;Aquifoliales;Aquifoliaceae;Ilex;Ilex shukunii
n1600	1600	port_py3_epang_T4	f17cd819-8779-4d94-9c4b-67b6f0f80c16	flagged by reference only	Species	Ahnfeltia borealis	Ahnfeltia plicata	0.997					Plantae;Rhodophyta;NA;Ahnfeltiales;Ahnfeltiaceae;Ahnfeltia;Ahnfeltia borealis
n1600	1600	port_py3_epang_T4	f254f880-e1cb-467c-a691-df7862b2a753	flagged by reference only	Species	Ilex tetramera	Ilex x wandoensis	0.814					Plantae;Tracheophyta;NA;Aquifoliales;Aquifoliaceae;Ilex;Ilex tetramera
n1600	1600	port_py3_epang_T4	0e209b54-1496-4e43-988c-b37cb86c6b5f	flagged by test only					Species	NA	Eudorina elegans	1.000	Plantae;Chlorophyta;NA;Chlamydomonadales;Volvocaceae;Eudorina;NA
n1600	1600	port_py3_epang_T4	0f799fab-e0c1-4297-bfc3-979ee401eae9	flagged by test only					Species	Bouteloua warnockii	Bouteloua curtipendula	1.000	Plantae;Tracheophyta;NA;Poales;Poaceae;Bouteloua;Bouteloua warnockii
n1600	1600	port_py3_epang_T4	1a66e156-5e5a-4957-a393-a21ae8840c02	flagged by test only					Phylum	Mucoromycota	Ascomycota	1.000	Fungi;Mucoromycota;NA;Endogonales;NA;NA;__TAXCLUSTER5__NA
n1600	1600	port_py3_epang_T4	27f8dfdc-b631-471d-85f4-e6431a95d1a2	flagged by test only					Species	Primula farinosa	Primula pinnata	0.510	Plantae;Tracheophyta;NA;Ericales;Primulaceae;Primula;Primula farinosa
n1600	1600	port_py3_epang_T4	2cc256c7-18cb-4dd1-8b09-096b820a1840	flagged by test only					Species	Asterochloris woessiae	NA	0.473	Plantae;Chlorophyta;NA;Microthamniales;NA;Asterochloris;Asterochloris woessiae
n1600	1600	port_py3_epang_T4	2d77ea64-ffbe-4c8b-ad03-af0de2bdf1cc	flagged by test only					Species	Mucuna novoguineensis	Mucuna gigantea	0.510	Plantae;Tracheophyta;NA;Fabales;Fabaceae;Mucuna;Mucuna novoguineensis
n1600	1600	port_py3_epang_T4	31212b33-3e7c-4c3e-9969-3a48d0dd117c	flagged by test only					Species	Asterochloris italiana	NA	0.849	Plantae;Chlorophyta;NA;Microthamniales;NA;Asterochloris;Asterochloris italiana
n1600	1600	port_py3_epang_T4	3453d2be-3e07-4fa6-8d00-d2d2c992b2b2	flagged by test only					Genus	Omphalogramma	Primula	0.996	Plantae;Tracheophyta;NA;Ericales;Primulaceae;Omphalogramma
n1600	1600	port_py3_epang_T4	3bc999e5-2232-4b3a-acfc-6161b2e6504c	flagged by test only					Species	Primula farinosa	Primula pinnata	0.510	Plantae;Tracheophyta;NA;Ericales;Primulaceae;Primula;Primula farinosa
n1600	1600	port_py3_epang_T4	3d62b4e2-6ef6-4bb1-8c4e-338d9b931017	flagged by test only					Genus	Omphalogramma	Primula	0.709	Plantae;Tracheophyta;NA;Ericales;Primulaceae;Omphalogramma
n1600	1600	port_py3_epang_T4	554d4ef6-80da-41c4-b2d3-741422082908	flagged by test only					Species	NA	Scorzonera meyeri	0.510	Plantae;Tracheophyta;NA;Asterales;Asteraceae;Scorzonera;NA
n1600	1600	port_py3_epang_T4	55927f18-64e4-4ded-b834-6ed4c025fa3d	flagged by test only					Species	Mucuna novoguineensis	Mucuna gigantea	0.510	Plantae;Tracheophyta;NA;Fabales;Fabaceae;Mucuna;Mucuna novoguineensis
n1600	1600	port_py3_epang_T4	5ce1e186-82e6-4847-8ecc-f7d13ee39941	flagged by test only					Species	Primula cusickiana	Primula capillaris	0.510	Plantae;Tracheophyta;NA;Ericales;Primulaceae;Primula;Primula cusickiana
n1600	1600	port_py3_epang_T4	636c97f1-bcaa-4c93-af63-10a9e3db0752	flagged by test only					Species	Primula beesiana	Primula chungensis	0.738	Plantae;Tracheophyta;NA;Ericales;Primulaceae;Primula;Primula beesiana
n1600	1600	port_py3_epang_T4	64b3e071-e66c-408b-9ba5-5c33a7321b40	flagged by test only					Phylum	Mucoromycota	Ascomycota	1.000	Fungi;Mucoromycota;NA;Endogonales;NA;NA;__TAXCLUSTER5__NA
n1600	1600	port_py3_epang_T4	681d305d-8dee-4c2f-8d55-96a7b28cb745	flagged by test only					Species	NA	Bouteloua curtipendula	0.576	Plantae;Tracheophyta;NA;Poales;Poaceae;Bouteloua;NA
n1600	1600	port_py3_epang_T4	694e048c-07c0-43fa-b3f5-d78b6589e09d	flagged by test only					Species	Asterochloris italiana	NA	0.849	Plantae;Chlorophyta;NA;Microthamniales;NA;Asterochloris;Asterochloris italiana
n1600	1600	port_py3_epang_T4	6ffdd279-3346-42d5-9bac-5d8ec04b6171	flagged by test only					Species	NA	Eudorina elegans	0.999	Plantae;Chlorophyta;NA;Chlamydomonadales;Volvocaceae;Eudorina;NA
n1600	1600	port_py3_epang_T4	718a9b63-81a8-4ca8-99dc-42e9dac2bcf2	flagged by test only					Species	Primula egaliksensis	NA	0.660	Plantae;Tracheophyta;NA;Ericales;Primulaceae;Primula;Primula egaliksensis
n1600	1600	port_py3_epang_T4	71c310db-eb55-434c-bea7-72844bf111a4	flagged by test only					Species	Ilex macrocarpa	Ilex micrococca	0.452	Plantae;Tracheophyta;NA;Aquifoliales;Aquifoliaceae;Ilex;Ilex macrocarpa
n1600	1600	port_py3_epang_T4	7c7425af-4a7e-4dd6-b4a4-7549bbb7ebd8	flagged by test only					Genus	Omphalogramma	Primula	0.821	Plantae;Tracheophyta;NA;Ericales;Primulaceae;Omphalogramma
n1600	1600	port_py3_epang_T4	8cd0e442-47b3-49ee-bd90-4884f9affaba	flagged by test only					Species	NA	Nymphaea odorata	0.510	Plantae;Tracheophyta;NA;Nymphaeales;Nymphaeaceae;Nymphaea;NA
n1600	1600	port_py3_epang_T4	8f894320-cbf1-4716-a628-56c4eb8aa47c	flagged by test only					Species	Bipolaris sorokiniana	NA	1.000	Fungi;Ascomycota;NA;Pleosporales;Pleosporaceae;Bipolaris;Bipolaris sorokiniana
n1600	1600	port_py3_epang_T4	92aedd84-5868-4824-8d94-223e55be976e	flagged by test only					Order	Trebouxiales	Microthamniales	0.988	Plantae;Chlorophyta;NA;Trebouxiales;Trebouxiaceae;Trebouxia;NA
n1600	1600	port_py3_epang_T4	94d0392e-1810-4b59-a63f-8efdfd291e5b	flagged by test only					Species	Bouteloua warnockii	Bouteloua curtipendula	1.000	Plantae;Tracheophyta;NA;Poales;Poaceae;Bouteloua;Bouteloua warnockii
n1600	1600	port_py3_epang_T4	97311ffc-d825-4d81-96cb-deaa05ae4508	flagged by test only					Infraorder	Alternaria	Bipolaris	1.000	Fungi;Ascomycota;NA;Pleosporales;Pleosporaceae;Alternaria;NA
n1600	1600	port_py3_epang_T4	9b120823-3155-437d-92a6-e60897e599fd	flagged by test only					Species	Primula kialensis	NA	0.466	Plantae;Tracheophyta;NA;Ericales;Primulaceae;Primula;Primula kialensis
n1600	1600	port_py3_epang_T4	a74a94da-c7bb-4dba-a559-262af51f0ddf	flagged by test only					Species	Primula cusickiana	Primula capillaris	0.510	Plantae;Tracheophyta;NA;Ericales;Primulaceae;Primula;Primula cusickiana
n1600	1600	port_py3_epang_T4	a978ee1b-d8d2-49a6-a534-b823abf82774	flagged by test only					Phylum	NA	Ascomycota	0.715	Fungi;NA;NA;NA;NA;NA;NA
n1600	1600	port_py3_epang_T4	ad800fc3-d641-4d7a-9c13-807cca9b0caa	flagged by test only					Genus	Gelasia	Epilasia	0.508	Plantae;Tracheophyta;NA;Asterales;Asteraceae;Gelasia;Gelasia aucheriana
n1600	1600	port_py3_epang_T4	ce999006-80dc-4b0a-9311-cd7fa91d5764	flagged by test only					Infraorder	Alternaria	Bipolaris	1.000	Fungi;Ascomycota;NA;Pleosporales;Pleosporaceae;Alternaria;NA
n1600	1600	port_py3_epang_T4	ed80f120-7a90-4bfa-985c-a4b2255a106a	flagged by test only					Phylum	Mucoromycota	Ascomycota	1.000	Fungi;Mucoromycota;NA;Endogonales;NA;NA;__TAXCLUSTER5__NA
n1600	1600	port_py3_epang_T8	13696475-39a1-416d-8d98-0b7160c3e7e5	rank differs	Kingdom	Fungi	Plantae	0.760	Phylum	NA	Basidiomycota	0.991	Fungi;NA;NA;NA;NA;NA;NA
n1600	1600	port_py3_epang_T8	199ec4f6-40e0-4a07-8c8e-95ba7ca0f54f	same rank, other proposal	Genus	Pleodorina	Pandorina	0.602	Genus	Pleodorina	Eudorina	0.996	Plantae;Chlorophyta;NA;Chlamydomonadales;Volvocaceae;Pleodorina
n1600	1600	port_py3_epang_T8	298983ad-4160-4cdd-be94-1377c18ed9e0	same rank, other proposal	Genus	Pleodorina	Pandorina	0.999	Genus	Pleodorina	Eudorina	0.668	Plantae;Chlorophyta;NA;Chlamydomonadales;Volvocaceae;Pleodorina
n1600	1600	port_py3_epang_T8	3f6abd7f-f0d5-443f-a389-a6eee27f6f9c	same rank, other proposal	Species	Primula kialensis	Primula auriculata	0.468	Species	Primula kialensis	NA	0.726	Plantae;Tracheophyta;NA;Ericales;Primulaceae;Primula;Primula kialensis
n1600	1600	port_py3_epang_T8	4d7a86e3-7b98-4721-a6c1-dee1101ffd36	same rank, other proposal	Genus	Pleodorina	Pandorina	0.999	Genus	Pleodorina	Eudorina	0.972	Plantae;Chlorophyta;NA;Chlamydomonadales;Volvocaceae;Pleodorina
n1600	1600	port_py3_epang_T8	4fdc2d5c-fe5d-4273-908e-6785b6f69cb7	rank differs	Phylum	Ascomycota	NA	0.912	Family	NA	Aspergillaceae	0.430	Fungi;Ascomycota;NA;Eurotiales;NA;NA;NA
n1600	1600	port_py3_epang_T8	9c27cf65-ba28-47ed-96b7-8f6f8d99ae71	same rank, other proposal	Species	Ilex serrata	Ilex corallina	0.510	Species	Ilex serrata	__TAXCLUSTER2__Ilex metabaptista	1.000	Plantae;Tracheophyta;NA;Aquifoliales;Aquifoliaceae;Ilex;Ilex serrata
n1600	1600	port_py3_epang_T8	ab24a6f7-938e-4292-ba70-41a7aab91d5a	same rank, other proposal	Phylum	NA	Zoopagomycota	0.954	Phylum	NA	Basidiomycota	0.998	Fungi;NA;NA;NA;NA;NA;NA
n1600	1600	port_py3_epang_T8	b29d692a-48ad-43f9-a95b-1ab58ec3d9e4	rank differs	Phylum	Basidiomycota	Ascomycota	0.649	Order	NA	Russulales	0.664	Fungi;Basidiomycota;NA;NA;NA;NA;NA
n1600	1600	port_py3_epang_T8	08e962c7-5564-431e-ba94-03e4b66d7562	flagged by reference only	Species	Ilex shukunii	Ilex x wandoensis	0.814					Plantae;Tracheophyta;NA;Aquifoliales;Aquifoliaceae;Ilex;Ilex shukunii
n1600	1600	port_py3_epang_T8	0e6638cd-5d7d-4a06-9c12-cbb97adbb37e	flagged by reference only	Species	Ilex cornuta	Ilex x wandoensis	0.926					Plantae;Tracheophyta;NA;Aquifoliales;Aquifoliaceae;Ilex;Ilex cornuta
n1600	1600	port_py3_epang_T8	0e95f70b-a70e-4df2-9039-1febb088baf7	flagged by reference only	Species	Ahnfeltia borealis	Ahnfeltia plicata	0.946					Plantae;Rhodophyta;NA;Ahnfeltiales;Ahnfeltiaceae;Ahnfeltia;Ahnfeltia borealis
n1600	1600	port_py3_epang_T8	2fb594fe-4505-4e08-912a-67344e9f59a5	flagged by reference only	Genus	Pseudopodospermum	Scorzonera	0.410					Plantae;Tracheophyta;NA;Asterales;Asteraceae;Pseudopodospermum;Pseudopodospermum inaequiscapum
n1600	1600	port_py3_epang_T8	31c06ff3-de55-4289-9b11-6c7472f286c1	flagged by reference only	Genus	Eudorina	Pandorina	1.000					Plantae;Chlorophyta;NA;Chlamydomonadales;Volvocaceae;Eudorina;Eudorina elegans
n1600	1600	port_py3_epang_T8	353b1e2b-29d1-443b-ae8f-944f0a6ac13b	flagged by reference only	Species	Ahnfeltia fastigiata	Ahnfeltia plicata	0.997					Plantae;Rhodophyta;NA;Ahnfeltiales;Ahnfeltiaceae;Ahnfeltia;Ahnfeltia fastigiata
n1600	1600	port_py3_epang_T8	3b26eed0-91da-4ce6-84a3-306e73e92626	flagged by reference only	Species	Actinidia fulvicoma	NA	0.815					Plantae;Tracheophyta;NA;Ericales;Actinidiaceae;Actinidia;Actinidia fulvicoma
n1600	1600	port_py3_epang_T8	3b7aa83b-3f3f-4572-8abf-a132fc2a19a0	flagged by reference only	Species	Actinidia fulvicoma	NA	0.814					Plantae;Tracheophyta;NA;Ericales;Actinidiaceae;Actinidia;Actinidia fulvicoma
n1600	1600	port_py3_epang_T8	3be76ad8-a918-4987-8f03-0c3a86c0d266	flagged by reference only	Species	Ahnfeltia fastigiata	Ahnfeltia plicata	0.997					Plantae;Rhodophyta;NA;Ahnfeltiales;Ahnfeltiaceae;Ahnfeltia;Ahnfeltia fastigiata
n1600	1600	port_py3_epang_T8	52efdec0-6b5b-47aa-b41a-ed9b386cef41	flagged by reference only	Species	NA	Bipolaris sorokiniana	0.991					Fungi;Ascomycota;NA;Pleosporales;Pleosporaceae;Bipolaris;NA
n1600	1600	port_py3_epang_T8	5c4c7b4d-3a48-41e6-aa23-16fd38952d2b	flagged by reference only	Phylum	Ascomycota	NA	0.912					Fungi;Ascomycota;NA;Eurotiales;Aspergillaceae;Aspergillus;NA
n1600	1600	port_py3_epang_T8	75e2a37b-db1b-4673-bcef-338f984d4d9b	flagged by reference only	Species	Ahnfeltia borealis	Ahnfeltia plicata	0.997					Plantae;Rhodophyta;NA;Ahnfeltiales;Ahnfeltiaceae;Ahnfeltia;Ahnfeltia borealis
n1600	1600	port_py3_epang_T8	817344f0-1ac1-4dcb-9437-10d50e54cf17	flagged by reference only	Species	Ilex chinensis	Ilex x wandoensis	0.492					Plantae;Tracheophyta;NA;Aquifoliales;Aquifoliaceae;Ilex;Ilex chinensis
n1600	1600	port_py3_epang_T8	8c218ce6-7103-4963-8949-7893188cc590	flagged by reference only	Species	Ahnfeltia fastigiata	Ahnfeltia plicata	0.997					Plantae;Rhodophyta;NA;Ahnfeltiales;Ahnfeltiaceae;Ahnfeltia;Ahnfeltia fastigiata
n1600	1600	port_py3_epang_T8	e4c13d92-788b-4c82-9a0f-82c0dde2414b	flagged by reference only	Kingdom	Fungi	Plantae	0.663					Fungi;Basidiomycota;NA
n1600	1600	port_py3_epang_T8	e62ae28c-9b37-49e0-b1ef-9e0dc3e2b638	flagged by reference only	Species	Ilex shukunii	Ilex x wandoensis	0.814					Plantae;Tracheophyta;NA;Aquifoliales;Aquifoliaceae;Ilex;Ilex shukunii
n1600	1600	port_py3_epang_T8	ebd81364-c474-463c-8b7f-7f9881e5403c	flagged by reference only	Phylum	Basidiomycota	Mucoromycota	0.999					Fungi;Basidiomycota;NA;NA;NA;NA;NA
n1600	1600	port_py3_epang_T8	f17cd819-8779-4d94-9c4b-67b6f0f80c16	flagged by reference only	Species	Ahnfeltia borealis	Ahnfeltia plicata	0.997					Plantae;Rhodophyta;NA;Ahnfeltiales;Ahnfeltiaceae;Ahnfeltia;Ahnfeltia borealis
n1600	1600	port_py3_epang_T8	f254f880-e1cb-467c-a691-df7862b2a753	flagged by reference only	Species	Ilex tetramera	Ilex x wandoensis	0.814					Plantae;Tracheophyta;NA;Aquifoliales;Aquifoliaceae;Ilex;Ilex tetramera
n1600	1600	port_py3_epang_T8	0e209b54-1496-4e43-988c-b37cb86c6b5f	flagged by test only					Species	NA	Eudorina elegans	1.000	Plantae;Chlorophyta;NA;Chlamydomonadales;Volvocaceae;Eudorina;NA
n1600	1600	port_py3_epang_T8	0f799fab-e0c1-4297-bfc3-979ee401eae9	flagged by test only					Species	Bouteloua warnockii	Bouteloua curtipendula	1.000	Plantae;Tracheophyta;NA;Poales;Poaceae;Bouteloua;Bouteloua warnockii
n1600	1600	port_py3_epang_T8	1a66e156-5e5a-4957-a393-a21ae8840c02	flagged by test only					Phylum	Mucoromycota	Ascomycota	1.000	Fungi;Mucoromycota;NA;Endogonales;NA;NA;__TAXCLUSTER5__NA
n1600	1600	port_py3_epang_T8	27f8dfdc-b631-471d-85f4-e6431a95d1a2	flagged by test only					Species	Primula farinosa	Primula pinnata	0.510	Plantae;Tracheophyta;NA;Ericales;Primulaceae;Primula;Primula farinosa
n1600	1600	port_py3_epang_T8	2cc256c7-18cb-4dd1-8b09-096b820a1840	flagged by test only					Species	Asterochloris woessiae	NA	0.472	Plantae;Chlorophyta;NA;Microthamniales;NA;Asterochloris;Asterochloris woessiae
n1600	1600	port_py3_epang_T8	2d77ea64-ffbe-4c8b-ad03-af0de2bdf1cc	flagged by test only					Species	Mucuna novoguineensis	Mucuna gigantea	0.510	Plantae;Tracheophyta;NA;Fabales;Fabaceae;Mucuna;Mucuna novoguineensis
n1600	1600	port_py3_epang_T8	31212b33-3e7c-4c3e-9969-3a48d0dd117c	flagged by test only					Species	Asterochloris italiana	NA	0.846	Plantae;Chlorophyta;NA;Microthamniales;NA;Asterochloris;Asterochloris italiana
n1600	1600	port_py3_epang_T8	3453d2be-3e07-4fa6-8d00-d2d2c992b2b2	flagged by test only					Genus	Omphalogramma	Primula	0.996	Plantae;Tracheophyta;NA;Ericales;Primulaceae;Omphalogramma
n1600	1600	port_py3_epang_T8	3bc999e5-2232-4b3a-acfc-6161b2e6504c	flagged by test only					Species	Primula farinosa	Primula pinnata	0.510	Plantae;Tracheophyta;NA;Ericales;Primulaceae;Primula;Primula farinosa
n1600	1600	port_py3_epang_T8	3d62b4e2-6ef6-4bb1-8c4e-338d9b931017	flagged by test only					Genus	Omphalogramma	Primula	0.705	Plantae;Tracheophyta;NA;Ericales;Primulaceae;Omphalogramma
n1600	1600	port_py3_epang_T8	554d4ef6-80da-41c4-b2d3-741422082908	flagged by test only					Species	NA	Scorzonera meyeri	0.510	Plantae;Tracheophyta;NA;Asterales;Asteraceae;Scorzonera;NA
n1600	1600	port_py3_epang_T8	55927f18-64e4-4ded-b834-6ed4c025fa3d	flagged by test only					Species	Mucuna novoguineensis	Mucuna gigantea	0.510	Plantae;Tracheophyta;NA;Fabales;Fabaceae;Mucuna;Mucuna novoguineensis
n1600	1600	port_py3_epang_T8	5ce1e186-82e6-4847-8ecc-f7d13ee39941	flagged by test only					Species	Primula cusickiana	Primula capillaris	0.510	Plantae;Tracheophyta;NA;Ericales;Primulaceae;Primula;Primula cusickiana
n1600	1600	port_py3_epang_T8	636c97f1-bcaa-4c93-af63-10a9e3db0752	flagged by test only					Species	Primula beesiana	Primula chungensis	0.740	Plantae;Tracheophyta;NA;Ericales;Primulaceae;Primula;Primula beesiana
n1600	1600	port_py3_epang_T8	64b3e071-e66c-408b-9ba5-5c33a7321b40	flagged by test only					Phylum	Mucoromycota	Ascomycota	1.000	Fungi;Mucoromycota;NA;Endogonales;NA;NA;__TAXCLUSTER5__NA
n1600	1600	port_py3_epang_T8	681d305d-8dee-4c2f-8d55-96a7b28cb745	flagged by test only					Species	NA	Bouteloua curtipendula	0.580	Plantae;Tracheophyta;NA;Poales;Poaceae;Bouteloua;NA
n1600	1600	port_py3_epang_T8	694e048c-07c0-43fa-b3f5-d78b6589e09d	flagged by test only					Species	Asterochloris italiana	NA	0.846	Plantae;Chlorophyta;NA;Microthamniales;NA;Asterochloris;Asterochloris italiana
n1600	1600	port_py3_epang_T8	6ffdd279-3346-42d5-9bac-5d8ec04b6171	flagged by test only					Species	NA	Eudorina elegans	0.999	Plantae;Chlorophyta;NA;Chlamydomonadales;Volvocaceae;Eudorina;NA
n1600	1600	port_py3_epang_T8	718a9b63-81a8-4ca8-99dc-42e9dac2bcf2	flagged by test only					Species	Primula egaliksensis	NA	0.659	Plantae;Tracheophyta;NA;Ericales;Primulaceae;Primula;Primula egaliksensis
n1600	1600	port_py3_epang_T8	71c310db-eb55-434c-bea7-72844bf111a4	flagged by test only					Species	Ilex macrocarpa	Ilex micrococca	0.465	Plantae;Tracheophyta;NA;Aquifoliales;Aquifoliaceae;Ilex;Ilex macrocarpa
n1600	1600	port_py3_epang_T8	7c7425af-4a7e-4dd6-b4a4-7549bbb7ebd8	flagged by test only					Genus	Omphalogramma	Primula	0.819	Plantae;Tracheophyta;NA;Ericales;Primulaceae;Omphalogramma
n1600	1600	port_py3_epang_T8	8cd0e442-47b3-49ee-bd90-4884f9affaba	flagged by test only					Species	NA	Nymphaea odorata	0.510	Plantae;Tracheophyta;NA;Nymphaeales;Nymphaeaceae;Nymphaea;NA
n1600	1600	port_py3_epang_T8	8f894320-cbf1-4716-a628-56c4eb8aa47c	flagged by test only					Species	Bipolaris sorokiniana	NA	1.000	Fungi;Ascomycota;NA;Pleosporales;Pleosporaceae;Bipolaris;Bipolaris sorokiniana
n1600	1600	port_py3_epang_T8	92aedd84-5868-4824-8d94-223e55be976e	flagged by test only					Order	Trebouxiales	Microthamniales	0.988	Plantae;Chlorophyta;NA;Trebouxiales;Trebouxiaceae;Trebouxia;NA
n1600	1600	port_py3_epang_T8	94d0392e-1810-4b59-a63f-8efdfd291e5b	flagged by test only					Species	Bouteloua warnockii	Bouteloua curtipendula	1.000	Plantae;Tracheophyta;NA;Poales;Poaceae;Bouteloua;Bouteloua warnockii
n1600	1600	port_py3_epang_T8	97311ffc-d825-4d81-96cb-deaa05ae4508	flagged by test only					Infraorder	Alternaria	Bipolaris	1.000	Fungi;Ascomycota;NA;Pleosporales;Pleosporaceae;Alternaria;NA
n1600	1600	port_py3_epang_T8	9b120823-3155-437d-92a6-e60897e599fd	flagged by test only					Species	Primula kialensis	NA	0.463	Plantae;Tracheophyta;NA;Ericales;Primulaceae;Primula;Primula kialensis
n1600	1600	port_py3_epang_T8	a74a94da-c7bb-4dba-a559-262af51f0ddf	flagged by test only					Species	Primula cusickiana	Primula capillaris	0.510	Plantae;Tracheophyta;NA;Ericales;Primulaceae;Primula;Primula cusickiana
n1600	1600	port_py3_epang_T8	a978ee1b-d8d2-49a6-a534-b823abf82774	flagged by test only					Phylum	NA	Ascomycota	0.714	Fungi;NA;NA;NA;NA;NA;NA
n1600	1600	port_py3_epang_T8	ad800fc3-d641-4d7a-9c13-807cca9b0caa	flagged by test only					Genus	Gelasia	Epilasia	0.507	Plantae;Tracheophyta;NA;Asterales;Asteraceae;Gelasia;Gelasia aucheriana
n1600	1600	port_py3_epang_T8	ce999006-80dc-4b0a-9311-cd7fa91d5764	flagged by test only					Infraorder	Alternaria	Bipolaris	1.000	Fungi;Ascomycota;NA;Pleosporales;Pleosporaceae;Alternaria;NA
n1600	1600	port_py3_epang_T8	ed80f120-7a90-4bfa-985c-a4b2255a106a	flagged by test only					Phylum	Mucoromycota	Ascomycota	1.000	Fungi;Mucoromycota;NA;Endogonales;NA;NA;__TAXCLUSTER5__NA
n1600	1600	port_py3_epang_T8_K100	13696475-39a1-416d-8d98-0b7160c3e7e5	rank differs	Kingdom	Fungi	Plantae	0.760	Phylum	NA	Basidiomycota	0.458	Fungi;NA;NA;NA;NA;NA;NA
n1600	1600	port_py3_epang_T8_K100	199ec4f6-40e0-4a07-8c8e-95ba7ca0f54f	same rank, other proposal	Genus	Pleodorina	Pandorina	0.602	Genus	Pleodorina	Eudorina	0.510	Plantae;Chlorophyta;NA;Chlamydomonadales;Volvocaceae;Pleodorina
n1600	1600	port_py3_epang_T8_K100	3f6abd7f-f0d5-443f-a389-a6eee27f6f9c	same rank, other proposal	Species	Primula kialensis	Primula auriculata	0.468	Species	Primula kialensis	NA	0.665	Plantae;Tracheophyta;NA;Ericales;Primulaceae;Primula;Primula kialensis
n1600	1600	port_py3_epang_T8_K100	4fdc2d5c-fe5d-4273-908e-6785b6f69cb7	rank differs	Phylum	Ascomycota	NA	0.912	Family	NA	Aspergillaceae	0.443	Fungi;Ascomycota;NA;Eurotiales;NA;NA;NA
n1600	1600	port_py3_epang_T8_K100	9c27cf65-ba28-47ed-96b7-8f6f8d99ae71	same rank, other proposal	Species	Ilex serrata	Ilex corallina	0.510	Species	Ilex serrata	__TAXCLUSTER2__Ilex metabaptista	1.000	Plantae;Tracheophyta;NA;Aquifoliales;Aquifoliaceae;Ilex;Ilex serrata
n1600	1600	port_py3_epang_T8_K100	0020f170-0a39-4efa-92a7-cf1f72b2ed7b	flagged by reference only	Genus	NA	Aspergillus	0.524					Fungi;Ascomycota;NA;Eurotiales;Aspergillaceae;NA;NA
n1600	1600	port_py3_epang_T8_K100	08e962c7-5564-431e-ba94-03e4b66d7562	flagged by reference only	Species	Ilex shukunii	Ilex x wandoensis	0.814					Plantae;Tracheophyta;NA;Aquifoliales;Aquifoliaceae;Ilex;Ilex shukunii
n1600	1600	port_py3_epang_T8_K100	2fb594fe-4505-4e08-912a-67344e9f59a5	flagged by reference only	Genus	Pseudopodospermum	Scorzonera	0.410					Plantae;Tracheophyta;NA;Asterales;Asteraceae;Pseudopodospermum;Pseudopodospermum inaequiscapum
n1600	1600	port_py3_epang_T8_K100	31c06ff3-de55-4289-9b11-6c7472f286c1	flagged by reference only	Genus	Eudorina	Pandorina	1.000					Plantae;Chlorophyta;NA;Chlamydomonadales;Volvocaceae;Eudorina;Eudorina elegans
n1600	1600	port_py3_epang_T8_K100	3b26eed0-91da-4ce6-84a3-306e73e92626	flagged by reference only	Species	Actinidia fulvicoma	NA	0.815					Plantae;Tracheophyta;NA;Ericales;Actinidiaceae;Actinidia;Actinidia fulvicoma
n1600	1600	port_py3_epang_T8_K100	3b7aa83b-3f3f-4572-8abf-a132fc2a19a0	flagged by reference only	Species	Actinidia fulvicoma	NA	0.814					Plantae;Tracheophyta;NA;Ericales;Actinidiaceae;Actinidia;Actinidia fulvicoma
n1600	1600	port_py3_epang_T8_K100	4d7a86e3-7b98-4721-a6c1-dee1101ffd36	flagged by reference only	Genus	Pleodorina	Pandorina	0.999					Plantae;Chlorophyta;NA;Chlamydomonadales;Volvocaceae;Pleodorina
n1600	1600	port_py3_epang_T8_K100	52efdec0-6b5b-47aa-b41a-ed9b386cef41	flagged by reference only	Species	NA	Bipolaris sorokiniana	0.991					Fungi;Ascomycota;NA;Pleosporales;Pleosporaceae;Bipolaris;NA
n1600	1600	port_py3_epang_T8_K100	5c4c7b4d-3a48-41e6-aa23-16fd38952d2b	flagged by reference only	Phylum	Ascomycota	NA	0.912					Fungi;Ascomycota;NA;Eurotiales;Aspergillaceae;Aspergillus;NA
n1600	1600	port_py3_epang_T8_K100	e4c13d92-788b-4c82-9a0f-82c0dde2414b	flagged by reference only	Kingdom	Fungi	Plantae	0.663					Fungi;Basidiomycota;NA
n1600	1600	port_py3_epang_T8_K100	e62ae28c-9b37-49e0-b1ef-9e0dc3e2b638	flagged by reference only	Species	Ilex shukunii	Ilex x wandoensis	0.814					Plantae;Tracheophyta;NA;Aquifoliales;Aquifoliaceae;Ilex;Ilex shukunii
n1600	1600	port_py3_epang_T8_K100	f254f880-e1cb-467c-a691-df7862b2a753	flagged by reference only	Species	Ilex tetramera	Ilex x wandoensis	0.814					Plantae;Tracheophyta;NA;Aquifoliales;Aquifoliaceae;Ilex;Ilex tetramera
n1600	1600	port_py3_epang_T8_K100	0e209b54-1496-4e43-988c-b37cb86c6b5f	flagged by test only					Species	NA	Eudorina elegans	0.500	Plantae;Chlorophyta;NA;Chlamydomonadales;Volvocaceae;Eudorina;NA
n1600	1600	port_py3_epang_T8_K100	2cc256c7-18cb-4dd1-8b09-096b820a1840	flagged by test only					Species	Asterochloris woessiae	NA	0.470	Plantae;Chlorophyta;NA;Microthamniales;NA;Asterochloris;Asterochloris woessiae
n1600	1600	port_py3_epang_T8_K100	31212b33-3e7c-4c3e-9969-3a48d0dd117c	flagged by test only					Species	Asterochloris italiana	NA	0.810	Plantae;Chlorophyta;NA;Microthamniales;NA;Asterochloris;Asterochloris italiana
n1600	1600	port_py3_epang_T8_K100	554d4ef6-80da-41c4-b2d3-741422082908	flagged by test only					Species	NA	Scorzonera meyeri	0.510	Plantae;Tracheophyta;NA;Asterales;Asteraceae;Scorzonera;NA
n1600	1600	port_py3_epang_T8_K100	636c97f1-bcaa-4c93-af63-10a9e3db0752	flagged by test only					Species	Primula beesiana	Primula chungensis	0.738	Plantae;Tracheophyta;NA;Ericales;Primulaceae;Primula;Primula beesiana
n1600	1600	port_py3_epang_T8_K100	681d305d-8dee-4c2f-8d55-96a7b28cb745	flagged by test only					Species	NA	Bouteloua curtipendula	0.548	Plantae;Tracheophyta;NA;Poales;Poaceae;Bouteloua;NA
n1600	1600	port_py3_epang_T8_K100	694e048c-07c0-43fa-b3f5-d78b6589e09d	flagged by test only					Species	Asterochloris italiana	NA	0.810	Plantae;Chlorophyta;NA;Microthamniales;NA;Asterochloris;Asterochloris italiana
n1600	1600	port_py3_epang_T8_K100	6ffdd279-3346-42d5-9bac-5d8ec04b6171	flagged by test only					Species	NA	Eudorina elegans	0.510	Plantae;Chlorophyta;NA;Chlamydomonadales;Volvocaceae;Eudorina;NA
n1600	1600	port_py3_epang_T8_K100	718a9b63-81a8-4ca8-99dc-42e9dac2bcf2	flagged by test only					Species	Primula egaliksensis	NA	0.654	Plantae;Tracheophyta;NA;Ericales;Primulaceae;Primula;Primula egaliksensis
n1600	1600	port_py3_epang_T8_K100	71c310db-eb55-434c-bea7-72844bf111a4	flagged by test only					Species	Ilex macrocarpa	Ilex micrococca	0.437	Plantae;Tracheophyta;NA;Aquifoliales;Aquifoliaceae;Ilex;Ilex macrocarpa
n1600	1600	port_py3_epang_T8_K100	8cd0e442-47b3-49ee-bd90-4884f9affaba	flagged by test only					Species	NA	Nymphaea odorata	0.510	Plantae;Tracheophyta;NA;Nymphaeales;Nymphaeaceae;Nymphaea;NA
n1600	1600	port_py3_epang_T8_K100	8f894320-cbf1-4716-a628-56c4eb8aa47c	flagged by test only					Species	Bipolaris sorokiniana	NA	0.964	Fungi;Ascomycota;NA;Pleosporales;Pleosporaceae;Bipolaris;Bipolaris sorokiniana
n1600	1600	port_py3_epang_T8_K100	92aedd84-5868-4824-8d94-223e55be976e	flagged by test only					Order	Trebouxiales	Microthamniales	0.990	Plantae;Chlorophyta;NA;Trebouxiales;Trebouxiaceae;Trebouxia;NA
n1600	1600	port_py3_epang_T8_K100	a978ee1b-d8d2-49a6-a534-b823abf82774	flagged by test only					Phylum	NA	Ascomycota	0.703	Fungi;NA;NA;NA;NA;NA;NA
n1600	1600	port_py3_epang_T8_K100	ad800fc3-d641-4d7a-9c13-807cca9b0caa	flagged by test only					Genus	Gelasia	Epilasia	0.507	Plantae;Tracheophyta;NA;Asterales;Asteraceae;Gelasia;Gelasia aucheriana
n1600	1600	port_py3_epang_T8_K25	13696475-39a1-416d-8d98-0b7160c3e7e5	rank differs	Kingdom	Fungi	Plantae	0.760	Phylum	NA	Basidiomycota	0.448	Fungi;NA;NA;NA;NA;NA;NA
n1600	1600	port_py3_epang_T8_K25	199ec4f6-40e0-4a07-8c8e-95ba7ca0f54f	same rank, other proposal	Genus	Pleodorina	Pandorina	0.602	Genus	Pleodorina	Eudorina	0.510	Plantae;Chlorophyta;NA;Chlamydomonadales;Volvocaceae;Pleodorina
n1600	1600	port_py3_epang_T8_K25	3f6abd7f-f0d5-443f-a389-a6eee27f6f9c	same rank, other proposal	Species	Primula kialensis	Primula auriculata	0.468	Species	Primula kialensis	NA	0.706	Plantae;Tracheophyta;NA;Ericales;Primulaceae;Primula;Primula kialensis
n1600	1600	port_py3_epang_T8_K25	4fdc2d5c-fe5d-4273-908e-6785b6f69cb7	rank differs	Phylum	Ascomycota	NA	0.912	Family	NA	Aspergillaceae	0.443	Fungi;Ascomycota;NA;Eurotiales;NA;NA;NA
n1600	1600	port_py3_epang_T8_K25	9c27cf65-ba28-47ed-96b7-8f6f8d99ae71	same rank, other proposal	Species	Ilex serrata	Ilex corallina	0.510	Species	Ilex serrata	__TAXCLUSTER2__Ilex metabaptista	1.000	Plantae;Tracheophyta;NA;Aquifoliales;Aquifoliaceae;Ilex;Ilex serrata
n1600	1600	port_py3_epang_T8_K25	0020f170-0a39-4efa-92a7-cf1f72b2ed7b	flagged by reference only	Genus	NA	Aspergillus	0.524					Fungi;Ascomycota;NA;Eurotiales;Aspergillaceae;NA;NA
n1600	1600	port_py3_epang_T8_K25	08e962c7-5564-431e-ba94-03e4b66d7562	flagged by reference only	Species	Ilex shukunii	Ilex x wandoensis	0.814					Plantae;Tracheophyta;NA;Aquifoliales;Aquifoliaceae;Ilex;Ilex shukunii
n1600	1600	port_py3_epang_T8_K25	2fb594fe-4505-4e08-912a-67344e9f59a5	flagged by reference only	Genus	Pseudopodospermum	Scorzonera	0.410					Plantae;Tracheophyta;NA;Asterales;Asteraceae;Pseudopodospermum;Pseudopodospermum inaequiscapum
n1600	1600	port_py3_epang_T8_K25	31c06ff3-de55-4289-9b11-6c7472f286c1	flagged by reference only	Genus	Eudorina	Pandorina	1.000					Plantae;Chlorophyta;NA;Chlamydomonadales;Volvocaceae;Eudorina;Eudorina elegans
n1600	1600	port_py3_epang_T8_K25	3b26eed0-91da-4ce6-84a3-306e73e92626	flagged by reference only	Species	Actinidia fulvicoma	NA	0.815					Plantae;Tracheophyta;NA;Ericales;Actinidiaceae;Actinidia;Actinidia fulvicoma
n1600	1600	port_py3_epang_T8_K25	3b7aa83b-3f3f-4572-8abf-a132fc2a19a0	flagged by reference only	Species	Actinidia fulvicoma	NA	0.814					Plantae;Tracheophyta;NA;Ericales;Actinidiaceae;Actinidia;Actinidia fulvicoma
n1600	1600	port_py3_epang_T8_K25	4d7a86e3-7b98-4721-a6c1-dee1101ffd36	flagged by reference only	Genus	Pleodorina	Pandorina	0.999					Plantae;Chlorophyta;NA;Chlamydomonadales;Volvocaceae;Pleodorina
n1600	1600	port_py3_epang_T8_K25	52efdec0-6b5b-47aa-b41a-ed9b386cef41	flagged by reference only	Species	NA	Bipolaris sorokiniana	0.991					Fungi;Ascomycota;NA;Pleosporales;Pleosporaceae;Bipolaris;NA
n1600	1600	port_py3_epang_T8_K25	5c4c7b4d-3a48-41e6-aa23-16fd38952d2b	flagged by reference only	Phylum	Ascomycota	NA	0.912					Fungi;Ascomycota;NA;Eurotiales;Aspergillaceae;Aspergillus;NA
n1600	1600	port_py3_epang_T8_K25	e4c13d92-788b-4c82-9a0f-82c0dde2414b	flagged by reference only	Kingdom	Fungi	Plantae	0.663					Fungi;Basidiomycota;NA
n1600	1600	port_py3_epang_T8_K25	e62ae28c-9b37-49e0-b1ef-9e0dc3e2b638	flagged by reference only	Species	Ilex shukunii	Ilex x wandoensis	0.814					Plantae;Tracheophyta;NA;Aquifoliales;Aquifoliaceae;Ilex;Ilex shukunii
n1600	1600	port_py3_epang_T8_K25	f254f880-e1cb-467c-a691-df7862b2a753	flagged by reference only	Species	Ilex tetramera	Ilex x wandoensis	0.814					Plantae;Tracheophyta;NA;Aquifoliales;Aquifoliaceae;Ilex;Ilex tetramera
n1600	1600	port_py3_epang_T8_K25	0e209b54-1496-4e43-988c-b37cb86c6b5f	flagged by test only					Species	NA	Eudorina elegans	0.500	Plantae;Chlorophyta;NA;Chlamydomonadales;Volvocaceae;Eudorina;NA
n1600	1600	port_py3_epang_T8_K25	27f8dfdc-b631-471d-85f4-e6431a95d1a2	flagged by test only					Species	Primula farinosa	Primula pinnata	0.510	Plantae;Tracheophyta;NA;Ericales;Primulaceae;Primula;Primula farinosa
n1600	1600	port_py3_epang_T8_K25	2cc256c7-18cb-4dd1-8b09-096b820a1840	flagged by test only					Species	Asterochloris woessiae	NA	0.511	Plantae;Chlorophyta;NA;Microthamniales;NA;Asterochloris;Asterochloris woessiae
n1600	1600	port_py3_epang_T8_K25	31212b33-3e7c-4c3e-9969-3a48d0dd117c	flagged by test only					Species	Asterochloris italiana	NA	0.812	Plantae;Chlorophyta;NA;Microthamniales;NA;Asterochloris;Asterochloris italiana
n1600	1600	port_py3_epang_T8_K25	3bc999e5-2232-4b3a-acfc-6161b2e6504c	flagged by test only					Species	Primula farinosa	Primula pinnata	0.510	Plantae;Tracheophyta;NA;Ericales;Primulaceae;Primula;Primula farinosa
n1600	1600	port_py3_epang_T8_K25	554d4ef6-80da-41c4-b2d3-741422082908	flagged by test only					Species	NA	Scorzonera meyeri	0.510	Plantae;Tracheophyta;NA;Asterales;Asteraceae;Scorzonera;NA
n1600	1600	port_py3_epang_T8_K25	636c97f1-bcaa-4c93-af63-10a9e3db0752	flagged by test only					Species	Primula beesiana	Primula chungensis	0.739	Plantae;Tracheophyta;NA;Ericales;Primulaceae;Primula;Primula beesiana
n1600	1600	port_py3_epang_T8_K25	681d305d-8dee-4c2f-8d55-96a7b28cb745	flagged by test only					Species	NA	Bouteloua curtipendula	0.548	Plantae;Tracheophyta;NA;Poales;Poaceae;Bouteloua;NA
n1600	1600	port_py3_epang_T8_K25	694e048c-07c0-43fa-b3f5-d78b6589e09d	flagged by test only					Species	Asterochloris italiana	NA	0.812	Plantae;Chlorophyta;NA;Microthamniales;NA;Asterochloris;Asterochloris italiana
n1600	1600	port_py3_epang_T8_K25	6ffdd279-3346-42d5-9bac-5d8ec04b6171	flagged by test only					Species	NA	Eudorina elegans	0.510	Plantae;Chlorophyta;NA;Chlamydomonadales;Volvocaceae;Eudorina;NA
n1600	1600	port_py3_epang_T8_K25	718a9b63-81a8-4ca8-99dc-42e9dac2bcf2	flagged by test only					Species	Primula egaliksensis	NA	0.657	Plantae;Tracheophyta;NA;Ericales;Primulaceae;Primula;Primula egaliksensis
n1600	1600	port_py3_epang_T8_K25	71c310db-eb55-434c-bea7-72844bf111a4	flagged by test only					Species	Ilex macrocarpa	Ilex micrococca	0.456	Plantae;Tracheophyta;NA;Aquifoliales;Aquifoliaceae;Ilex;Ilex macrocarpa
n1600	1600	port_py3_epang_T8_K25	8cd0e442-47b3-49ee-bd90-4884f9affaba	flagged by test only					Species	NA	Nymphaea odorata	0.510	Plantae;Tracheophyta;NA;Nymphaeales;Nymphaeaceae;Nymphaea;NA
n1600	1600	port_py3_epang_T8_K25	8f894320-cbf1-4716-a628-56c4eb8aa47c	flagged by test only					Species	Bipolaris sorokiniana	NA	0.964	Fungi;Ascomycota;NA;Pleosporales;Pleosporaceae;Bipolaris;Bipolaris sorokiniana
n1600	1600	port_py3_epang_T8_K25	92aedd84-5868-4824-8d94-223e55be976e	flagged by test only					Order	Trebouxiales	Microthamniales	0.990	Plantae;Chlorophyta;NA;Trebouxiales;Trebouxiaceae;Trebouxia;NA
n1600	1600	port_py3_epang_T8_K25	a978ee1b-d8d2-49a6-a534-b823abf82774	flagged by test only					Phylum	NA	Ascomycota	0.703	Fungi;NA;NA;NA;NA;NA;NA
n1600	1600	port_py3_epang_T8_K25	ad800fc3-d641-4d7a-9c13-807cca9b0caa	flagged by test only					Genus	Gelasia	Epilasia	0.507	Plantae;Tracheophyta;NA;Asterales;Asteraceae;Gelasia;Gelasia aucheriana
n1600	1600	port_py3_epang_T8_K25	b6d8728e-79f1-4161-a00d-e44d0d55b6f9	flagged by test only					Species	Scorzonera laciniata	Scorzonera cana	0.499	Plantae;Tracheophyta;NA;Asterales;Asteraceae;Scorzonera;Scorzonera laciniata
n1600	1600	port_py3_epang_T8_K25_gammainfo	13696475-39a1-416d-8d98-0b7160c3e7e5	rank differs	Kingdom	Fungi	Plantae	0.760	Phylum	NA	Zoopagomycota	0.448	Fungi;NA;NA;NA;NA;NA;NA
n1600	1600	port_py3_epang_T8_K25_gammainfo	199ec4f6-40e0-4a07-8c8e-95ba7ca0f54f	same rank, other proposal	Genus	Pleodorina	Pandorina	0.602	Genus	Pleodorina	Eudorina	0.510	Plantae;Chlorophyta;NA;Chlamydomonadales;Volvocaceae;Pleodorina
n1600	1600	port_py3_epang_T8_K25_gammainfo	3f6abd7f-f0d5-443f-a389-a6eee27f6f9c	same rank, other proposal	Species	Primula kialensis	Primula auriculata	0.468	Species	Primula kialensis	NA	0.612	Plantae;Tracheophyta;NA;Ericales;Primulaceae;Primula;Primula kialensis
n1600	1600	port_py3_epang_T8_K25_gammainfo	4fdc2d5c-fe5d-4273-908e-6785b6f69cb7	rank differs	Phylum	Ascomycota	NA	0.912	Family	NA	Aspergillaceae	0.436	Fungi;Ascomycota;NA;Eurotiales;NA;NA;NA
n1600	1600	port_py3_epang_T8_K25_gammainfo	9c27cf65-ba28-47ed-96b7-8f6f8d99ae71	same rank, other proposal	Species	Ilex serrata	Ilex corallina	0.510	Species	Ilex serrata	__TAXCLUSTER2__Ilex metabaptista	1.000	Plantae;Tracheophyta;NA;Aquifoliales;Aquifoliaceae;Ilex;Ilex serrata
n1600	1600	port_py3_epang_T8_K25_gammainfo	0020f170-0a39-4efa-92a7-cf1f72b2ed7b	flagged by reference only	Genus	NA	Aspergillus	0.524					Fungi;Ascomycota;NA;Eurotiales;Aspergillaceae;NA;NA
n1600	1600	port_py3_epang_T8_K25_gammainfo	08e962c7-5564-431e-ba94-03e4b66d7562	flagged by reference only	Species	Ilex shukunii	Ilex x wandoensis	0.814					Plantae;Tracheophyta;NA;Aquifoliales;Aquifoliaceae;Ilex;Ilex shukunii
n1600	1600	port_py3_epang_T8_K25_gammainfo	298983ad-4160-4cdd-be94-1377c18ed9e0	flagged by reference only	Genus	Pleodorina	Pandorina	0.999					Plantae;Chlorophyta;NA;Chlamydomonadales;Volvocaceae;Pleodorina
n1600	1600	port_py3_epang_T8_K25_gammainfo	2fb594fe-4505-4e08-912a-67344e9f59a5	flagged by reference only	Genus	Pseudopodospermum	Scorzonera	0.410					Plantae;Tracheophyta;NA;Asterales;Asteraceae;Pseudopodospermum;Pseudopodospermum inaequiscapum
n1600	1600	port_py3_epang_T8_K25_gammainfo	31c06ff3-de55-4289-9b11-6c7472f286c1	flagged by reference only	Genus	Eudorina	Pandorina	1.000					Plantae;Chlorophyta;NA;Chlamydomonadales;Volvocaceae;Eudorina;Eudorina elegans
n1600	1600	port_py3_epang_T8_K25_gammainfo	3b26eed0-91da-4ce6-84a3-306e73e92626	flagged by reference only	Species	Actinidia fulvicoma	NA	0.815					Plantae;Tracheophyta;NA;Ericales;Actinidiaceae;Actinidia;Actinidia fulvicoma
n1600	1600	port_py3_epang_T8_K25_gammainfo	3b7aa83b-3f3f-4572-8abf-a132fc2a19a0	flagged by reference only	Species	Actinidia fulvicoma	NA	0.814					Plantae;Tracheophyta;NA;Ericales;Actinidiaceae;Actinidia;Actinidia fulvicoma
n1600	1600	port_py3_epang_T8_K25_gammainfo	4d7a86e3-7b98-4721-a6c1-dee1101ffd36	flagged by reference only	Genus	Pleodorina	Pandorina	0.999					Plantae;Chlorophyta;NA;Chlamydomonadales;Volvocaceae;Pleodorina
n1600	1600	port_py3_epang_T8_K25_gammainfo	5c4c7b4d-3a48-41e6-aa23-16fd38952d2b	flagged by reference only	Phylum	Ascomycota	NA	0.912					Fungi;Ascomycota;NA;Eurotiales;Aspergillaceae;Aspergillus;NA
n1600	1600	port_py3_epang_T8_K25_gammainfo	e4c13d92-788b-4c82-9a0f-82c0dde2414b	flagged by reference only	Kingdom	Fungi	Plantae	0.663					Fungi;Basidiomycota;NA
n1600	1600	port_py3_epang_T8_K25_gammainfo	e62ae28c-9b37-49e0-b1ef-9e0dc3e2b638	flagged by reference only	Species	Ilex shukunii	Ilex x wandoensis	0.814					Plantae;Tracheophyta;NA;Aquifoliales;Aquifoliaceae;Ilex;Ilex shukunii
n1600	1600	port_py3_epang_T8_K25_gammainfo	f254f880-e1cb-467c-a691-df7862b2a753	flagged by reference only	Species	Ilex tetramera	Ilex x wandoensis	0.814					Plantae;Tracheophyta;NA;Aquifoliales;Aquifoliaceae;Ilex;Ilex tetramera
n1600	1600	port_py3_epang_T8_K25_gammainfo	0e209b54-1496-4e43-988c-b37cb86c6b5f	flagged by test only					Species	NA	Eudorina elegans	0.496	Plantae;Chlorophyta;NA;Chlamydomonadales;Volvocaceae;Eudorina;NA
n1600	1600	port_py3_epang_T8_K25_gammainfo	27f8dfdc-b631-471d-85f4-e6431a95d1a2	flagged by test only					Species	Primula farinosa	Primula pinnata	0.510	Plantae;Tracheophyta;NA;Ericales;Primulaceae;Primula;Primula farinosa
n1600	1600	port_py3_epang_T8_K25_gammainfo	2cc256c7-18cb-4dd1-8b09-096b820a1840	flagged by test only					Species	Asterochloris woessiae	NA	0.653	Plantae;Chlorophyta;NA;Microthamniales;NA;Asterochloris;Asterochloris woessiae
n1600	1600	port_py3_epang_T8_K25_gammainfo	31212b33-3e7c-4c3e-9969-3a48d0dd117c	flagged by test only					Species	Asterochloris italiana	NA	0.908	Plantae;Chlorophyta;NA;Microthamniales;NA;Asterochloris;Asterochloris italiana
n1600	1600	port_py3_epang_T8_K25_gammainfo	3bc999e5-2232-4b3a-acfc-6161b2e6504c	flagged by test only					Species	Primula farinosa	Primula pinnata	0.510	Plantae;Tracheophyta;NA;Ericales;Primulaceae;Primula;Primula farinosa
n1600	1600	port_py3_epang_T8_K25_gammainfo	51ea3342-471f-4125-974f-87da2cfec019	flagged by test only					Genus	Actinidia	Clematoclethra	0.510	Plantae;Tracheophyta;NA;Ericales;Actinidiaceae;Actinidia;NA
n1600	1600	port_py3_epang_T8_K25_gammainfo	554d4ef6-80da-41c4-b2d3-741422082908	flagged by test only					Species	NA	Scorzonera meyeri	0.510	Plantae;Tracheophyta;NA;Asterales;Asteraceae;Scorzonera;NA
n1600	1600	port_py3_epang_T8_K25_gammainfo	636c97f1-bcaa-4c93-af63-10a9e3db0752	flagged by test only					Species	Primula beesiana	Primula chungensis	0.500	Plantae;Tracheophyta;NA;Ericales;Primulaceae;Primula;Primula beesiana
n1600	1600	port_py3_epang_T8_K25_gammainfo	681d305d-8dee-4c2f-8d55-96a7b28cb745	flagged by test only					Species	NA	Bouteloua curtipendula	0.541	Plantae;Tracheophyta;NA;Poales;Poaceae;Bouteloua;NA
n1600	1600	port_py3_epang_T8_K25_gammainfo	694e048c-07c0-43fa-b3f5-d78b6589e09d	flagged by test only					Species	Asterochloris italiana	NA	0.908	Plantae;Chlorophyta;NA;Microthamniales;NA;Asterochloris;Asterochloris italiana
n1600	1600	port_py3_epang_T8_K25_gammainfo	6ffdd279-3346-42d5-9bac-5d8ec04b6171	flagged by test only					Species	NA	Eudorina elegans	0.510	Plantae;Chlorophyta;NA;Chlamydomonadales;Volvocaceae;Eudorina;NA
n1600	1600	port_py3_epang_T8_K25_gammainfo	718a9b63-81a8-4ca8-99dc-42e9dac2bcf2	flagged by test only					Species	Primula egaliksensis	NA	0.660	Plantae;Tracheophyta;NA;Ericales;Primulaceae;Primula;Primula egaliksensis
n1600	1600	port_py3_epang_T8_K25_gammainfo	71c310db-eb55-434c-bea7-72844bf111a4	flagged by test only					Species	Ilex macrocarpa	Ilex micrococca	0.527	Plantae;Tracheophyta;NA;Aquifoliales;Aquifoliaceae;Ilex;Ilex macrocarpa
n1600	1600	port_py3_epang_T8_K25_gammainfo	8cd0e442-47b3-49ee-bd90-4884f9affaba	flagged by test only					Species	NA	Nymphaea odorata	0.510	Plantae;Tracheophyta;NA;Nymphaeales;Nymphaeaceae;Nymphaea;NA
n1600	1600	port_py3_epang_T8_K25_gammainfo	8f894320-cbf1-4716-a628-56c4eb8aa47c	flagged by test only					Species	Bipolaris sorokiniana	NA	0.970	Fungi;Ascomycota;NA;Pleosporales;Pleosporaceae;Bipolaris;Bipolaris sorokiniana
n1600	1600	port_py3_epang_T8_K25_gammainfo	92aedd84-5868-4824-8d94-223e55be976e	flagged by test only					Order	Trebouxiales	Microthamniales	0.951	Plantae;Chlorophyta;NA;Trebouxiales;Trebouxiaceae;Trebouxia;NA
n1600	1600	port_py3_epang_T8_K25_gammainfo	a978ee1b-d8d2-49a6-a534-b823abf82774	flagged by test only					Phylum	NA	Ascomycota	0.703	Fungi;NA;NA;NA;NA;NA;NA
n1600	1600	port_py3_epang_T8_K25_gammainfo	ad800fc3-d641-4d7a-9c13-807cca9b0caa	flagged by test only					Genus	Gelasia	Epilasia	0.505	Plantae;Tracheophyta;NA;Asterales;Asteraceae;Gelasia;Gelasia aucheriana
n1600	1600	port_py3_epang_T8_K50	13696475-39a1-416d-8d98-0b7160c3e7e5	rank differs	Kingdom	Fungi	Plantae	0.760	Phylum	NA	Basidiomycota	0.450	Fungi;NA;NA;NA;NA;NA;NA
n1600	1600	port_py3_epang_T8_K50	199ec4f6-40e0-4a07-8c8e-95ba7ca0f54f	same rank, other proposal	Genus	Pleodorina	Pandorina	0.602	Genus	Pleodorina	Eudorina	0.510	Plantae;Chlorophyta;NA;Chlamydomonadales;Volvocaceae;Pleodorina
n1600	1600	port_py3_epang_T8_K50	3f6abd7f-f0d5-443f-a389-a6eee27f6f9c	same rank, other proposal	Species	Primula kialensis	Primula auriculata	0.468	Species	Primula kialensis	NA	0.706	Plantae;Tracheophyta;NA;Ericales;Primulaceae;Primula;Primula kialensis
n1600	1600	port_py3_epang_T8_K50	4fdc2d5c-fe5d-4273-908e-6785b6f69cb7	rank differs	Phylum	Ascomycota	NA	0.912	Family	NA	Aspergillaceae	0.443	Fungi;Ascomycota;NA;Eurotiales;NA;NA;NA
n1600	1600	port_py3_epang_T8_K50	9c27cf65-ba28-47ed-96b7-8f6f8d99ae71	same rank, other proposal	Species	Ilex serrata	Ilex corallina	0.510	Species	Ilex serrata	__TAXCLUSTER2__Ilex metabaptista	1.000	Plantae;Tracheophyta;NA;Aquifoliales;Aquifoliaceae;Ilex;Ilex serrata
n1600	1600	port_py3_epang_T8_K50	0020f170-0a39-4efa-92a7-cf1f72b2ed7b	flagged by reference only	Genus	NA	Aspergillus	0.524					Fungi;Ascomycota;NA;Eurotiales;Aspergillaceae;NA;NA
n1600	1600	port_py3_epang_T8_K50	08e962c7-5564-431e-ba94-03e4b66d7562	flagged by reference only	Species	Ilex shukunii	Ilex x wandoensis	0.814					Plantae;Tracheophyta;NA;Aquifoliales;Aquifoliaceae;Ilex;Ilex shukunii
n1600	1600	port_py3_epang_T8_K50	2fb594fe-4505-4e08-912a-67344e9f59a5	flagged by reference only	Genus	Pseudopodospermum	Scorzonera	0.410					Plantae;Tracheophyta;NA;Asterales;Asteraceae;Pseudopodospermum;Pseudopodospermum inaequiscapum
n1600	1600	port_py3_epang_T8_K50	31c06ff3-de55-4289-9b11-6c7472f286c1	flagged by reference only	Genus	Eudorina	Pandorina	1.000					Plantae;Chlorophyta;NA;Chlamydomonadales;Volvocaceae;Eudorina;Eudorina elegans
n1600	1600	port_py3_epang_T8_K50	3b26eed0-91da-4ce6-84a3-306e73e92626	flagged by reference only	Species	Actinidia fulvicoma	NA	0.815					Plantae;Tracheophyta;NA;Ericales;Actinidiaceae;Actinidia;Actinidia fulvicoma
n1600	1600	port_py3_epang_T8_K50	3b7aa83b-3f3f-4572-8abf-a132fc2a19a0	flagged by reference only	Species	Actinidia fulvicoma	NA	0.814					Plantae;Tracheophyta;NA;Ericales;Actinidiaceae;Actinidia;Actinidia fulvicoma
n1600	1600	port_py3_epang_T8_K50	4d7a86e3-7b98-4721-a6c1-dee1101ffd36	flagged by reference only	Genus	Pleodorina	Pandorina	0.999					Plantae;Chlorophyta;NA;Chlamydomonadales;Volvocaceae;Pleodorina
n1600	1600	port_py3_epang_T8_K50	52efdec0-6b5b-47aa-b41a-ed9b386cef41	flagged by reference only	Species	NA	Bipolaris sorokiniana	0.991					Fungi;Ascomycota;NA;Pleosporales;Pleosporaceae;Bipolaris;NA
n1600	1600	port_py3_epang_T8_K50	5c4c7b4d-3a48-41e6-aa23-16fd38952d2b	flagged by reference only	Phylum	Ascomycota	NA	0.912					Fungi;Ascomycota;NA;Eurotiales;Aspergillaceae;Aspergillus;NA
n1600	1600	port_py3_epang_T8_K50	e4c13d92-788b-4c82-9a0f-82c0dde2414b	flagged by reference only	Kingdom	Fungi	Plantae	0.663					Fungi;Basidiomycota;NA
n1600	1600	port_py3_epang_T8_K50	e62ae28c-9b37-49e0-b1ef-9e0dc3e2b638	flagged by reference only	Species	Ilex shukunii	Ilex x wandoensis	0.814					Plantae;Tracheophyta;NA;Aquifoliales;Aquifoliaceae;Ilex;Ilex shukunii
n1600	1600	port_py3_epang_T8_K50	f254f880-e1cb-467c-a691-df7862b2a753	flagged by reference only	Species	Ilex tetramera	Ilex x wandoensis	0.814					Plantae;Tracheophyta;NA;Aquifoliales;Aquifoliaceae;Ilex;Ilex tetramera
n1600	1600	port_py3_epang_T8_K50	0e209b54-1496-4e43-988c-b37cb86c6b5f	flagged by test only					Species	NA	Eudorina elegans	0.500	Plantae;Chlorophyta;NA;Chlamydomonadales;Volvocaceae;Eudorina;NA
n1600	1600	port_py3_epang_T8_K50	27f8dfdc-b631-471d-85f4-e6431a95d1a2	flagged by test only					Species	Primula farinosa	Primula pinnata	0.510	Plantae;Tracheophyta;NA;Ericales;Primulaceae;Primula;Primula farinosa
n1600	1600	port_py3_epang_T8_K50	2cc256c7-18cb-4dd1-8b09-096b820a1840	flagged by test only					Species	Asterochloris woessiae	NA	0.470	Plantae;Chlorophyta;NA;Microthamniales;NA;Asterochloris;Asterochloris woessiae
n1600	1600	port_py3_epang_T8_K50	31212b33-3e7c-4c3e-9969-3a48d0dd117c	flagged by test only					Species	Asterochloris italiana	NA	0.807	Plantae;Chlorophyta;NA;Microthamniales;NA;Asterochloris;Asterochloris italiana
n1600	1600	port_py3_epang_T8_K50	3bc999e5-2232-4b3a-acfc-6161b2e6504c	flagged by test only					Species	Primula farinosa	Primula pinnata	0.510	Plantae;Tracheophyta;NA;Ericales;Primulaceae;Primula;Primula farinosa
n1600	1600	port_py3_epang_T8_K50	554d4ef6-80da-41c4-b2d3-741422082908	flagged by test only					Species	NA	Scorzonera meyeri	0.510	Plantae;Tracheophyta;NA;Asterales;Asteraceae;Scorzonera;NA
n1600	1600	port_py3_epang_T8_K50	636c97f1-bcaa-4c93-af63-10a9e3db0752	flagged by test only					Species	Primula beesiana	Primula chungensis	0.739	Plantae;Tracheophyta;NA;Ericales;Primulaceae;Primula;Primula beesiana
n1600	1600	port_py3_epang_T8_K50	681d305d-8dee-4c2f-8d55-96a7b28cb745	flagged by test only					Species	NA	Bouteloua curtipendula	0.548	Plantae;Tracheophyta;NA;Poales;Poaceae;Bouteloua;NA
n1600	1600	port_py3_epang_T8_K50	694e048c-07c0-43fa-b3f5-d78b6589e09d	flagged by test only					Species	Asterochloris italiana	NA	0.807	Plantae;Chlorophyta;NA;Microthamniales;NA;Asterochloris;Asterochloris italiana
n1600	1600	port_py3_epang_T8_K50	6ffdd279-3346-42d5-9bac-5d8ec04b6171	flagged by test only					Species	NA	Eudorina elegans	0.510	Plantae;Chlorophyta;NA;Chlamydomonadales;Volvocaceae;Eudorina;NA
n1600	1600	port_py3_epang_T8_K50	718a9b63-81a8-4ca8-99dc-42e9dac2bcf2	flagged by test only					Species	Primula egaliksensis	NA	0.657	Plantae;Tracheophyta;NA;Ericales;Primulaceae;Primula;Primula egaliksensis
n1600	1600	port_py3_epang_T8_K50	71c310db-eb55-434c-bea7-72844bf111a4	flagged by test only					Species	Ilex macrocarpa	Ilex micrococca	0.437	Plantae;Tracheophyta;NA;Aquifoliales;Aquifoliaceae;Ilex;Ilex macrocarpa
n1600	1600	port_py3_epang_T8_K50	8cd0e442-47b3-49ee-bd90-4884f9affaba	flagged by test only					Species	NA	Nymphaea odorata	0.510	Plantae;Tracheophyta;NA;Nymphaeales;Nymphaeaceae;Nymphaea;NA
n1600	1600	port_py3_epang_T8_K50	8f894320-cbf1-4716-a628-56c4eb8aa47c	flagged by test only					Species	Bipolaris sorokiniana	NA	0.964	Fungi;Ascomycota;NA;Pleosporales;Pleosporaceae;Bipolaris;Bipolaris sorokiniana
n1600	1600	port_py3_epang_T8_K50	92aedd84-5868-4824-8d94-223e55be976e	flagged by test only					Order	Trebouxiales	Microthamniales	0.990	Plantae;Chlorophyta;NA;Trebouxiales;Trebouxiaceae;Trebouxia;NA
n1600	1600	port_py3_epang_T8_K50	a978ee1b-d8d2-49a6-a534-b823abf82774	flagged by test only					Phylum	NA	Ascomycota	0.703	Fungi;NA;NA;NA;NA;NA;NA
n1600	1600	port_py3_epang_T8_K50	ad800fc3-d641-4d7a-9c13-807cca9b0caa	flagged by test only					Genus	Gelasia	Epilasia	0.507	Plantae;Tracheophyta;NA;Asterales;Asteraceae;Gelasia;Gelasia aucheriana
n1600	1600	port_py3_epang_T8_gammainfo	0e95f70b-a70e-4df2-9039-1febb088baf7	same rank, other proposal	Species	Ahnfeltia borealis	Ahnfeltia plicata	0.946	Species	Ahnfeltia borealis	Ahnfeltia fastigiata	0.529	Plantae;Rhodophyta;NA;Ahnfeltiales;Ahnfeltiaceae;Ahnfeltia;Ahnfeltia borealis
n1600	1600	port_py3_epang_T8_gammainfo	13696475-39a1-416d-8d98-0b7160c3e7e5	rank differs	Kingdom	Fungi	Plantae	0.760	Phylum	NA	Basidiomycota	0.974	Fungi;NA;NA;NA;NA;NA;NA
n1600	1600	port_py3_epang_T8_gammainfo	199ec4f6-40e0-4a07-8c8e-95ba7ca0f54f	same rank, other proposal	Genus	Pleodorina	Pandorina	0.602	Genus	Pleodorina	Eudorina	0.995	Plantae;Chlorophyta;NA;Chlamydomonadales;Volvocaceae;Pleodorina
n1600	1600	port_py3_epang_T8_gammainfo	298983ad-4160-4cdd-be94-1377c18ed9e0	same rank, other proposal	Genus	Pleodorina	Pandorina	0.999	Genus	Pleodorina	Eudorina	0.681	Plantae;Chlorophyta;NA;Chlamydomonadales;Volvocaceae;Pleodorina
n1600	1600	port_py3_epang_T8_gammainfo	3f6abd7f-f0d5-443f-a389-a6eee27f6f9c	same rank, other proposal	Species	Primula kialensis	Primula auriculata	0.468	Species	Primula kialensis	NA	0.639	Plantae;Tracheophyta;NA;Ericales;Primulaceae;Primula;Primula kialensis
n1600	1600	port_py3_epang_T8_gammainfo	4d7a86e3-7b98-4721-a6c1-dee1101ffd36	same rank, other proposal	Genus	Pleodorina	Pandorina	0.999	Genus	Pleodorina	Eudorina	0.979	Plantae;Chlorophyta;NA;Chlamydomonadales;Volvocaceae;Pleodorina
n1600	1600	port_py3_epang_T8_gammainfo	4fdc2d5c-fe5d-4273-908e-6785b6f69cb7	rank differs	Phylum	Ascomycota	NA	0.912	Family	NA	Aspergillaceae	0.424	Fungi;Ascomycota;NA;Eurotiales;NA;NA;NA
n1600	1600	port_py3_epang_T8_gammainfo	75e2a37b-db1b-4673-bcef-338f984d4d9b	same rank, other proposal	Species	Ahnfeltia borealis	Ahnfeltia plicata	0.997	Species	Ahnfeltia borealis	Ahnfeltia fastigiata	0.534	Plantae;Rhodophyta;NA;Ahnfeltiales;Ahnfeltiaceae;Ahnfeltia;Ahnfeltia borealis
n1600	1600	port_py3_epang_T8_gammainfo	9c27cf65-ba28-47ed-96b7-8f6f8d99ae71	same rank, other proposal	Species	Ilex serrata	Ilex corallina	0.510	Species	Ilex serrata	__TAXCLUSTER2__Ilex metabaptista	1.000	Plantae;Tracheophyta;NA;Aquifoliales;Aquifoliaceae;Ilex;Ilex serrata
n1600	1600	port_py3_epang_T8_gammainfo	ab24a6f7-938e-4292-ba70-41a7aab91d5a	same rank, other proposal	Phylum	NA	Zoopagomycota	0.954	Phylum	NA	Basidiomycota	0.998	Fungi;NA;NA;NA;NA;NA;NA
n1600	1600	port_py3_epang_T8_gammainfo	b29d692a-48ad-43f9-a95b-1ab58ec3d9e4	rank differs	Phylum	Basidiomycota	Ascomycota	0.649	Order	NA	Russulales	0.760	Fungi;Basidiomycota;NA;NA;NA;NA;NA
n1600	1600	port_py3_epang_T8_gammainfo	f17cd819-8779-4d94-9c4b-67b6f0f80c16	same rank, other proposal	Species	Ahnfeltia borealis	Ahnfeltia plicata	0.997	Species	Ahnfeltia borealis	Ahnfeltia fastigiata	0.534	Plantae;Rhodophyta;NA;Ahnfeltiales;Ahnfeltiaceae;Ahnfeltia;Ahnfeltia borealis
n1600	1600	port_py3_epang_T8_gammainfo	08e962c7-5564-431e-ba94-03e4b66d7562	flagged by reference only	Species	Ilex shukunii	Ilex x wandoensis	0.814					Plantae;Tracheophyta;NA;Aquifoliales;Aquifoliaceae;Ilex;Ilex shukunii
n1600	1600	port_py3_epang_T8_gammainfo	0e6638cd-5d7d-4a06-9c12-cbb97adbb37e	flagged by reference only	Species	Ilex cornuta	Ilex x wandoensis	0.926					Plantae;Tracheophyta;NA;Aquifoliales;Aquifoliaceae;Ilex;Ilex cornuta
n1600	1600	port_py3_epang_T8_gammainfo	2fb594fe-4505-4e08-912a-67344e9f59a5	flagged by reference only	Genus	Pseudopodospermum	Scorzonera	0.410					Plantae;Tracheophyta;NA;Asterales;Asteraceae;Pseudopodospermum;Pseudopodospermum inaequiscapum
n1600	1600	port_py3_epang_T8_gammainfo	31c06ff3-de55-4289-9b11-6c7472f286c1	flagged by reference only	Genus	Eudorina	Pandorina	1.000					Plantae;Chlorophyta;NA;Chlamydomonadales;Volvocaceae;Eudorina;Eudorina elegans
n1600	1600	port_py3_epang_T8_gammainfo	353b1e2b-29d1-443b-ae8f-944f0a6ac13b	flagged by reference only	Species	Ahnfeltia fastigiata	Ahnfeltia plicata	0.997					Plantae;Rhodophyta;NA;Ahnfeltiales;Ahnfeltiaceae;Ahnfeltia;Ahnfeltia fastigiata
n1600	1600	port_py3_epang_T8_gammainfo	3b26eed0-91da-4ce6-84a3-306e73e92626	flagged by reference only	Species	Actinidia fulvicoma	NA	0.815					Plantae;Tracheophyta;NA;Ericales;Actinidiaceae;Actinidia;Actinidia fulvicoma
n1600	1600	port_py3_epang_T8_gammainfo	3b7aa83b-3f3f-4572-8abf-a132fc2a19a0	flagged by reference only	Species	Actinidia fulvicoma	NA	0.814					Plantae;Tracheophyta;NA;Ericales;Actinidiaceae;Actinidia;Actinidia fulvicoma
n1600	1600	port_py3_epang_T8_gammainfo	3be76ad8-a918-4987-8f03-0c3a86c0d266	flagged by reference only	Species	Ahnfeltia fastigiata	Ahnfeltia plicata	0.997					Plantae;Rhodophyta;NA;Ahnfeltiales;Ahnfeltiaceae;Ahnfeltia;Ahnfeltia fastigiata
n1600	1600	port_py3_epang_T8_gammainfo	52efdec0-6b5b-47aa-b41a-ed9b386cef41	flagged by reference only	Species	NA	Bipolaris sorokiniana	0.991					Fungi;Ascomycota;NA;Pleosporales;Pleosporaceae;Bipolaris;NA
n1600	1600	port_py3_epang_T8_gammainfo	5c4c7b4d-3a48-41e6-aa23-16fd38952d2b	flagged by reference only	Phylum	Ascomycota	NA	0.912					Fungi;Ascomycota;NA;Eurotiales;Aspergillaceae;Aspergillus;NA
n1600	1600	port_py3_epang_T8_gammainfo	817344f0-1ac1-4dcb-9437-10d50e54cf17	flagged by reference only	Species	Ilex chinensis	Ilex x wandoensis	0.492					Plantae;Tracheophyta;NA;Aquifoliales;Aquifoliaceae;Ilex;Ilex chinensis
n1600	1600	port_py3_epang_T8_gammainfo	8c218ce6-7103-4963-8949-7893188cc590	flagged by reference only	Species	Ahnfeltia fastigiata	Ahnfeltia plicata	0.997					Plantae;Rhodophyta;NA;Ahnfeltiales;Ahnfeltiaceae;Ahnfeltia;Ahnfeltia fastigiata
n1600	1600	port_py3_epang_T8_gammainfo	e4c13d92-788b-4c82-9a0f-82c0dde2414b	flagged by reference only	Kingdom	Fungi	Plantae	0.663					Fungi;Basidiomycota;NA
n1600	1600	port_py3_epang_T8_gammainfo	e62ae28c-9b37-49e0-b1ef-9e0dc3e2b638	flagged by reference only	Species	Ilex shukunii	Ilex x wandoensis	0.814					Plantae;Tracheophyta;NA;Aquifoliales;Aquifoliaceae;Ilex;Ilex shukunii
n1600	1600	port_py3_epang_T8_gammainfo	ebd81364-c474-463c-8b7f-7f9881e5403c	flagged by reference only	Phylum	Basidiomycota	Mucoromycota	0.999					Fungi;Basidiomycota;NA;NA;NA;NA;NA
n1600	1600	port_py3_epang_T8_gammainfo	f254f880-e1cb-467c-a691-df7862b2a753	flagged by reference only	Species	Ilex tetramera	Ilex x wandoensis	0.814					Plantae;Tracheophyta;NA;Aquifoliales;Aquifoliaceae;Ilex;Ilex tetramera
n1600	1600	port_py3_epang_T8_gammainfo	0e209b54-1496-4e43-988c-b37cb86c6b5f	flagged by test only					Species	NA	Eudorina elegans	1.000	Plantae;Chlorophyta;NA;Chlamydomonadales;Volvocaceae;Eudorina;NA
n1600	1600	port_py3_epang_T8_gammainfo	0f799fab-e0c1-4297-bfc3-979ee401eae9	flagged by test only					Species	Bouteloua warnockii	Bouteloua curtipendula	1.000	Plantae;Tracheophyta;NA;Poales;Poaceae;Bouteloua;Bouteloua warnockii
n1600	1600	port_py3_epang_T8_gammainfo	1a66e156-5e5a-4957-a393-a21ae8840c02	flagged by test only					Phylum	Mucoromycota	Ascomycota	1.000	Fungi;Mucoromycota;NA;Endogonales;NA;NA;__TAXCLUSTER5__NA
n1600	1600	port_py3_epang_T8_gammainfo	27f8dfdc-b631-471d-85f4-e6431a95d1a2	flagged by test only					Species	Primula farinosa	Primula pinnata	0.510	Plantae;Tracheophyta;NA;Ericales;Primulaceae;Primula;Primula farinosa
n1600	1600	port_py3_epang_T8_gammainfo	2cc256c7-18cb-4dd1-8b09-096b820a1840	flagged by test only					Species	Asterochloris woessiae	NA	0.653	Plantae;Chlorophyta;NA;Microthamniales;NA;Asterochloris;Asterochloris woessiae
n1600	1600	port_py3_epang_T8_gammainfo	2d77ea64-ffbe-4c8b-ad03-af0de2bdf1cc	flagged by test only					Species	Mucuna novoguineensis	Mucuna gigantea	0.509	Plantae;Tracheophyta;NA;Fabales;Fabaceae;Mucuna;Mucuna novoguineensis
n1600	1600	port_py3_epang_T8_gammainfo	31212b33-3e7c-4c3e-9969-3a48d0dd117c	flagged by test only					Species	Asterochloris italiana	NA	0.908	Plantae;Chlorophyta;NA;Microthamniales;NA;Asterochloris;Asterochloris italiana
n1600	1600	port_py3_epang_T8_gammainfo	3453d2be-3e07-4fa6-8d00-d2d2c992b2b2	flagged by test only					Genus	Omphalogramma	Primula	0.997	Plantae;Tracheophyta;NA;Ericales;Primulaceae;Omphalogramma
n1600	1600	port_py3_epang_T8_gammainfo	3bc999e5-2232-4b3a-acfc-6161b2e6504c	flagged by test only					Species	Primula farinosa	Primula pinnata	0.510	Plantae;Tracheophyta;NA;Ericales;Primulaceae;Primula;Primula farinosa
n1600	1600	port_py3_epang_T8_gammainfo	3d62b4e2-6ef6-4bb1-8c4e-338d9b931017	flagged by test only					Genus	Omphalogramma	Primula	0.746	Plantae;Tracheophyta;NA;Ericales;Primulaceae;Omphalogramma
n1600	1600	port_py3_epang_T8_gammainfo	51ea3342-471f-4125-974f-87da2cfec019	flagged by test only					Genus	Actinidia	Clematoclethra	0.510	Plantae;Tracheophyta;NA;Ericales;Actinidiaceae;Actinidia;NA
n1600	1600	port_py3_epang_T8_gammainfo	554d4ef6-80da-41c4-b2d3-741422082908	flagged by test only					Species	NA	Scorzonera meyeri	0.510	Plantae;Tracheophyta;NA;Asterales;Asteraceae;Scorzonera;NA
n1600	1600	port_py3_epang_T8_gammainfo	55927f18-64e4-4ded-b834-6ed4c025fa3d	flagged by test only					Species	Mucuna novoguineensis	Mucuna gigantea	0.509	Plantae;Tracheophyta;NA;Fabales;Fabaceae;Mucuna;Mucuna novoguineensis
n1600	1600	port_py3_epang_T8_gammainfo	56577404-b0ed-442b-a789-60a729ee2d02	flagged by test only					Species	Ilex dasyphylla	Ilex ferruginea	0.589	Plantae;Tracheophyta;NA;Aquifoliales;Aquifoliaceae;Ilex;Ilex dasyphylla
n1600	1600	port_py3_epang_T8_gammainfo	5ce1e186-82e6-4847-8ecc-f7d13ee39941	flagged by test only					Species	Primula cusickiana	Primula capillaris	0.510	Plantae;Tracheophyta;NA;Ericales;Primulaceae;Primula;Primula cusickiana
n1600	1600	port_py3_epang_T8_gammainfo	636c97f1-bcaa-4c93-af63-10a9e3db0752	flagged by test only					Species	Primula beesiana	Primula chungensis	0.503	Plantae;Tracheophyta;NA;Ericales;Primulaceae;Primula;Primula beesiana
n1600	1600	port_py3_epang_T8_gammainfo	64b3e071-e66c-408b-9ba5-5c33a7321b40	flagged by test only					Phylum	Mucoromycota	Ascomycota	1.000	Fungi;Mucoromycota;NA;Endogonales;NA;NA;__TAXCLUSTER5__NA
n1600	1600	port_py3_epang_T8_gammainfo	681d305d-8dee-4c2f-8d55-96a7b28cb745	flagged by test only					Species	NA	Bouteloua curtipendula	0.577	Plantae;Tracheophyta;NA;Poales;Poaceae;Bouteloua;NA
n1600	1600	port_py3_epang_T8_gammainfo	694e048c-07c0-43fa-b3f5-d78b6589e09d	flagged by test only					Species	Asterochloris italiana	NA	0.908	Plantae;Chlorophyta;NA;Microthamniales;NA;Asterochloris;Asterochloris italiana
n1600	1600	port_py3_epang_T8_gammainfo	6ffdd279-3346-42d5-9bac-5d8ec04b6171	flagged by test only					Species	NA	Eudorina elegans	0.999	Plantae;Chlorophyta;NA;Chlamydomonadales;Volvocaceae;Eudorina;NA
n1600	1600	port_py3_epang_T8_gammainfo	718a9b63-81a8-4ca8-99dc-42e9dac2bcf2	flagged by test only					Species	Primula egaliksensis	NA	0.664	Plantae;Tracheophyta;NA;Ericales;Primulaceae;Primula;Primula egaliksensis
n1600	1600	port_py3_epang_T8_gammainfo	71c310db-eb55-434c-bea7-72844bf111a4	flagged by test only					Species	Ilex macrocarpa	Ilex micrococca	0.514	Plantae;Tracheophyta;NA;Aquifoliales;Aquifoliaceae;Ilex;Ilex macrocarpa
n1600	1600	port_py3_epang_T8_gammainfo	7c7425af-4a7e-4dd6-b4a4-7549bbb7ebd8	flagged by test only					Genus	Omphalogramma	Primula	0.853	Plantae;Tracheophyta;NA;Ericales;Primulaceae;Omphalogramma
n1600	1600	port_py3_epang_T8_gammainfo	8cd0e442-47b3-49ee-bd90-4884f9affaba	flagged by test only					Species	NA	Nymphaea odorata	0.510	Plantae;Tracheophyta;NA;Nymphaeales;Nymphaeaceae;Nymphaea;NA
n1600	1600	port_py3_epang_T8_gammainfo	8f894320-cbf1-4716-a628-56c4eb8aa47c	flagged by test only					Species	Bipolaris sorokiniana	NA	1.000	Fungi;Ascomycota;NA;Pleosporales;Pleosporaceae;Bipolaris;Bipolaris sorokiniana
n1600	1600	port_py3_epang_T8_gammainfo	92aedd84-5868-4824-8d94-223e55be976e	flagged by test only					Order	Trebouxiales	Microthamniales	0.942	Plantae;Chlorophyta;NA;Trebouxiales;Trebouxiaceae;Trebouxia;NA
n1600	1600	port_py3_epang_T8_gammainfo	94d0392e-1810-4b59-a63f-8efdfd291e5b	flagged by test only					Species	Bouteloua warnockii	Bouteloua curtipendula	1.000	Plantae;Tracheophyta;NA;Poales;Poaceae;Bouteloua;Bouteloua warnockii
n1600	1600	port_py3_epang_T8_gammainfo	97311ffc-d825-4d81-96cb-deaa05ae4508	flagged by test only					Infraorder	Alternaria	Bipolaris	1.000	Fungi;Ascomycota;NA;Pleosporales;Pleosporaceae;Alternaria;NA
n1600	1600	port_py3_epang_T8_gammainfo	a74a94da-c7bb-4dba-a559-262af51f0ddf	flagged by test only					Species	Primula cusickiana	Primula capillaris	0.510	Plantae;Tracheophyta;NA;Ericales;Primulaceae;Primula;Primula cusickiana
n1600	1600	port_py3_epang_T8_gammainfo	a978ee1b-d8d2-49a6-a534-b823abf82774	flagged by test only					Phylum	NA	Ascomycota	0.714	Fungi;NA;NA;NA;NA;NA;NA
n1600	1600	port_py3_epang_T8_gammainfo	ad800fc3-d641-4d7a-9c13-807cca9b0caa	flagged by test only					Genus	Gelasia	Epilasia	0.506	Plantae;Tracheophyta;NA;Asterales;Asteraceae;Gelasia;Gelasia aucheriana
n1600	1600	port_py3_epang_T8_gammainfo	ce999006-80dc-4b0a-9311-cd7fa91d5764	flagged by test only					Infraorder	Alternaria	Bipolaris	1.000	Fungi;Ascomycota;NA;Pleosporales;Pleosporaceae;Alternaria;NA
n1600	1600	port_py3_epang_T8_gammainfo	ed80f120-7a90-4bfa-985c-a4b2255a106a	flagged by test only					Phylum	Mucoromycota	Ascomycota	1.000	Fungi;Mucoromycota;NA;Endogonales;NA;NA;__TAXCLUSTER5__NA
n1600	1600	upstream_py2_raxml_T1	2ac1e7ca-7c46-416b-a510-76293fbce458	same rank, other proposal	Genus	Pseudopodospermum	Epilasia	0.504	Genus	Pseudopodospermum	Scorzonera	0.966	Plantae;Tracheophyta;NA;Asterales;Asteraceae;Pseudopodospermum;Pseudopodospermum inaequiscapum
n1600	1600	upstream_py2_raxml_T1	31c06ff3-de55-4289-9b11-6c7472f286c1	same rank, other proposal	Genus	Eudorina	Pandorina	1.000	Genus	Eudorina	Pleodorina	0.510	Plantae;Chlorophyta;NA;Chlamydomonadales;Volvocaceae;Eudorina;Eudorina elegans
n1600	1600	upstream_py2_raxml_T1	3f6abd7f-f0d5-443f-a389-a6eee27f6f9c	same rank, other proposal	Species	Primula kialensis	Primula auriculata	0.468	Species	Primula kialensis	NA	0.862	Plantae;Tracheophyta;NA;Ericales;Primulaceae;Primula;Primula kialensis
n1600	1600	upstream_py2_raxml_T1	ab24a6f7-938e-4292-ba70-41a7aab91d5a	same rank, other proposal	Phylum	NA	Zoopagomycota	0.954	Phylum	NA	Basidiomycota	0.657	Fungi;NA;NA;NA;NA;NA;NA
n1600	1600	upstream_py2_raxml_T1	0020f170-0a39-4efa-92a7-cf1f72b2ed7b	flagged by reference only	Genus	NA	Aspergillus	0.524					Fungi;Ascomycota;NA;Eurotiales;Aspergillaceae;NA;NA
n1600	1600	upstream_py2_raxml_T1	0e964ccd-fde7-498d-8720-97f064a0686f	flagged by reference only	Species	Bipolaris sorokiniana	NA	0.999					Fungi;Ascomycota;NA;Pleosporales;Pleosporaceae;Bipolaris;Bipolaris sorokiniana
n1600	1600	upstream_py2_raxml_T1	199ec4f6-40e0-4a07-8c8e-95ba7ca0f54f	flagged by reference only	Genus	Pleodorina	Pandorina	0.602					Plantae;Chlorophyta;NA;Chlamydomonadales;Volvocaceae;Pleodorina
n1600	1600	upstream_py2_raxml_T1	298983ad-4160-4cdd-be94-1377c18ed9e0	flagged by reference only	Genus	Pleodorina	Pandorina	0.999					Plantae;Chlorophyta;NA;Chlamydomonadales;Volvocaceae;Pleodorina
n1600	1600	upstream_py2_raxml_T1	3e2926e5-ee59-43eb-917e-28902cce4097	flagged by reference only	Species	Bipolaris sorokiniana	NA	0.999					Fungi;Ascomycota;NA;Pleosporales;Pleosporaceae;Bipolaris;Bipolaris sorokiniana
n1600	1600	upstream_py2_raxml_T1	404e7103-8058-4180-953d-855ecafd7298	flagged by reference only	Species	NA	Bipolaris sorokiniana	0.644					Fungi;Ascomycota;NA;Pleosporales;Pleosporaceae;Bipolaris;NA
n1600	1600	upstream_py2_raxml_T1	47c27189-c720-45d4-82ae-1156544c899c	flagged by reference only	Order	Caryophyllales	Aquifoliales	0.622					Plantae;Tracheophyta;NA;Caryophyllales;Caryophyllaceae;Saponaria
n1600	1600	upstream_py2_raxml_T1	483fb91b-bd29-4d0b-a185-eca82eb41336	flagged by reference only	Species	NA	Bipolaris sorokiniana	0.644					Fungi;Ascomycota;NA;Pleosporales;Pleosporaceae;Bipolaris;NA
n1600	1600	upstream_py2_raxml_T1	4d7a86e3-7b98-4721-a6c1-dee1101ffd36	flagged by reference only	Genus	Pleodorina	Pandorina	0.999					Plantae;Chlorophyta;NA;Chlamydomonadales;Volvocaceae;Pleodorina
n1600	1600	upstream_py2_raxml_T1	4fdc2d5c-fe5d-4273-908e-6785b6f69cb7	flagged by reference only	Phylum	Ascomycota	NA	0.912					Fungi;Ascomycota;NA;Eurotiales;NA;NA;NA
n1600	1600	upstream_py2_raxml_T1	53584a46-159d-4857-86fb-41e26873c3bb	flagged by reference only	Order	Asterales	Aquifoliales	0.979					Plantae;Tracheophyta;NA;Asterales;Asteraceae;Koelpinia;Koelpinia linearis
n1600	1600	upstream_py2_raxml_T1	5c4c7b4d-3a48-41e6-aa23-16fd38952d2b	flagged by reference only	Phylum	Ascomycota	NA	0.912					Fungi;Ascomycota;NA;Eurotiales;Aspergillaceae;Aspergillus;NA
n1600	1600	upstream_py2_raxml_T1	5e97f9e4-c103-4f91-9d72-e3e667863ac7	flagged by reference only	Species	Bipolaris sorokiniana	NA	0.999					Fungi;Ascomycota;NA;Pleosporales;Pleosporaceae;Bipolaris;Bipolaris sorokiniana
n1600	1600	upstream_py2_raxml_T1	6415ffdb-8392-4bf2-a393-ba4919a7ab85	flagged by reference only	Species	Bipolaris sorokiniana	NA	0.916					Fungi;Ascomycota;NA;Pleosporales;Pleosporaceae;Bipolaris;Bipolaris sorokiniana
n1600	1600	upstream_py2_raxml_T1	6f3af62e-0e58-4ec1-984d-a5d0076fa9d7	flagged by reference only	Species	Bipolaris sorokiniana	NA	0.999					Fungi;Ascomycota;NA;Pleosporales;Pleosporaceae;Bipolaris;Bipolaris sorokiniana
n1600	1600	upstream_py2_raxml_T1	817344f0-1ac1-4dcb-9437-10d50e54cf17	flagged by reference only	Species	Ilex chinensis	Ilex x wandoensis	0.492					Plantae;Tracheophyta;NA;Aquifoliales;Aquifoliaceae;Ilex;Ilex chinensis
n1600	1600	upstream_py2_raxml_T1	830f49d6-6c13-4de6-b940-2e4652256c39	flagged by reference only	Species	NA	Primula pinnata	0.500					Plantae;Tracheophyta;NA;Ericales;Primulaceae;Primula;NA
n1600	1600	upstream_py2_raxml_T1	9cdd2af2-af9d-40cb-b9e8-5e08438244dc	flagged by reference only	Species	Aspergillus penicillioides	NA	0.998					Fungi;Ascomycota;NA;Eurotiales;Aspergillaceae;Aspergillus;Aspergillus penicillioides
n1600	1600	upstream_py2_raxml_T1	9f990496-9439-40ae-9913-d829e3bdf66e	flagged by reference only	Species	NA	Bipolaris sorokiniana	0.814					Fungi;Ascomycota;NA;Pleosporales;Pleosporaceae;Bipolaris;NA
n1600	1600	upstream_py2_raxml_T1	a61640a0-e847-46a0-b454-0914c1b0c24c	flagged by reference only	Species	Aspergillus penicillioides	NA	0.998					Fungi;Ascomycota;NA;Eurotiales;Aspergillaceae;Aspergillus;Aspergillus penicillioides
n1600	1600	upstream_py2_raxml_T1	b29d692a-48ad-43f9-a95b-1ab58ec3d9e4	flagged by reference only	Phylum	Basidiomycota	Ascomycota	0.649					Fungi;Basidiomycota;NA;NA;NA;NA;NA
n1600	1600	upstream_py2_raxml_T1	ea8b7927-4563-4152-97fa-2a1a4fae3e44	flagged by reference only	Phylum	NA	Ascomycota	0.825					Fungi;NA;NA;NA;NA;NA;NA
n1600	1600	upstream_py2_raxml_T1	03893063-f809-4a1d-9efd-cb1225d6fe3a	flagged by test only					Species	NA	Bipolaris sorokiniana	0.991	Fungi;Ascomycota;NA;Pleosporales;Pleosporaceae;Bipolaris;NA
n1600	1600	upstream_py2_raxml_T1	0e209b54-1496-4e43-988c-b37cb86c6b5f	flagged by test only					Genus	Eudorina	Pleodorina	0.510	Plantae;Chlorophyta;NA;Chlamydomonadales;Volvocaceae;Eudorina;NA
n1600	1600	upstream_py2_raxml_T1	1797038b-241a-42ad-912f-d2cefaf9eef1	flagged by test only					Species	NA	Bipolaris sorokiniana	0.991	Fungi;Ascomycota;NA;Pleosporales;Pleosporaceae;Bipolaris;NA
n1600	1600	upstream_py2_raxml_T1	213d54dc-8854-4a90-8f4f-07f869863c55	flagged by test only					Species	Bipolaris sorokiniana	NA	0.580	Fungi;Ascomycota;NA;Pleosporales;Pleosporaceae;Bipolaris;Bipolaris sorokiniana
n1600	1600	upstream_py2_raxml_T1	21b5a2ec-7f56-46a8-847f-2e2d08db3baa	flagged by test only					Species	Ilex khasiana	Ilex venulosa	0.505	Plantae;Tracheophyta;NA;Aquifoliales;Aquifoliaceae;Ilex;Ilex khasiana
n1600	1600	upstream_py2_raxml_T1	27bebef7-7e98-40cd-a440-d58c14304803	flagged by test only					Genus	Eudorina	Pleodorina	0.508	Plantae;Chlorophyta;NA;Chlamydomonadales;Volvocaceae;Eudorina;Eudorina elegans
n1600	1600	upstream_py2_raxml_T1	2cc256c7-18cb-4dd1-8b09-096b820a1840	flagged by test only					Species	Asterochloris woessiae	NA	0.857	Plantae;Chlorophyta;NA;Microthamniales;NA;Asterochloris;Asterochloris woessiae
n1600	1600	upstream_py2_raxml_T1	31212b33-3e7c-4c3e-9969-3a48d0dd117c	flagged by test only					Species	Asterochloris italiana	NA	0.920	Plantae;Chlorophyta;NA;Microthamniales;NA;Asterochloris;Asterochloris italiana
n1600	1600	upstream_py2_raxml_T1	31c04f75-864f-4204-8a06-62883536ff7f	flagged by test only					Species	NA	Bipolaris sorokiniana	0.991	Fungi;Ascomycota;NA;Pleosporales;Pleosporaceae;Bipolaris;NA
n1600	1600	upstream_py2_raxml_T1	3e2dacea-2292-475b-9ef7-291277682f99	flagged by test only					Species	Ilex x wandoensis	Ilex cornuta	0.697	Plantae;Tracheophyta;NA;Aquifoliales;Aquifoliaceae;Ilex;Ilex x wandoensis
n1600	1600	upstream_py2_raxml_T1	452f6a8a-c1a5-4fa6-883a-54b6d712f01b	flagged by test only					Species	Primula poissonii	Primula anisodora	0.510	Plantae;Tracheophyta;NA;Ericales;Primulaceae;Primula;Primula poissonii
n1600	1600	upstream_py2_raxml_T1	48a5a2d0-567b-4372-ba38-2801b371fe37	flagged by test only					Species	Bipolaris sorokiniana	NA	0.600	Fungi;Ascomycota;NA;Pleosporales;Pleosporaceae;Bipolaris;Bipolaris sorokiniana
n1600	1600	upstream_py2_raxml_T1	4ec3fcce-70a5-47b2-855c-755122280628	flagged by test only					Species	NA	Bipolaris sorokiniana	0.991	Fungi;Ascomycota;NA;Pleosporales;Pleosporaceae;Bipolaris;NA
n1600	1600	upstream_py2_raxml_T1	509da335-1af6-4fe4-98aa-06d6802e967c	flagged by test only					Species	NA	Bipolaris sorokiniana	0.991	Fungi;Ascomycota;NA;Pleosporales;Pleosporaceae;Bipolaris;NA
n1600	1600	upstream_py2_raxml_T1	554d4ef6-80da-41c4-b2d3-741422082908	flagged by test only					Species	NA	Scorzonera meyeri	0.510	Plantae;Tracheophyta;NA;Asterales;Asteraceae;Scorzonera;NA
n1600	1600	upstream_py2_raxml_T1	5f4d91d9-4e96-4865-ad9a-9440564e36b4	flagged by test only					Species	Ilex maximowicziana	Ilex cornuta	0.792	Plantae;Tracheophyta;NA;Aquifoliales;Aquifoliaceae;Ilex;Ilex maximowicziana
n1600	1600	upstream_py2_raxml_T1	694e048c-07c0-43fa-b3f5-d78b6589e09d	flagged by test only					Species	Asterochloris italiana	NA	0.920	Plantae;Chlorophyta;NA;Microthamniales;NA;Asterochloris;Asterochloris italiana
n1600	1600	upstream_py2_raxml_T1	6ffdd279-3346-42d5-9bac-5d8ec04b6171	flagged by test only					Genus	Eudorina	Pleodorina	0.510	Plantae;Chlorophyta;NA;Chlamydomonadales;Volvocaceae;Eudorina;NA
n1600	1600	upstream_py2_raxml_T1	71c310db-eb55-434c-bea7-72844bf111a4	flagged by test only					Species	Ilex macrocarpa	Ilex micrococca	0.450	Plantae;Tracheophyta;NA;Aquifoliales;Aquifoliaceae;Ilex;Ilex macrocarpa
n1600	1600	upstream_py2_raxml_T1	73fcef80-a3b4-4d94-8691-78a28afab85b	flagged by test only					Species	NA	Aspergillus penicillioides	0.832	Fungi;Ascomycota;NA;Eurotiales;Aspergillaceae;Aspergillus;NA
n1600	1600	upstream_py2_raxml_T1	81de728d-4ef9-4984-b67b-daa088bf0e2b	flagged by test only					Genus	Eudorina	Pleodorina	0.510	Plantae;Chlorophyta;NA;Chlamydomonadales;Volvocaceae;Eudorina;Eudorina elegans
n1600	1600	upstream_py2_raxml_T1	8bc74e33-8821-417c-a0ff-ecf1894f1d3b	flagged by test only					Species	Bipolaris sorokiniana	NA	0.563	Fungi;Ascomycota;NA;Pleosporales;Pleosporaceae;Bipolaris;Bipolaris sorokiniana
n1600	1600	upstream_py2_raxml_T1	92aedd84-5868-4824-8d94-223e55be976e	flagged by test only					Order	Trebouxiales	Microthamniales	0.965	Plantae;Chlorophyta;NA;Trebouxiales;Trebouxiaceae;Trebouxia;NA
n1600	1600	upstream_py2_raxml_T1	9521390a-e518-467e-85e3-09de9cc016c0	flagged by test only					Species	NA	Bipolaris sorokiniana	0.991	Fungi;Ascomycota;NA;Pleosporales;Pleosporaceae;Bipolaris;NA
n1600	1600	upstream_py2_raxml_T1	9d4b22f7-024c-4524-8036-5220a2b665f4	flagged by test only					Phylum	Chlorophyta	Rhodophyta	0.980	Plantae;Chlorophyta;NA;Chlamydomonadales;Chlamydomonadaceae;Chlamydomonas
n1600	1600	upstream_py2_raxml_T1	a3c55874-dd8d-4eeb-9837-0ccd7cc2be4b	flagged by test only					Species	Russula fellea	Russula pascua	0.412	Fungi;Basidiomycota;NA;Russulales;Russulaceae;Russula;Russula fellea
n1600	1600	upstream_py2_raxml_T1	a978ee1b-d8d2-49a6-a534-b823abf82774	flagged by test only					Phylum	NA	Ascomycota	0.706	Fungi;NA;NA;NA;NA;NA;NA
n1600	1600	upstream_py2_raxml_T1	ad800fc3-d641-4d7a-9c13-807cca9b0caa	flagged by test only					Genus	Gelasia	Scorzonera	0.974	Plantae;Tracheophyta;NA;Asterales;Asteraceae;Gelasia;Gelasia aucheriana
n1600	1600	upstream_py2_raxml_T1	af3e749e-a63c-4a16-ad88-1bafe9f05b9b	flagged by test only					Species	Ilex x wandoensis	Ilex cornuta	0.722	Plantae;Tracheophyta;NA;Aquifoliales;Aquifoliaceae;Ilex;Ilex x wandoensis
n1600	1600	upstream_py2_raxml_T1	b2281e8e-06bd-47f3-bf79-42ce4dc1e319	flagged by test only					Species	NA	Bipolaris sorokiniana	0.970	Fungi;Ascomycota;NA;Pleosporales;Pleosporaceae;Bipolaris;NA
n1600	1600	upstream_py2_raxml_T1	b2ed61c7-99ea-4b4c-b254-ed6f8bc6e952	flagged by test only					Species	NA	Aspergillus penicillioides	0.832	Fungi;Ascomycota;NA;Eurotiales;Aspergillaceae;Aspergillus;NA
n1600	1600	upstream_py2_raxml_T1	b367159d-30ca-40d3-8156-81ce38e6292f	flagged by test only					Species	NA	Aspergillus penicillioides	0.832	Fungi;Ascomycota;NA;Eurotiales;Aspergillaceae;Aspergillus;NA
n1600	1600	upstream_py2_raxml_T1	bce9d849-b3d3-4a78-b1eb-bdd65c205677	flagged by test only					Species	NA	Aspergillus penicillioides	0.832	Fungi;Ascomycota;NA;Eurotiales;Aspergillaceae;Aspergillus;NA
n1600	1600	upstream_py2_raxml_T1	d143af2a-e484-411a-a395-440771858a12	flagged by test only					Species	Ilex x wandoensis	Ilex cornuta	0.793	Plantae;Tracheophyta;NA;Aquifoliales;Aquifoliaceae;Ilex;Ilex x wandoensis
n1600	1600	upstream_py2_raxml_T1	d7a16b4d-799c-41d8-8ee5-9ae50c717738	flagged by test only					Species	Bipolaris sorokiniana	NA	0.600	Fungi;Ascomycota;NA;Pleosporales;Pleosporaceae;Bipolaris;Bipolaris sorokiniana
n1600	1600	upstream_py3_raxml_T8	8f894320-cbf1-4716-a628-56c4eb8aa47c	flagged by test only					Species	Bipolaris sorokiniana	NA	0.939	Fungi;Ascomycota;NA;Pleosporales;Pleosporaceae;Bipolaris;Bipolaris sorokiniana
n1600	1600	upstream_py3_raxml_T8_gamma	1d4d10d6-6506-43a4-82d2-7646e2e6bf04	rank differs	Order	Trebouxiales	Microthamniales	0.955	Family	NA	Trebouxiaceae	0.981	Plantae;Chlorophyta;NA;Trebouxiales;NA;Asterochloris;NA
n1600	1600	upstream_py3_raxml_T8_gamma	3f6abd7f-f0d5-443f-a389-a6eee27f6f9c	same rank, other proposal	Species	Primula kialensis	Primula auriculata	0.468	Species	Primula kialensis	NA	0.898	Plantae;Tracheophyta;NA;Ericales;Primulaceae;Primula;Primula kialensis
n1600	1600	upstream_py3_raxml_T8_gamma	160139ab-9283-4d59-a53b-e68ae6d80432	flagged by reference only	Order	Trebouxiales	Microthamniales	0.955					Plantae;Chlorophyta;NA;Trebouxiales;Trebouxiaceae;Trebouxia;NA
n1600	1600	upstream_py3_raxml_T8_gamma	16afa515-d9e3-4abb-931d-218f28c58611	flagged by reference only	Species	NA	Nymphaea elegans	0.506					Plantae;Tracheophyta;NA;Nymphaeales;Nymphaeaceae;Nymphaea;NA
n1600	1600	upstream_py3_raxml_T8_gamma	2fb594fe-4505-4e08-912a-67344e9f59a5	flagged by reference only	Genus	Pseudopodospermum	Scorzonera	0.410					Plantae;Tracheophyta;NA;Asterales;Asteraceae;Pseudopodospermum;Pseudopodospermum inaequiscapum
n1600	1600	upstream_py3_raxml_T8_gamma	ac695606-d6b6-48f2-b090-f303df32f3af	flagged by reference only	Order	Trebouxiales	Microthamniales	0.998					Plantae;Chlorophyta;NA;Trebouxiales;Trebouxiaceae;Trebouxia;NA
n1600	1600	upstream_py3_raxml_T8_gamma	f6a20e51-3b38-46c4-9b35-cda4706b148a	flagged by reference only	Species	NA	Nymphaea odorata	0.507					Plantae;Tracheophyta;NA;Nymphaeales;Nymphaeaceae;Nymphaea;NA
n1600	1600	upstream_py3_raxml_T8_gamma	2cc256c7-18cb-4dd1-8b09-096b820a1840	flagged by test only					Species	Asterochloris woessiae	NA	0.622	Plantae;Chlorophyta;NA;Microthamniales;NA;Asterochloris;Asterochloris woessiae
n1600	1600	upstream_py3_raxml_T8_gamma	31212b33-3e7c-4c3e-9969-3a48d0dd117c	flagged by test only					Species	Asterochloris italiana	NA	0.855	Plantae;Chlorophyta;NA;Microthamniales;NA;Asterochloris;Asterochloris italiana
n1600	1600	upstream_py3_raxml_T8_gamma	694e048c-07c0-43fa-b3f5-d78b6589e09d	flagged by test only					Species	Asterochloris italiana	NA	0.855	Plantae;Chlorophyta;NA;Microthamniales;NA;Asterochloris;Asterochloris italiana
n1600	1600	upstream_py3_raxml_T8_gamma	71c310db-eb55-434c-bea7-72844bf111a4	flagged by test only					Species	Ilex macrocarpa	Ilex micrococca	0.520	Plantae;Tracheophyta;NA;Aquifoliales;Aquifoliaceae;Ilex;Ilex macrocarpa
n1600	1600	upstream_py3_raxml_T8_gamma	92aedd84-5868-4824-8d94-223e55be976e	flagged by test only					Order	Trebouxiales	Microthamniales	0.749	Plantae;Chlorophyta;NA;Trebouxiales;Trebouxiaceae;Trebouxia;NA
n1600	1600	upstream_py3_raxml_T8_gamma	a8d5dc7a-a5a7-45ff-a07e-135218f0dee8	flagged by test only					Species	Primula auriculata	NA	0.601	Plantae;Tracheophyta;NA;Ericales;Primulaceae;Primula;Primula auriculata
n5402	5402	port_py3_epang_T1	05bd1843-22da-4c7a-be34-c341622261bb	same rank, other proposal	Species	__TAXCLUSTER7__Scorzonera alpigena	Scorzonera laciniata	0.501	Species	__TAXCLUSTER7__Scorzonera alpigena	NA	0.550	Plantae;Tracheophyta;NA;Asterales;Asteraceae;Scorzonera;__TAXCLUSTER7__Scorzonera alpigena
n5402	5402	port_py3_epang_T1	078e8af4-d147-40ec-92aa-d3bad38c19d3	rank differs	Species	Ilex pubescens	Ilex crenata	1.000	Order	Aquifoliales	Ericales	1.000	Plantae;Tracheophyta;NA;Aquifoliales;Aquifoliaceae;Ilex;Ilex pubescens
n5402	5402	port_py3_epang_T1	08aa7f7b-5658-49b6-83d5-469223baad9e	same rank, other proposal	Species	Scorzonera cana	Scorzonera laciniata	0.501	Species	Scorzonera cana	NA	0.550	Plantae;Tracheophyta;NA;Asterales;Asteraceae;Scorzonera;Scorzonera cana
n5402	5402	port_py3_epang_T1	0a203e5c-1a0d-4d8d-9ed3-28f79a23e777	rank differs	Phylum	Ascomycota	NA	0.979	Family	NA	Aspergillaceae	1.000	Fungi;Ascomycota;NA;Eurotiales;NA;NA;NA
n5402	5402	port_py3_epang_T1	0b7d5e7e-6c0b-4b4f-8ec0-e3134ba5d7ab	rank differs	Species	Ilex kaushue	Ilex crenata	1.000	Order	Aquifoliales	Ericales	1.000	Plantae;Tracheophyta;NA;Aquifoliales;Aquifoliaceae;Ilex;Ilex kaushue
n5402	5402	port_py3_epang_T1	0bbb8054-db0f-4d6a-8602-ab0955279993	same rank, other proposal	Species	NA	Ilex pseudobuxus	0.810	Species	NA	Ilex microdonta	0.580	Plantae;Tracheophyta;NA;Aquifoliales;Aquifoliaceae;Ilex;NA
n5402	5402	port_py3_epang_T1	0fbcec05-2139-4f90-86ca-d6156da61682	rank differs	Phylum	Ascomycota	NA	0.979	Genus	NA	Aspergillus	1.000	Fungi;Ascomycota;NA;Eurotiales;Aspergillaceae;NA;NA
n5402	5402	port_py3_epang_T1	0fc404e0-10c3-4178-b611-e127391f3978	same rank, other proposal	Phylum	NA	Rozellomycota	0.833	Phylum	NA	Basidiomycota	1.000	Fungi;NA;NA;NA;NA;NA;NA
n5402	5402	port_py3_epang_T1	12e2abec-726f-41a5-b391-af17d8ceee0a	rank differs	Species	Ilex vomitoria	Ilex crenata	1.000	Order	Aquifoliales	Ericales	1.000	Plantae;Tracheophyta;NA;Aquifoliales;Aquifoliaceae;Ilex;Ilex vomitoria
n5402	5402	port_py3_epang_T1	1725da22-c0dc-4cc9-b78a-398764d5ffdd	rank differs	Phylum	Ascomycota	NA	0.955	Family	Aspergillaceae	NA	0.970	Fungi;Ascomycota;NA;Eurotiales;Aspergillaceae;Aspergillus;NA
n5402	5402	port_py3_epang_T1	182bd40a-8685-4983-b0b4-91db409ba8b7	rank differs	Species	Ilex asprella	Ilex crenata	1.000	Order	Aquifoliales	Ericales	1.000	Plantae;Tracheophyta;NA;Aquifoliales;Aquifoliaceae;Ilex;Ilex asprella
n5402	5402	port_py3_epang_T1	1843d5a8-d171-4269-bab8-3b107f9fe3f7	rank differs	Species	__TAXCLUSTER6__Ilex lihuaiensis	Ilex crenata	1.000	Order	Aquifoliales	Ericales	1.000	Plantae;Tracheophyta;NA;Aquifoliales;Aquifoliaceae;Ilex;__TAXCLUSTER6__Ilex lihuaiensis
n5402	5402	port_py3_epang_T1	1ebef10b-e0c3-473f-b096-28593bacb8a0	rank differs	Species	Scorzonera humilis	NA	0.480	Genus	Scorzonera	Avellara	0.474	Plantae;Tracheophyta;NA;Asterales;Asteraceae;Scorzonera;Scorzonera humilis
n5402	5402	port_py3_epang_T1	1f5a8bd7-dfaf-435c-bf95-cf12f60d07c5	same rank, other proposal	Order	Asterales	Aquifoliales	0.993	Order	Asterales	Ericales	1.000	Plantae;Tracheophyta;NA;Asterales;Asteraceae;Scorzonera;Scorzonera mongolica
n5402	5402	port_py3_epang_T1	213df940-1c78-4d7b-b0e7-9f349fe330e7	rank differs	Species	Scorzonera hirsuta	Gelasia caespitosa	0.509	Genus	Gelasia	Scorzonera	1.000	Plantae;Tracheophyta;NA;Asterales;Asteraceae;Gelasia;Scorzonera hirsuta
n5402	5402	port_py3_epang_T1	21e7049f-da4a-4160-9460-94526c710175	rank differs	Phylum	Ascomycota	NA	0.979	Genus	NA	Aspergillus	1.000	Fungi;Ascomycota;NA;Eurotiales;Aspergillaceae;NA;NA
n5402	5402	port_py3_epang_T1	227576b0-4698-4add-9e64-c0916b04df57	rank differs	Species	Ilex pubilimba	Ilex crenata	1.000	Order	Aquifoliales	Ericales	1.000	Plantae;Tracheophyta;NA;Aquifoliales;Aquifoliaceae;Ilex;Ilex pubilimba
n5402	5402	port_py3_epang_T1	2570e0d5-a798-4f03-a215-866c1f10ff35	same rank, other proposal	Species	Primula scotica	Primula farinosa	0.712	Species	Primula scotica	NA	0.959	Plantae;Tracheophyta;NA;Ericales;Primulaceae;Primula;Primula scotica
n5402	5402	port_py3_epang_T1	273b6209-05d7-45f9-8c64-c0bec9d1e371	same rank, other proposal	Species	Scorzonera grossheimii	Scorzonera laciniata	0.501	Species	Scorzonera grossheimii	NA	0.550	Plantae;Tracheophyta;NA;Asterales;Asteraceae;Scorzonera;Scorzonera grossheimii
n5402	5402	port_py3_epang_T1	305639da-85cd-49ef-91d9-f4d119c01724	rank differs	Phylum	Ascomycota	NA	0.979	Family	NA	Aspergillaceae	1.000	Fungi;Ascomycota;NA;Eurotiales;NA;NA;NA
n5402	5402	port_py3_epang_T1	340ecea6-e835-4bdb-a975-2a1cf50d575b	same rank, other proposal	Species	NA	Primula kisoana	0.747	Species	NA	Primula saxatilis	0.499	Plantae;Tracheophyta;NA;Ericales;Primulaceae;Primula;NA
n5402	5402	port_py3_epang_T1	34565678-fd21-43bc-bdfd-81857813d66b	rank differs	Phylum	Ascomycota	NA	0.979	Family	NA	Aspergillaceae	1.000	Fungi;Ascomycota;NA;Eurotiales;NA;NA;NA
n5402	5402	port_py3_epang_T1	3664c370-2674-4557-8f11-f9dc7a68fef7	same rank, other proposal	Species	Bouteloua reflexa	Bouteloua warnockii	0.981	Species	Bouteloua reflexa	Bouteloua media	0.972	Plantae;Tracheophyta;NA;Poales;Poaceae;Bouteloua;Bouteloua reflexa
n5402	5402	port_py3_epang_T1	39d999e3-3059-4282-9311-cce17771d95e	same rank, other proposal	Species	Scorzonera hirsuta	Gelasia sandrasica	0.509	Species	Scorzonera hirsuta	Gelasia doriae	0.508	Plantae;Tracheophyta;NA;Asterales;Asteraceae;Gelasia;Scorzonera hirsuta
n5402	5402	port_py3_epang_T1	3f6abd7f-f0d5-443f-a389-a6eee27f6f9c	same rank, other proposal	Species	Primula kialensis	Primula auriculata	0.855	Species	Primula kialensis	NA	0.642	Plantae;Tracheophyta;NA;Ericales;Primulaceae;Primula;Primula kialensis
n5402	5402	port_py3_epang_T1	42a9c432-23cb-47a3-b43b-99f3dfa459d2	rank differs	Genus	Scorzonera	Gelasia	0.999	Species	Scorzonera pseudolanata	NA	0.515	Plantae;Tracheophyta;NA;Asterales;Asteraceae;Scorzonera;Scorzonera pseudolanata
n5402	5402	port_py3_epang_T1	43fe052b-33c4-438e-8b4b-ef63fd2f3580	rank differs	Species	__TAXCLUSTER1__Ilex sugerokii	Ilex crenata	1.000	Order	Aquifoliales	Ericales	1.000	Plantae;Tracheophyta;NA;Aquifoliales;Aquifoliaceae;Ilex;__TAXCLUSTER1__Ilex sugerokii
n5402	5402	port_py3_epang_T1	47c27189-c720-45d4-82ae-1156544c899c	same rank, other proposal	Order	Caryophyllales	Aquifoliales	1.000	Order	Caryophyllales	Ericales	1.000	Plantae;Tracheophyta;NA;Caryophyllales;Caryophyllaceae;Saponaria;Saponaria officinalis
n5402	5402	port_py3_epang_T1	48a13c9c-9be2-49d3-bfce-402636c5db17	same rank, other proposal	Species	NA	Ilex chapaensis	0.505	Species	NA	Ilex canariensis	1.000	Plantae;Tracheophyta;NA;Aquifoliales;Aquifoliaceae;Ilex;NA
n5402	5402	port_py3_epang_T1	4927ad31-95e2-47c5-acc2-e15d6dabac3d	same rank, other proposal	Species	Scorzonera cana	Scorzonera laciniata	0.501	Species	Scorzonera cana	NA	0.550	Plantae;Tracheophyta;NA;Asterales;Asteraceae;Scorzonera;Scorzonera cana
n5402	5402	port_py3_epang_T1	49b03b88-ea7d-4272-a021-e022a3956e26	same rank, other proposal	Species	Scorzonera meyeri	Scorzonera laciniata	0.505	Species	Scorzonera meyeri	NA	0.549	Plantae;Tracheophyta;NA;Asterales;Asteraceae;Scorzonera;Scorzonera meyeri
n5402	5402	port_py3_epang_T1	4d80381b-695e-4280-bc97-49c12f8a19b6	same rank, other proposal	Species	Ilex kunthiana	Ilex dumosa	0.741	Species	Ilex kunthiana	Ilex canariensis	1.000	Plantae;Tracheophyta;NA;Aquifoliales;Aquifoliaceae;Ilex;Ilex kunthiana
n5402	5402	port_py3_epang_T1	53584a46-159d-4857-86fb-41e26873c3bb	same rank, other proposal	Order	Asterales	Aquifoliales	1.000	Order	Asterales	Ericales	1.000	Plantae;Tracheophyta;NA;Asterales;Asteraceae;Koelpinia;Koelpinia linearis
n5402	5402	port_py3_epang_T1	560fd394-29fa-472d-9609-bb92d7f82113	same rank, other proposal	Species	Nymphaea caerulea	Nymphaea thermarum	0.499	Species	Nymphaea caerulea	NA	0.772	Plantae;Tracheophyta;NA;Nymphaeales;Nymphaeaceae;Nymphaea;Nymphaea caerulea
n5402	5402	port_py3_epang_T1	575cae70-a08a-4ff5-8aa5-48605c5605e6	same rank, other proposal	Genus	Scorzonera	Gelasia	0.417	Genus	Scorzonera	Takhtajaniantha	0.508	Plantae;Tracheophyta;NA;Asterales;Asteraceae;Scorzonera;Scorzonera pseudolanata
n5402	5402	port_py3_epang_T1	5c4c7b4d-3a48-41e6-aa23-16fd38952d2b	rank differs	Phylum	Ascomycota	NA	0.955	Family	Aspergillaceae	NA	0.970	Fungi;Ascomycota;NA;Eurotiales;Aspergillaceae;Aspergillus;NA
n5402	5402	port_py3_epang_T1	5eeac631-a697-4b10-915c-8942b9d0e229	rank differs	Order	Ericales	Aquifoliales	0.995	Family	Actinidiaceae	Primulaceae	1.000	Plantae;Tracheophyta;NA;Ericales;Actinidiaceae;Actinidia;Actinidia valvata
n5402	5402	port_py3_epang_T1	6072c3d3-27f2-4254-b369-2512e90d8d14	same rank, other proposal	Species	__TAXCLUSTER7__Scorzonera alpigena	Scorzonera laciniata	0.501	Species	__TAXCLUSTER7__Scorzonera alpigena	NA	0.550	Plantae;Tracheophyta;NA;Asterales;Asteraceae;Scorzonera;__TAXCLUSTER7__Scorzonera alpigena
n5402	5402	port_py3_epang_T1	637cc4d6-fd74-4920-ac5f-b8df30a53a36	rank differs	Phylum	Marchantiophyta	Tracheophyta	0.814	Kingdom	Plantae	Fungi	1.000	Plantae;Marchantiophyta;NA
n5402	5402	port_py3_epang_T1	6624c4e2-ddf6-463a-bb87-55ad83adf28f	rank differs	Phylum	Ascomycota	NA	0.979	Family	NA	Aspergillaceae	1.000	Fungi;Ascomycota;NA;Eurotiales;NA;NA;NA
n5402	5402	port_py3_epang_T1	69baaf6f-5d3e-4b03-af8e-1c931b920d5e	rank differs	Species	Ilex hirsuta	Ilex crenata	1.000	Order	Aquifoliales	Ericales	1.000	Plantae;Tracheophyta;NA;Aquifoliales;Aquifoliaceae;Ilex;Ilex hirsuta
n5402	5402	port_py3_epang_T1	77429ba3-a76a-41c4-9265-c1547151eb44	rank differs	Order	Ericales	Aquifoliales	0.640	Family	Actinidiaceae	Primulaceae	1.000	Plantae;Tracheophyta;NA;Ericales;Actinidiaceae;Actinidia;Actinidia hemsleyana
n5402	5402	port_py3_epang_T1	82161f98-69aa-4b58-a88a-bb51dc9d4839	rank differs	Phylum	Ascomycota	NA	0.979	Genus	NA	Aspergillus	1.000	Fungi;Ascomycota;NA;Eurotiales;Aspergillaceae;NA;NA
n5402	5402	port_py3_epang_T1	837dbf19-2f7f-4701-8404-f7a8f028d034	rank differs	Phylum	Ascomycota	NA	0.979	Genus	NA	Aspergillus	1.000	Fungi;Ascomycota;NA;Eurotiales;Aspergillaceae;NA;NA
n5402	5402	port_py3_epang_T1	8680bb75-da19-415f-a7b1-4efc1d967cfd	same rank, other proposal	Species	Primula nutans	Primula eximia	0.499	Species	Primula nutans	Cortusa matthioli	0.510	Plantae;Tracheophyta;NA;Ericales;Primulaceae;Primula;Primula nutans
n5402	5402	port_py3_epang_T1	87ff8bcc-1e93-4eda-8ed7-c4769d033b38	rank differs	Phylum	Ascomycota	NA	0.979	Family	NA	Aspergillaceae	1.000	Fungi;Ascomycota;NA;Eurotiales;NA;NA;NA
n5402	5402	port_py3_epang_T1	880bdd32-9d7b-4ab4-89db-8bbe9f1e43c2	same rank, other proposal	Genus	Takhtajaniantha	Gelasia	0.997	Genus	Takhtajaniantha	Scorzonera	0.968	Plantae;Tracheophyta;NA;Asterales;Asteraceae;Takhtajaniantha;Scorzonera latifolia
n5402	5402	port_py3_epang_T1	8c05a66f-5f15-4683-9bfc-dc04343e34c1	rank differs	Species	Ilex serrata	Ilex crenata	1.000	Order	Aquifoliales	Ericales	1.000	Plantae;Tracheophyta;NA;Aquifoliales;Aquifoliaceae;Ilex;Ilex serrata
n5402	5402	port_py3_epang_T1	8c5fca7c-cf67-439d-b0f3-805967bebfcf	rank differs	Order	Ericales	Aquifoliales	0.886	Family	Actinidiaceae	Primulaceae	1.000	Plantae;Tracheophyta;NA;Ericales;Actinidiaceae;Actinidia;Actinidia chrysantha
n5402	5402	port_py3_epang_T1	8cd0e442-47b3-49ee-bd90-4884f9affaba	same rank, other proposal	Species	NA	Nymphaea alba	0.751	Species	NA	Nymphaea candida	0.510	Plantae;Tracheophyta;NA;Nymphaeales;Nymphaeaceae;Nymphaea;NA
n5402	5402	port_py3_epang_T1	93f229cf-1874-48a6-b99f-15d7babd7526	rank differs	Genus	Scorzonera	Gelasia	0.988	Species	Scorzonera virgata	Scorzonera schweinfurthii	0.426	Plantae;Tracheophyta;NA;Asterales;Asteraceae;Scorzonera;Scorzonera virgata
n5402	5402	port_py3_epang_T1	93f887af-fd8f-4f96-968f-32cccdca8a3f	same rank, other proposal	Species	Ilex brevicuspis	Ilex integerrima	0.528	Species	Ilex brevicuspis	Ilex pseudobuxus	1.000	Plantae;Tracheophyta;NA;Aquifoliales;Aquifoliaceae;Ilex;Ilex brevicuspis
n5402	5402	port_py3_epang_T1	9a3f7c67-f7d6-400a-9d3d-91a27b0f34a3	same rank, other proposal	Species	Ilex micrococca	Ilex kwangtungensis	0.816	Species	Ilex micrococca	Ilex canariensis	1.000	Plantae;Tracheophyta;NA;Aquifoliales;Aquifoliaceae;Ilex;Ilex micrococca
n5402	5402	port_py3_epang_T1	9ab4c695-afe7-4ef5-bc35-b49f03885557	rank differs	Phylum	Ascomycota	NA	0.979	Genus	NA	Aspergillus	1.000	Fungi;Ascomycota;NA;Eurotiales;Aspergillaceae;NA;NA
n5402	5402	port_py3_epang_T1	9c27cf65-ba28-47ed-96b7-8f6f8d99ae71	rank differs	Species	Ilex serrata	Ilex crenata	1.000	Order	Aquifoliales	Ericales	1.000	Plantae;Tracheophyta;NA;Aquifoliales;Aquifoliaceae;Ilex;Ilex serrata
n5402	5402	port_py3_epang_T1	9f0fc14d-aa4e-42c3-99aa-8d3bce2a1f2e	rank differs	Phylum	Ascomycota	NA	0.979	Genus	NA	Aspergillus	1.000	Fungi;Ascomycota;NA;Eurotiales;Aspergillaceae;NA;NA
n5402	5402	port_py3_epang_T1	ad6947f1-91f4-4f8d-996d-efc91eff31fc	rank differs	Species	Ilex wuiana	Ilex crenata	1.000	Order	Aquifoliales	Ericales	1.000	Plantae;Tracheophyta;NA;Aquifoliales;Aquifoliaceae;Ilex;Ilex wuiana
n5402	5402	port_py3_epang_T1	af9c2d3b-b6b1-435a-ad27-032c32995a67	rank differs	Species	Ilex chingiana	Ilex crenata	1.000	Order	Aquifoliales	Ericales	1.000	Plantae;Tracheophyta;NA;Aquifoliales;Aquifoliaceae;Ilex;Ilex chingiana
n5402	5402	port_py3_epang_T1	b077ef98-702d-44fd-bf59-dce3a60feb28	same rank, other proposal	Species	Ilex rotunda	Ilex chapaensis	0.505	Species	Ilex rotunda	Ilex canariensis	1.000	Plantae;Tracheophyta;NA;Aquifoliales;Aquifoliaceae;Ilex;Ilex rotunda
n5402	5402	port_py3_epang_T1	b3618231-edc4-4300-a683-5a8bd1c90740	same rank, other proposal	Species	NA	Nymphaea alba	0.751	Species	NA	Nymphaea candida	0.510	Plantae;Tracheophyta;NA;Nymphaeales;Nymphaeaceae;Nymphaea;NA
n5402	5402	port_py3_epang_T1	b4701a75-4e2c-431d-b754-6b6f3ae316ac	same rank, other proposal	Species	Asterochloris irregularis	Asterochloris glomerata	0.433	Species	Asterochloris irregularis	NA	0.482	Plantae;Chlorophyta;NA;Microthamniales;NA;Asterochloris;Asterochloris irregularis
n5402	5402	port_py3_epang_T1	b5563c97-428d-4eda-a643-59ff263f09ef	rank differs	Order	Ericales	Aquifoliales	0.995	Family	Actinidiaceae	Primulaceae	1.000	Plantae;Tracheophyta;NA;Ericales;Actinidiaceae;Actinidia;Actinidia macrosperma
n5402	5402	port_py3_epang_T1	b570e38a-d475-4089-b7d3-522005613173	rank differs	Species	Ilex opaca	Ilex crenata	1.000	Order	Aquifoliales	Ericales	1.000	Plantae;Tracheophyta;NA;Aquifoliales;Aquifoliaceae;Ilex;Ilex opaca
n5402	5402	port_py3_epang_T1	b6d8728e-79f1-4161-a00d-e44d0d55b6f9	same rank, other proposal	Species	Scorzonera laciniata	NA	0.731	Species	Scorzonera laciniata	Scorzonera cana	1.000	Plantae;Tracheophyta;NA;Asterales;Asteraceae;Scorzonera;Scorzonera laciniata
n5402	5402	port_py3_epang_T1	bde14395-f274-48a3-bc79-04715c5e53a4	rank differs	Phylum	Ascomycota	NA	0.955	Family	Aspergillaceae	NA	0.970	Fungi;Ascomycota;NA;Eurotiales;Aspergillaceae;Aspergillus;NA
n5402	5402	port_py3_epang_T1	c53a3dc1-f43c-4d83-8903-b38499f3e58b	same rank, other proposal	Species	Primula stricta	Primula farinosa	0.845	Species	Primula stricta	NA	0.862	Plantae;Tracheophyta;NA;Ericales;Primulaceae;Primula;Primula stricta
n5402	5402	port_py3_epang_T1	cd4e2083-973a-4df4-a7d0-ee6cda500a7e	rank differs	Species	Ilex corallina	Ilex crenata	1.000	Order	Aquifoliales	Ericales	1.000	Plantae;Tracheophyta;NA;Aquifoliales;Aquifoliaceae;Ilex;Ilex corallina
n5402	5402	port_py3_epang_T1	d5331c5d-abaa-44fe-b433-8bd111bd6103	rank differs	Phylum	Ascomycota	NA	0.979	Family	NA	Aspergillaceae	1.000	Fungi;Ascomycota;NA;Eurotiales;NA;NA;NA
n5402	5402	port_py3_epang_T1	d6853e3d-024f-428a-b996-63416a4745a0	same rank, other proposal	Species	Nymphaea micrantha	Nymphaea thermarum	0.499	Species	Nymphaea micrantha	NA	0.772	Plantae;Tracheophyta;NA;Nymphaeales;Nymphaeaceae;Nymphaea;Nymphaea micrantha
n5402	5402	port_py3_epang_T1	d70864c5-a547-42b6-924d-f0c3ea568f80	rank differs	Phylum	Ascomycota	NA	0.979	Family	NA	Aspergillaceae	1.000	Fungi;Ascomycota;NA;Eurotiales;NA;NA;NA
n5402	5402	port_py3_epang_T1	d752c6a7-ab58-446f-b557-83e0b9eee760	rank differs	Species	Ilex cornuta	Ilex crenata	1.000	Order	Aquifoliales	Ericales	1.000	Plantae;Tracheophyta;NA;Aquifoliales;Aquifoliaceae;Ilex;Ilex cornuta
n5402	5402	port_py3_epang_T1	e0232502-b64b-400a-b811-195e793921e8	rank differs	Order	Ericales	Aquifoliales	0.997	Family	Actinidiaceae	Primulaceae	1.000	Plantae;Tracheophyta;NA;Ericales;Actinidiaceae;Actinidia;Actinidia callosa
n5402	5402	port_py3_epang_T1	ece734cb-2da2-4219-b034-e2ab73f6e576	rank differs	Phylum	Ascomycota	NA	0.979	Genus	NA	Aspergillus	1.000	Fungi;Ascomycota;NA;Eurotiales;Aspergillaceae;NA;NA
n5402	5402	port_py3_epang_T1	ee5718a9-cb16-4a89-9049-6c966052724e	same rank, other proposal	Species	Ilex theezans	Ilex brasiliensis	0.956	Species	Ilex theezans	Ilex taubertiana	0.510	Plantae;Tracheophyta;NA;Aquifoliales;Aquifoliaceae;Ilex;Ilex theezans
n5402	5402	port_py3_epang_T1	f3f227ed-3771-471b-954a-acc803114547	same rank, other proposal	Species	Primula handeliana	Primula longipes	0.977	Species	Primula handeliana	Primula dongchuanensis	0.998	Plantae;Tracheophyta;NA;Ericales;Primulaceae;Primula;Primula handeliana
n5402	5402	port_py3_epang_T1	f40f2308-6c0a-49cc-ae56-22a3fcff4a31	rank differs	Phylum	Ascomycota	NA	0.979	Genus	NA	Aspergillus	1.000	Fungi;Ascomycota;NA;Eurotiales;Aspergillaceae;NA;NA
n5402	5402	port_py3_epang_T1	f56e8933-d80f-47a1-ac4b-a2f99f04421c	same rank, other proposal	Species	Scorzonera cana	Scorzonera laciniata	0.505	Species	Scorzonera cana	NA	0.591	Plantae;Tracheophyta;NA;Asterales;Asteraceae;Scorzonera;Scorzonera cana
n5402	5402	port_py3_epang_T1	f7b3c537-4569-4dd7-aa46-bf88b8da640f	rank differs	Species	Ilex formosana	Ilex crenata	1.000	Order	Aquifoliales	Ericales	1.000	Plantae;Tracheophyta;NA;Aquifoliales;Aquifoliaceae;Ilex;Ilex formosana
n5402	5402	port_py3_epang_T1	00ae642b-996d-4801-bb89-c60dad5ab8f8	flagged by reference only	Species	Primula elatior	Primula vulgaris	0.932					Plantae;Tracheophyta;NA;Ericales;Primulaceae;Primula;Primula elatior
n5402	5402	port_py3_epang_T1	03dcd463-dc0a-442f-b02b-3b118fcc9f89	flagged by reference only	Phylum	Ascomycota	NA	0.957					Fungi;Ascomycota;NA;Eurotiales;Aspergillaceae;Aspergillus;NA
n5402	5402	port_py3_epang_T1	04e0400c-1490-4903-9170-5ba14564f7dd	flagged by reference only	Species	Actinidia eriantha	NA	0.600					Plantae;Tracheophyta;NA;Ericales;Actinidiaceae;Actinidia;Actinidia eriantha
n5402	5402	port_py3_epang_T1	05791ae8-96c4-4ca4-862f-42c63d15dba5	flagged by reference only	Species	Bouteloua media	Bouteloua warnockii	0.981					Plantae;Tracheophyta;NA;Poales;Poaceae;Bouteloua;Bouteloua media
n5402	5402	port_py3_epang_T1	071049b9-39fd-4ac9-8713-e574cae880cc	flagged by reference only	Species	NA	Ilex dumosa	0.893					Plantae;Tracheophyta;NA;Aquifoliales;Aquifoliaceae;Ilex;NA
n5402	5402	port_py3_epang_T1	076e5bc3-e127-40cd-a368-db48acd30a11	flagged by reference only	Phylum	Ascomycota	NA	0.990					Fungi;Ascomycota;NA;Eurotiales;Aspergillaceae;Aspergillus;NA
n5402	5402	port_py3_epang_T1	07cc3234-f742-4db1-9602-5aac4c2e1bb6	flagged by reference only	Phylum	Ascomycota	NA	0.979					Fungi;Ascomycota;NA;Eurotiales;Aspergillaceae;Aspergillus;NA
n5402	5402	port_py3_epang_T1	0c1db646-f2ad-4dad-99a8-0a9e175bd235	flagged by reference only	Species	NA	Primula veris	0.979					Plantae;Tracheophyta;NA;Ericales;Primulaceae;Primula;NA
n5402	5402	port_py3_epang_T1	0fdf9944-6815-4705-b17e-f89ce31ad9dc	flagged by reference only	Phylum	Ascomycota	NA	0.979					Fungi;Ascomycota;NA;Eurotiales;Aspergillaceae;Aspergillus;NA
n5402	5402	port_py3_epang_T1	0ff9deda-1c0e-4bc0-bbdc-47daf655941a	flagged by reference only	Phylum	Ascomycota	NA	0.979					Fungi;Ascomycota;NA;Eurotiales;Aspergillaceae;Aspergillus;NA
n5402	5402	port_py3_epang_T1	11e94f0c-7474-4915-9292-eb3f363dbf47	flagged by reference only	Species	Ilex tsoi	Ilex macropoda	0.444					Plantae;Tracheophyta;NA;Aquifoliales;Aquifoliaceae;Ilex;Ilex tsoi
n5402	5402	port_py3_epang_T1	1397aac3-68bb-4c5b-97c4-1719b63228f4	flagged by reference only	Phylum	Ascomycota	NA	0.959					Fungi;Ascomycota;NA;Eurotiales;Aspergillaceae;Aspergillus;NA
n5402	5402	port_py3_epang_T1	14644f0d-0820-4736-a717-f9f0971b1550	flagged by reference only	Species	NA	Ilex latifolia	0.712					Plantae;Tracheophyta;NA;Aquifoliales;Aquifoliaceae;Ilex;NA
n5402	5402	port_py3_epang_T1	14a10e20-4326-4802-b01f-8f21af77d080	flagged by reference only	Superfamily	Primula malvacea	NA	0.421					Plantae;Tracheophyta;NA;Ericales;Primulaceae;Primula;Primula malvacea
n5402	5402	port_py3_epang_T1	14da7cc7-2cc6-4a54-ba9a-da5f612eb809	flagged by reference only	Phylum	Ascomycota	NA	0.957					Fungi;Ascomycota;NA;Eurotiales;Aspergillaceae;Aspergillus;NA
n5402	5402	port_py3_epang_T1	15fe320a-bd05-43c5-9350-d2f7d015b976	flagged by reference only	Species	Scorzonera meshhedensis	NA	0.650					Plantae;Tracheophyta;NA;Asterales;Asteraceae;Scorzonera;Scorzonera meshhedensis
n5402	5402	port_py3_epang_T1	16abc43e-c596-428d-902e-68dbebad42fe	flagged by reference only	Order	Eurotiales	Caliciales	0.482					Fungi;Ascomycota;NA;Eurotiales;Aspergillaceae;Aspergillus;NA
n5402	5402	port_py3_epang_T1	1a36c39a-4914-4d75-a7b3-380c13e5d468	flagged by reference only	Phylum	Ascomycota	NA	0.979					Fungi;Ascomycota;NA;Eurotiales;Aspergillaceae;Aspergillus;NA
n5402	5402	port_py3_epang_T1	1aaace59-026a-4b50-9666-12fe244cd256	flagged by reference only	Species	Scorzonera cana	Scorzonera laciniata	0.505					Plantae;Tracheophyta;NA;Asterales;Asteraceae;Scorzonera;Scorzonera cana
n5402	5402	port_py3_epang_T1	1ac1131b-fc44-4a7f-b4c9-39aef53aacd6	flagged by reference only	Phylum	Ascomycota	NA	0.979					Fungi;Ascomycota;NA;Eurotiales;Aspergillaceae;Aspergillus;NA
n5402	5402	port_py3_epang_T1	1b439a0b-ec06-491e-bbea-3c918fa05089	flagged by reference only	Phylum	Ascomycota	NA	0.946					Fungi;Ascomycota;NA;Eurotiales;Aspergillaceae;Aspergillus;NA
n5402	5402	port_py3_epang_T1	1b5f2ed7-24db-4c38-a313-02f216154b3d	flagged by reference only	Phylum	Ascomycota	NA	0.979					Fungi;Ascomycota;NA;Eurotiales;Aspergillaceae;Aspergillus;NA
n5402	5402	port_py3_epang_T1	1ce6e2e4-35e9-437d-8f63-2e53e508cb1c	flagged by reference only	Species	Nymphaea odorata	Nymphaea mexicana	0.510					Plantae;Tracheophyta;NA;Nymphaeales;Nymphaeaceae;Nymphaea;Nymphaea odorata
n5402	5402	port_py3_epang_T1	1f07f72d-8296-485a-9c1b-df0e328b1968	flagged by reference only	Species	Ilex crenata	Ilex venusta	0.755					Plantae;Tracheophyta;NA;Aquifoliales;Aquifoliaceae;Ilex;Ilex crenata
n5402	5402	port_py3_epang_T1	220c0935-d999-4046-beb0-5c85b36955c9	flagged by reference only	Species	Ilex kunthiana	Ilex dumosa	0.741					Plantae;Tracheophyta;NA;Aquifoliales;Aquifoliaceae;Ilex;Ilex kunthiana
n5402	5402	port_py3_epang_T1	23d0cbcd-95ec-4424-887b-a8de64e50d49	flagged by reference only	Species	Primula elatior	Primula vulgaris	0.822					Plantae;Tracheophyta;NA;Ericales;Primulaceae;Primula;Primula elatior
n5402	5402	port_py3_epang_T1	26a97b41-adb7-419e-b846-9fc2766b44a6	flagged by reference only	Phylum	Ascomycota	NA	0.979					Fungi;Ascomycota;NA;Eurotiales;Aspergillaceae;Aspergillus;NA
n5402	5402	port_py3_epang_T1	2cefc528-3e88-4f9c-99cd-de22c20a2745	flagged by reference only	Species	NA	Primula auriculata	0.834					Plantae;Tracheophyta;NA;Ericales;Primulaceae;Primula;NA
n5402	5402	port_py3_epang_T1	2d26f9a8-cd5c-406a-9f83-a5230dbc9b24	flagged by reference only	Species	Bipolaris bicolor	NA	0.907					Fungi;Ascomycota;NA;Pleosporales;Pleosporaceae;Bipolaris;Bipolaris bicolor
n5402	5402	port_py3_epang_T1	3094c049-8a9f-48f0-a1e3-5187aac72b2b	flagged by reference only	Phylum	Ascomycota	NA	0.961					Fungi;Ascomycota;NA;Eurotiales;Aspergillaceae;Aspergillus;NA
n5402	5402	port_py3_epang_T1	32566fde-00ff-4522-b9f2-d20abdfabb4a	flagged by reference only	Species	NA	Scorzonera laciniata	0.501					Plantae;Tracheophyta;NA;Asterales;Asteraceae;Scorzonera;NA
n5402	5402	port_py3_epang_T1	328ba0a4-5b74-48b5-8dd9-fc49e27c76df	flagged by reference only	Species	Primula reinii	Primula jesoana	0.848					Plantae;Tracheophyta;NA;Ericales;Primulaceae;Primula;Primula reinii
n5402	5402	port_py3_epang_T1	334f9b2a-c11d-4004-8187-c57495f32044	flagged by reference only	Species	Primula nivalis	Primula longipes	0.901					Plantae;Tracheophyta;NA;Ericales;Primulaceae;Primula;Primula nivalis
n5402	5402	port_py3_epang_T1	33c1c868-a488-4696-b41c-d711dff0b706	flagged by reference only	Phylum	Ascomycota	NA	0.979					Fungi;Ascomycota;NA;Eurotiales;Aspergillaceae;Aspergillus;NA
n5402	5402	port_py3_epang_T1	34ca8033-eabf-4e9e-85e3-1337b6a7131b	flagged by reference only	Species	Primula elatior	Primula veris	0.979					Plantae;Tracheophyta;NA;Ericales;Primulaceae;Primula;Primula elatior
n5402	5402	port_py3_epang_T1	3714416d-0f4c-4611-a62b-2c9cbe09d0f8	flagged by reference only	Species	NA	Ilex chinensis	0.964					Plantae;Tracheophyta;NA;Aquifoliales;Aquifoliaceae;Ilex;NA
n5402	5402	port_py3_epang_T1	3a9bea8c-2003-4a51-bc5b-f3bd71a29006	flagged by reference only	Species	NA	Primula vulgaris	0.940					Plantae;Tracheophyta;NA;Ericales;Primulaceae;Primula;NA
n5402	5402	port_py3_epang_T1	3bc2fd39-492c-45fb-90ca-2123e59b6a6b	flagged by reference only	Phylum	Ascomycota	NA	0.979					Fungi;Ascomycota;NA;Eurotiales;Aspergillaceae;Aspergillus;NA
n5402	5402	port_py3_epang_T1	3c6b4584-945c-43eb-b023-47dc571558c7	flagged by reference only	Species	Asterochloris irregularis	Asterochloris glomerata	0.433					Plantae;Chlorophyta;NA;Microthamniales;NA;Asterochloris;Asterochloris irregularis
n5402	5402	port_py3_epang_T1	3e2926e5-ee59-43eb-917e-28902cce4097	flagged by reference only	Species	Bipolaris sorokiniana	NA	0.999					Fungi;Ascomycota;NA;Pleosporales;Pleosporaceae;Bipolaris;Bipolaris sorokiniana
n5402	5402	port_py3_epang_T1	3fc66a6e-8cb6-4775-bba6-34a263c36c8a	flagged by reference only	Species	Scorzonera cana	Scorzonera laciniata	0.477					Plantae;Tracheophyta;NA;Asterales;Asteraceae;Scorzonera;Scorzonera cana
n5402	5402	port_py3_epang_T1	40e6c789-8b27-49b5-b2d3-f116be0b9f6d	flagged by reference only	Phylum	Ascomycota	NA	0.979					Fungi;Ascomycota;NA;Eurotiales;Aspergillaceae;Aspergillus;NA
n5402	5402	port_py3_epang_T1	43d1f2da-cd5a-4920-b63c-9cad47de73d6	flagged by reference only	Species	Scorzonera rupicola	NA	0.502					Plantae;Tracheophyta;NA;Asterales;Asteraceae;Scorzonera;Scorzonera rupicola
n5402	5402	port_py3_epang_T1	452f6a8a-c1a5-4fa6-883a-54b6d712f01b	flagged by reference only	Species	Primula poissonii	__TAXCLUSTER16__Primula miyabeana	0.899					Plantae;Tracheophyta;NA;Ericales;Primulaceae;Primula;Primula poissonii
n5402	5402	port_py3_epang_T1	467f2e49-f2a1-4fbe-b785-b7f446063d23	flagged by reference only	Phylum	Ascomycota	NA	0.979					Fungi;Ascomycota;NA;Eurotiales;Aspergillaceae;Aspergillus;NA
n5402	5402	port_py3_epang_T1	46d3f9b1-961a-41e2-983c-769a9c14c552	flagged by reference only	Species	Bouteloua media	Bouteloua warnockii	0.981					Plantae;Tracheophyta;NA;Poales;Poaceae;Bouteloua;Bouteloua media
n5402	5402	port_py3_epang_T1	4799bbd3-6f74-478a-a51c-f7212f1b61a9	flagged by reference only	Species	Primula matthioli	Cortusa matthioli	1.000					Plantae;Tracheophyta;NA;Ericales;Primulaceae;Primula;Primula matthioli
n5402	5402	port_py3_epang_T1	49efd852-fc8c-47f1-b315-403a54e85348	flagged by reference only	Phylum	Basidiomycota	NA	1.000					Fungi;Basidiomycota;NA;Cantharellales;Tulasnellaceae;NA;NA
n5402	5402	port_py3_epang_T1	4b70afd0-e960-4fcd-bdc0-9e4bb7a5cd99	flagged by reference only	Phylum	Ascomycota	NA	0.979					Fungi;Ascomycota;NA;Eurotiales;Aspergillaceae;Aspergillus;NA
n5402	5402	port_py3_epang_T1	4f5a77c5-9ee4-46d5-b095-8a1600ddb6ef	flagged by reference only	Phylum	Ascomycota	NA	0.979					Fungi;Ascomycota;NA;Eurotiales;Aspergillaceae;Aspergillus;NA
n5402	5402	port_py3_epang_T1	4fd4c436-cbab-44bf-956f-f676fcb68535	flagged by reference only	Phylum	Ascomycota	NA	0.979					Fungi;Ascomycota;NA;Eurotiales;Aspergillaceae;Aspergillus;NA
n5402	5402	port_py3_epang_T1	4fdc2d5c-fe5d-4273-908e-6785b6f69cb7	flagged by reference only	Phylum	Ascomycota	NA	0.955					Fungi;Ascomycota;NA;Eurotiales;NA;NA;NA
n5402	5402	port_py3_epang_T1	51702362-1a19-42f3-8fd4-f5abcbbe0310	flagged by reference only	Genus	Scorzonera	Gelasia	0.999					Plantae;Tracheophyta;NA;Asterales;Asteraceae;Scorzonera;NA
n5402	5402	port_py3_epang_T1	5193a508-56a2-4b50-9133-81a981faa97c	flagged by reference only	Species	Actinidia chrysantha	NA	0.460					Plantae;Tracheophyta;NA;Ericales;Actinidiaceae;Actinidia;Actinidia chrysantha
n5402	5402	port_py3_epang_T1	52859559-d389-4c1d-9655-ef166021c9e9	flagged by reference only	Species	NA	Actinidia fulvicoma	0.842					Plantae;Tracheophyta;NA;Ericales;Actinidiaceae;Actinidia;NA
n5402	5402	port_py3_epang_T1	52a54f3b-b2c6-418c-ab0b-09ad1ce64f4f	flagged by reference only	Species	Primula matthioli	Cortusa matthioli	0.999					Plantae;Tracheophyta;NA;Ericales;Primulaceae;Primula;Primula matthioli
n5402	5402	port_py3_epang_T1	53123e18-fd59-4734-9557-fe6d7bf65cff	flagged by reference only	Phylum	Ascomycota	NA	0.979					Fungi;Ascomycota;NA;Eurotiales;Aspergillaceae;Aspergillus;NA
n5402	5402	port_py3_epang_T1	53c36fcc-620d-4a64-977a-e634ec058619	flagged by reference only	Species	Primula dongchuanensis	__TAXCLUSTER10__Primula helodoxa	0.542					Plantae;Tracheophyta;NA;Ericales;Primulaceae;Primula;Primula dongchuanensis
n5402	5402	port_py3_epang_T1	543c8f55-7170-48c2-beee-ea019268da8f	flagged by reference only	Phylum	Ascomycota	NA	0.979					Fungi;Ascomycota;NA;Eurotiales;Aspergillaceae;Aspergillus;NA
n5402	5402	port_py3_epang_T1	55d2e1c1-4323-46f9-8466-f5c06b3de798	flagged by reference only	Species	NA	Asterochloris glomerata	0.433					Plantae;Chlorophyta;NA;Microthamniales;NA;Asterochloris;NA
n5402	5402	port_py3_epang_T1	5695f4e5-3431-47d7-bc75-86221ca53c5d	flagged by reference only	Species	Primula matthioli	Cortusa matthioli	1.000					Plantae;Tracheophyta;NA;Ericales;Primulaceae;Primula;Primula matthioli
n5402	5402	port_py3_epang_T1	570b40f4-c264-4c5f-ab6e-fb17a951573c	flagged by reference only	Species	Actinidia fulvicoma	NA	0.461					Plantae;Tracheophyta;NA;Ericales;Actinidiaceae;Actinidia;Actinidia fulvicoma
n5402	5402	port_py3_epang_T1	5760c42e-ab35-48e7-b496-df3af57d3f42	flagged by reference only	Species	Ilex paraguariensis	__TAXCLUSTER5__Ilex nitida	0.885					Plantae;Tracheophyta;NA;Aquifoliales;Aquifoliaceae;Ilex;Ilex paraguariensis
n5402	5402	port_py3_epang_T1	5b1865a8-3cb9-4d4f-9289-611ed0fc6c7a	flagged by reference only	Phylum	Ascomycota	NA	0.979					Fungi;Ascomycota;NA;Eurotiales;Aspergillaceae;Aspergillus;NA
n5402	5402	port_py3_epang_T1	5fced340-2b94-47b4-b9fd-8a490474abb6	flagged by reference only	Species	Primula handeliana	Primula longipes	0.901					Plantae;Tracheophyta;NA;Ericales;Primulaceae;Primula;Primula handeliana
n5402	5402	port_py3_epang_T1	5ff66743-ac50-4d3e-af55-82adaaf6efdc	flagged by reference only	Phylum	Ascomycota	NA	0.979					Fungi;Ascomycota;NA;Eurotiales;Aspergillaceae;Aspergillus;NA
n5402	5402	port_py3_epang_T1	607930de-d2db-465a-81ac-2cae77b6e726	flagged by reference only	Phylum	Ascomycota	NA	0.979					Fungi;Ascomycota;NA;Eurotiales;Aspergillaceae;Aspergillus;NA
n5402	5402	port_py3_epang_T1	61c76c58-d7ab-426a-b052-a8577bdce8c0	flagged by reference only	Phylum	Ascomycota	NA	0.979					Fungi;Ascomycota;NA;Eurotiales;Aspergillaceae;Aspergillus;NA
n5402	5402	port_py3_epang_T1	620af553-a237-48d9-b2c9-a71465b18490	flagged by reference only	Genus	Eudorina	Pandorina	1.000					Plantae;Chlorophyta;NA;Chlamydomonadales;Volvocaceae;Eudorina;Eudorina elegans
n5402	5402	port_py3_epang_T1	6395c587-d1fa-4afd-927a-b8028547a117	flagged by reference only	Species	Scorzonera meshhedensis	NA	0.736					Plantae;Tracheophyta;NA;Asterales;Asteraceae;Scorzonera;Scorzonera meshhedensis
n5402	5402	port_py3_epang_T1	63d38c90-3385-454d-93d0-7cd78628c5c1	flagged by reference only	Species	Primula handeliana	Primula longipes	0.901					Plantae;Tracheophyta;NA;Ericales;Primulaceae;Primula;Primula handeliana
n5402	5402	port_py3_epang_T1	6595f094-7a95-4453-8e5a-8327d805f98f	flagged by reference only	Species	NA	Asterochloris glomerata	0.433					Plantae;Chlorophyta;NA;Microthamniales;NA;Asterochloris;NA
n5402	5402	port_py3_epang_T1	65e383cb-8ff3-4b15-934b-a35dc2d6e1dc	flagged by reference only	Phylum	Ascomycota	NA	0.990					Fungi;Ascomycota;NA;Eurotiales;Aspergillaceae;Aspergillus;NA
n5402	5402	port_py3_epang_T1	6790a1d9-1b8a-4158-aa57-667b6b58e359	flagged by reference only	Genus	Pseudopodospermum	Scorzonera	0.999					Plantae;Tracheophyta;NA;Asterales;Asteraceae;Pseudopodospermum
n5402	5402	port_py3_epang_T1	68cc08eb-c3cc-43d6-8e36-c77f8041de97	flagged by reference only	Phylum	Ascomycota	NA	0.979					Fungi;Ascomycota;NA;Eurotiales;Aspergillaceae;Aspergillus;NA
n5402	5402	port_py3_epang_T1	694550dc-2464-41d7-8575-b61eb76fb4eb	flagged by reference only	Phylum	Ascomycota	NA	0.979					Fungi;Ascomycota;NA;Eurotiales;Aspergillaceae;Aspergillus;NA
n5402	5402	port_py3_epang_T1	6d801571-9def-47be-9b28-5c7c38b1bc5a	flagged by reference only	Species	NA	Scorzonera laciniata	0.459					Plantae;Tracheophyta;NA;Asterales;Asteraceae;Scorzonera;NA
n5402	5402	port_py3_epang_T1	6d85c0f1-cad0-4143-9d5b-168ffadf4b41	flagged by reference only	Species	Primula blinii	Primula souliei	0.510					Plantae;Tracheophyta;NA;Ericales;Primulaceae;Primula;Primula blinii
n5402	5402	port_py3_epang_T1	701c0311-13ac-443a-8adf-22afa199dda1	flagged by reference only	Species	Gelasia litwinowii	Gelasia aucheriana	0.510					Plantae;Tracheophyta;NA;Asterales;Asteraceae;Gelasia;Gelasia litwinowii
n5402	5402	port_py3_epang_T1	73be8c2d-8d1b-489f-90fe-b08d2d038d09	flagged by reference only	Species	Primula auricula	Primula marginata	0.433					Plantae;Tracheophyta;NA;Ericales;Primulaceae;Primula;Primula auricula
n5402	5402	port_py3_epang_T1	7455c5d8-b492-4954-aa54-f44c8de017cb	flagged by reference only	Species	Ilex ferruginea	Ilex dasyphylla	0.828					Plantae;Tracheophyta;NA;Aquifoliales;Aquifoliaceae;Ilex;Ilex ferruginea
n5402	5402	port_py3_epang_T1	78bc7019-e5e3-42ea-900d-34afdf5c61e8	flagged by reference only	Species	NA	Primula farinosa	0.845					Plantae;Tracheophyta;NA;Ericales;Primulaceae;Primula;NA
n5402	5402	port_py3_epang_T1	7a6af31f-b747-4847-94e7-918fcdcd3620	flagged by reference only	Species	NA	Asterochloris glomerata	0.433					Plantae;Chlorophyta;NA;Microthamniales;NA;Asterochloris;NA
n5402	5402	port_py3_epang_T1	7be002a3-b399-457d-87b3-5ae73374ad31	flagged by reference only	Species	NA	Actinidia fulvicoma	0.753					Plantae;Tracheophyta;NA;Ericales;Actinidiaceae;Actinidia;NA
n5402	5402	port_py3_epang_T1	7dacca45-4667-4ce5-83af-af818e59bc2f	flagged by reference only	Phylum	Ascomycota	NA	0.979					Fungi;Ascomycota;NA;Eurotiales;Aspergillaceae;Aspergillus;NA
n5402	5402	port_py3_epang_T1	7db63b58-98f2-4df8-bddd-941b96ec63c7	flagged by reference only	Phylum	Ascomycota	NA	0.979					Fungi;Ascomycota;NA;Eurotiales;Aspergillaceae;Aspergillus;NA
n5402	5402	port_py3_epang_T1	7db8eea4-eb27-413e-b113-1ab22d18a77c	flagged by reference only	Species	Scorzonera songorica	NA	0.736					Plantae;Tracheophyta;NA;Asterales;Asteraceae;Scorzonera;Scorzonera songorica
n5402	5402	port_py3_epang_T1	7e0cc1a4-3887-4b7c-869b-44f4dd00c766	flagged by reference only	Phylum	Ascomycota	NA	0.979					Fungi;Ascomycota;NA;Eurotiales;Aspergillaceae;Aspergillus;NA
n5402	5402	port_py3_epang_T1	804e6407-347e-4be1-9ed4-e7796c0546c0	flagged by reference only	Species	Actinidia pilosula	NA	0.462					Plantae;Tracheophyta;NA;Ericales;Actinidiaceae;Actinidia;Actinidia pilosula
n5402	5402	port_py3_epang_T1	83b8a334-0438-4b61-a26e-25c9997e2fbe	flagged by reference only	Species	Asterochloris mediterranea	NA	0.734					Plantae;Chlorophyta;NA;Microthamniales;NA;Asterochloris;Asterochloris mediterranea
n5402	5402	port_py3_epang_T1	85019380-437b-475b-a8f1-3ce86f19e2cb	flagged by reference only	Phylum	Ascomycota	NA	0.955					Fungi;Ascomycota;NA;Eurotiales;NA;NA;NA
n5402	5402	port_py3_epang_T1	8a957ac5-7f8d-4d51-bc81-8383ebe8338d	flagged by reference only	Species	NA	Asterochloris irregularis	0.719					Plantae;Chlorophyta;NA;Microthamniales;NA;Asterochloris;NA
n5402	5402	port_py3_epang_T1	8aabd75f-2508-4069-be47-dc664595c211	flagged by reference only	Phylum	Ascomycota	NA	0.955					Fungi;Ascomycota;NA;Eurotiales;NA;NA;NA
n5402	5402	port_py3_epang_T1	9170f2a3-a8f4-41f9-8aa2-3bf0b183bf54	flagged by reference only	Phylum	Ascomycota	NA	0.955					Fungi;Ascomycota;NA;Eurotiales;NA;NA;NA
n5402	5402	port_py3_epang_T1	92073f88-172b-4d9b-898e-a3d71e7ce4b1	flagged by reference only	Species	__TAXCLUSTER17__Primula szechuanica	Primula longipes	0.901					Plantae;Tracheophyta;NA;Ericales;Primulaceae;Primula;__TAXCLUSTER17__Primula szechuanica
n5402	5402	port_py3_epang_T1	94ab3c51-9283-4363-b390-f6f0ca9f7170	flagged by reference only	Phylum	Ascomycota	NA	0.955					Fungi;Ascomycota;NA;Eurotiales;NA;NA;NA
n5402	5402	port_py3_epang_T1	963c8d04-1c92-45b6-ab9f-06420a402b4b	flagged by reference only	Phylum	Ascomycota	NA	0.979					Fungi;Ascomycota;NA;Eurotiales;Aspergillaceae;Aspergillus;NA
n5402	5402	port_py3_epang_T1	9647f17f-d5d9-4085-9293-e57d4c0269d8	flagged by reference only	Phylum	Ascomycota	NA	0.979					Fungi;Ascomycota;NA;Eurotiales;Aspergillaceae;Aspergillus;NA
n5402	5402	port_py3_epang_T1	96801a73-5ffb-4af0-9a01-5607726ebecf	flagged by reference only	Species	Podospermum roseum	Scorzonera purpurea	0.999					Plantae;Tracheophyta;NA;Asterales;Asteraceae;Scorzonera;Podospermum roseum
n5402	5402	port_py3_epang_T1	97311ffc-d825-4d81-96cb-deaa05ae4508	flagged by reference only	Infraorder	Alternaria	Bipolaris	0.987					Fungi;Ascomycota;NA;Pleosporales;Pleosporaceae;Alternaria;NA
n5402	5402	port_py3_epang_T1	9b99a095-c874-4640-b417-89177fac1f99	flagged by reference only	Species	NA	Primula longipes	0.901					Plantae;Tracheophyta;NA;Ericales;Primulaceae;Primula;NA
n5402	5402	port_py3_epang_T1	9c8a9863-6909-4d38-a68a-50c8fe342051	flagged by reference only	Phylum	Ascomycota	NA	0.916					Fungi;Ascomycota;NA;Eurotiales;Aspergillaceae;Aspergillus;NA
n5402	5402	port_py3_epang_T1	a006ece1-ca2b-48d5-ad77-5db17d9a1c3b	flagged by reference only	Species	Primula elatior	Primula veris	0.979					Plantae;Tracheophyta;NA;Ericales;Primulaceae;Primula;Primula elatior
n5402	5402	port_py3_epang_T1	a60576b4-b844-4438-adba-1d63e0b39a85	flagged by reference only	Species	Primula juliae	Primula vulgaris	0.936					Plantae;Tracheophyta;NA;Ericales;Primulaceae;Primula;Primula juliae
n5402	5402	port_py3_epang_T1	a9881588-6d66-42db-a063-d6b62b57a492	flagged by reference only	Genus	Takhtajaniantha	Gelasia	1.000					Plantae;Tracheophyta;NA;Asterales;Asteraceae;Takhtajaniantha;Scorzonera latifolia
n5402	5402	port_py3_epang_T1	a9f98a0a-f713-4d64-8e3b-284123878207	flagged by reference only	Species	NA	Asterochloris irregularis	0.419					Plantae;Chlorophyta;NA;Microthamniales;NA;Asterochloris;NA
n5402	5402	port_py3_epang_T1	acd5be05-1a67-4ace-a021-813759809637	flagged by reference only	Species	Ilex ferruginea	Ilex dasyphylla	0.828					Plantae;Tracheophyta;NA;Aquifoliales;Aquifoliaceae;Ilex;Ilex ferruginea
n5402	5402	port_py3_epang_T1	ace2ad1b-62db-43a8-b9e7-d55611a36437	flagged by reference only	Species	Actinidia pilosula	NA	0.462					Plantae;Tracheophyta;NA;Ericales;Actinidiaceae;Actinidia;Actinidia pilosula
n5402	5402	port_py3_epang_T1	afe0c2ea-eabd-4592-bfc4-418cd425439d	flagged by reference only	Species	Podospermum armenaicum	Scorzonera laciniata	0.513					Plantae;Tracheophyta;NA;Asterales;Asteraceae;Scorzonera;Podospermum armenaicum
n5402	5402	port_py3_epang_T1	b1c9f439-e9e5-49c0-9f44-157be4b25a78	flagged by reference only	Species	Scorzonera cana	NA	0.788					Plantae;Tracheophyta;NA;Asterales;Asteraceae;Scorzonera;Scorzonera cana
n5402	5402	port_py3_epang_T1	b369d4e6-f8f6-49d3-8d21-6dc7684b461f	flagged by reference only	Phylum	Ascomycota	NA	0.961					Fungi;Ascomycota;NA;Eurotiales;Aspergillaceae;Aspergillus;NA
n5402	5402	port_py3_epang_T1	b77bf342-72ce-453b-9753-58721a014e6b	flagged by reference only	Phylum	Ascomycota	NA	0.990					Fungi;Ascomycota;NA;Eurotiales;Aspergillaceae;Aspergillus;NA
n5402	5402	port_py3_epang_T1	b80c258c-729b-4c88-bf50-cbb3d2b86fdd	flagged by reference only	Species	NA	Nymphaea caerulea	0.642					Plantae;Tracheophyta;NA;Nymphaeales;Nymphaeaceae;Nymphaea;NA
n5402	5402	port_py3_epang_T1	b9b7976e-d22b-4c50-aa10-5a2c6c131266	flagged by reference only	Phylum	Ascomycota	NA	0.979					Fungi;Ascomycota;NA;Eurotiales;Aspergillaceae;Aspergillus;NA
n5402	5402	port_py3_epang_T1	bbd4a52a-c334-41c7-afb9-7c68a919ca1f	flagged by reference only	Phylum	Ascomycota	NA	0.979					Fungi;Ascomycota;NA;Eurotiales;Aspergillaceae;Aspergillus;NA
n5402	5402	port_py3_epang_T1	c1ac0826-9f4a-4388-a929-f8f1c27ed151	flagged by reference only	Phylum	Ascomycota	NA	0.904					Fungi;Ascomycota;NA;Eurotiales;Aspergillaceae;Aspergillus;NA
n5402	5402	port_py3_epang_T1	c5b3b83f-30c1-4c6a-81a9-1323c22eb97f	flagged by reference only	Phylum	Ascomycota	NA	0.945					Fungi;Ascomycota;NA;Eurotiales;Aspergillaceae;Aspergillus;NA
n5402	5402	port_py3_epang_T1	c6c5c3e9-52a1-4c92-b9fe-c91a3c11ac98	flagged by reference only	Genus	Eudorina	Pandorina	1.000					Plantae;Chlorophyta;NA;Chlamydomonadales;Volvocaceae;Eudorina
n5402	5402	port_py3_epang_T1	ca36daf6-930d-419d-8d88-5bf2c8893333	flagged by reference only	Species	__TAXCLUSTER17__Primula szechuanica	Primula longipes	0.901					Plantae;Tracheophyta;NA;Ericales;Primulaceae;Primula;__TAXCLUSTER17__Primula szechuanica
n5402	5402	port_py3_epang_T1	ca568fc8-9d1a-4eaf-b692-8da5beb540ab	flagged by reference only	Phylum	Basidiomycota	NA	1.000					Fungi;Basidiomycota;NA;Cantharellales;Tulasnellaceae;NA;NA
n5402	5402	port_py3_epang_T1	ca8578e1-4583-44ed-8ba0-b2239ae20d75	flagged by reference only	Species	__TAXCLUSTER17__Primula szechuanica	Primula longipes	0.901					Plantae;Tracheophyta;NA;Ericales;Primulaceae;Primula;__TAXCLUSTER17__Primula szechuanica
n5402	5402	port_py3_epang_T1	cb56b87c-ce3a-4d4e-ba78-46927b31017f	flagged by reference only	Species	Mucuna bracteata	Mucuna pruriens	0.980					Plantae;Tracheophyta;NA;Fabales;Fabaceae;Mucuna;Mucuna bracteata
n5402	5402	port_py3_epang_T1	ce999006-80dc-4b0a-9311-cd7fa91d5764	flagged by reference only	Infraorder	Alternaria	Bipolaris	0.987					Fungi;Ascomycota;NA;Pleosporales;Pleosporaceae;Alternaria;NA
n5402	5402	port_py3_epang_T1	dcf87a27-390b-4810-afb0-45ff333ac7b9	flagged by reference only	Phylum	Ascomycota	NA	0.955					Fungi;Ascomycota;NA;Eurotiales;NA;NA;NA
n5402	5402	port_py3_epang_T1	dfc2b5cd-a050-4b7b-9f1b-92bccd8e8814	flagged by reference only	Species	Bipolaris bicolor	NA	0.903					Fungi;Ascomycota;NA;Pleosporales;Pleosporaceae;Bipolaris;Bipolaris bicolor
n5402	5402	port_py3_epang_T1	e218e97f-2c1a-4c43-811e-c1b820686d32	flagged by reference only	Phylum	Ascomycota	NA	0.979					Fungi;Ascomycota;NA;Eurotiales;Aspergillaceae;Aspergillus;NA
n5402	5402	port_py3_epang_T1	eec10d11-6f76-4715-80b3-3b8709270780	flagged by reference only	Species	Primula matthioli	Cortusa matthioli	1.000					Plantae;Tracheophyta;NA;Ericales;Primulaceae;Primula;Primula matthioli
n5402	5402	port_py3_epang_T1	f4e6b4af-f2b7-484a-82a1-a94f10036a4e	flagged by reference only	Phylum	Ascomycota	NA	0.935					Fungi;Ascomycota;NA;Eurotiales;Aspergillaceae;Aspergillus;NA
n5402	5402	port_py3_epang_T1	fc2f9287-bd3f-410a-9123-2b316fdec5e9	flagged by reference only	Species	Cortusa matthioli	Primula algida	0.805					Plantae;Tracheophyta;NA;Ericales;Primulaceae;Primula;Cortusa matthioli
n5402	5402	port_py3_epang_T1	000207f5-077d-46d1-9975-6460a726273f	flagged by test only					Species	Pterachaenia stewartii	Pterachaenia codringtonii	0.510	Plantae;Tracheophyta;NA;Asterales;Asteraceae;Pterachaenia;Pterachaenia stewartii
n5402	5402	port_py3_epang_T1	00191c72-2b00-41db-9d09-a49ea3c5ffd9	flagged by test only					Species	Primula algida	Cortusa matthioli	1.000	Plantae;Tracheophyta;NA;Ericales;Primulaceae;Primula;Primula algida
n5402	5402	port_py3_epang_T1	0043ddd3-9e72-4a19-bcfd-47feed13ef05	flagged by test only					Phylum	NA	Ascomycota	1.000	Fungi;NA;NA;NA;NA;NA;NA
n5402	5402	port_py3_epang_T1	016d8e10-e99e-4aa5-878f-90498914c9b8	flagged by test only					Species	Primula kisoana	Primula saxatilis	0.499	Plantae;Tracheophyta;NA;Ericales;Primulaceae;Primula;Primula kisoana
n5402	5402	port_py3_epang_T1	0326d4e3-c803-4299-a077-8d71e9c7ee1f	flagged by test only					Kingdom	Plantae	Fungi	1.000	Plantae;Tracheophyta;NA;Poales;Cyperaceae;Carex;Carex acutiformis
n5402	5402	port_py3_epang_T1	04f17627-601d-4f8f-bb1b-aa3d09da7e32	flagged by test only					Phylum	NA	Ascomycota	1.000	Fungi;NA;NA;NA;NA;NA;NA
n5402	5402	port_py3_epang_T1	05f8157b-9667-459e-8d68-e46c8e4842ff	flagged by test only					Species	Primula kialensis	Primula marginata	0.510	Plantae;Tracheophyta;NA;Ericales;Primulaceae;Primula;Primula kialensis
n5402	5402	port_py3_epang_T1	06c3d543-3c24-4673-afe0-617dffd6391c	flagged by test only					Species	Primula grandis	Primula veris	0.510	Plantae;Tracheophyta;NA;Ericales;Primulaceae;Primula;Primula grandis
n5402	5402	port_py3_epang_T1	06dcde95-2593-4d6f-9a52-d2f36bf02aee	flagged by test only					Species	Ilex integerrima	Ilex canariensis	1.000	Plantae;Tracheophyta;NA;Aquifoliales;Aquifoliaceae;Ilex;Ilex integerrima
n5402	5402	port_py3_epang_T1	07aac45f-752e-494c-82e4-97abc6cb12c1	flagged by test only					Species	Primula auriculata	Primula marginata	0.510	Plantae;Tracheophyta;NA;Ericales;Primulaceae;Primula;Primula auriculata
n5402	5402	port_py3_epang_T1	08162423-be61-4e90-b713-8db105372177	flagged by test only					Species	Ilex venulosa	Ilex khasiana	0.819	Plantae;Tracheophyta;NA;Aquifoliales;Aquifoliaceae;Ilex;Ilex venulosa
n5402	5402	port_py3_epang_T1	09a51f98-0f9b-4eb0-93b1-a18df16fdcdf	flagged by test only					Species	Primula allionii	Primula marginata	1.000	Plantae;Tracheophyta;NA;Ericales;Primulaceae;Primula;Primula allionii
n5402	5402	port_py3_epang_T1	0ad0a660-47a5-4cc8-9f14-5bfc92165579	flagged by test only					Species	Asterochloris irregularis	NA	0.743	Plantae;Chlorophyta;NA;Microthamniales;NA;Asterochloris;Asterochloris irregularis
n5402	5402	port_py3_epang_T1	0bab20ec-0d4d-4271-957f-bb98409dc976	flagged by test only					Family	NA	Aspergillaceae	0.993	Fungi;Ascomycota;NA;Eurotiales;NA;NA;NA
n5402	5402	port_py3_epang_T1	0d7cd37b-76ea-464b-84f4-0b533f12e53a	flagged by test only					Genus	Gelasia	Scorzonera	1.000	Plantae;Tracheophyta;NA;Asterales;Asteraceae;Gelasia
n5402	5402	port_py3_epang_T1	10664ba8-3f6c-48e5-9c9f-aa5940b751bd	flagged by test only					Species	Ilex opaca	Ilex hainanensis	0.510	Plantae;Tracheophyta;NA;Aquifoliales;Aquifoliaceae;Ilex;Ilex opaca
n5402	5402	port_py3_epang_T1	11911fb5-383b-4692-ac57-a6ec792a337d	flagged by test only					Species	Bipolaris sorokiniana	NA	0.952	Fungi;Ascomycota;NA;Pleosporales;Pleosporaceae;Bipolaris;Bipolaris sorokiniana
n5402	5402	port_py3_epang_T1	11bc3933-50e8-4c91-8d8e-7fe36e149352	flagged by test only					Species	Ilex pubescens	Ilex canariensis	1.000	Plantae;Tracheophyta;NA;Aquifoliales;Aquifoliaceae;Ilex;Ilex pubescens
n5402	5402	port_py3_epang_T1	124316c5-cf03-4a4b-801e-e40edfecfc70	flagged by test only					Genus	Dodecatheon	Primula	1.000	Plantae;Tracheophyta;NA;Ericales;Primulaceae;Dodecatheon;Primula meadia
n5402	5402	port_py3_epang_T1	131edb5a-1979-49aa-b38f-414c7b564d40	flagged by test only					Species	Primula chungensis	Primula merrilliana	0.510	Plantae;Tracheophyta;NA;Ericales;Primulaceae;Primula;Primula chungensis
n5402	5402	port_py3_epang_T1	13696475-39a1-416d-8d98-0b7160c3e7e5	flagged by test only					Phylum	NA	Basidiomycota	1.000	Fungi;NA;NA;NA;NA;NA;NA
n5402	5402	port_py3_epang_T1	14d2a3c2-957d-4680-a927-5115fa4e76c0	flagged by test only					Species	Ilex ficoidea	Ilex canariensis	1.000	Plantae;Tracheophyta;NA;Aquifoliales;Aquifoliaceae;Ilex;Ilex ficoidea
n5402	5402	port_py3_epang_T1	1d7d9a48-a7e5-4065-af2c-1030fd3c36fe	flagged by test only					Kingdom	Plantae	Fungi	1.000	Plantae;Tracheophyta;NA;Poales;Cyperaceae;Carex;Carex acutiformis
n5402	5402	port_py3_epang_T1	1ff93911-5ef5-458e-b675-617c8b7ec62d	flagged by test only					Phylum	NA	Basidiomycota	1.000	Fungi;NA;NA;NA;NA;NA;NA
n5402	5402	port_py3_epang_T1	1ffced88-f8a8-4095-9d0e-06751b0cbf0c	flagged by test only					Kingdom	Plantae	Fungi	1.000	Plantae;Tracheophyta;NA;Poales;Cyperaceae;Carex;Carex arcta
n5402	5402	port_py3_epang_T1	21710183-81bf-4b38-a859-502832beca1d	flagged by test only					Species	Actinidia fulvicoma	NA	0.948	Plantae;Tracheophyta;NA;Ericales;Actinidiaceae;Actinidia;Actinidia fulvicoma
n5402	5402	port_py3_epang_T1	25569ec5-197d-4eb1-880e-fc51fddfe299	flagged by test only					Genus	NA	Aspergillus	0.609	Fungi;Ascomycota;NA;Eurotiales;Aspergillaceae;NA;NA
n5402	5402	port_py3_epang_T1	28ee46d0-7f1d-4029-ba54-c23f31bdf87a	flagged by test only					Kingdom	Fungi	Plantae	1.000	Fungi;NA;NA;NA;NA;NA;NA
n5402	5402	port_py3_epang_T1	2a83b556-97c9-4df1-b41f-a15e8611ef14	flagged by test only					Order	Aquifoliales	Ericales	1.000	Plantae;Tracheophyta;NA;Aquifoliales;Aquifoliaceae;Ilex;Ilex crenata
n5402	5402	port_py3_epang_T1	2be6ac95-2b36-4af5-b1e7-e328a842fcbd	flagged by test only					Family	NA	Aspergillaceae	1.000	Fungi;Ascomycota;NA;Eurotiales;NA;NA;NA
n5402	5402	port_py3_epang_T1	2be96a78-62b6-4776-b3f4-d4c43bb500f5	flagged by test only					Kingdom	Fungi	Plantae	1.000	Fungi;NA;NA;NA;NA;NA;NA
n5402	5402	port_py3_epang_T1	2d7824b6-43ce-41e9-adc9-7bb57c18be6a	flagged by test only					Species	Scorzonera tragopogonoides	Scorzonera albicaulis	1.000	Plantae;Tracheophyta;NA;Asterales;Asteraceae;Scorzonera;Scorzonera tragopogonoides
n5402	5402	port_py3_epang_T1	2daca48d-67cf-41a9-b2a8-898626cb179f	flagged by test only					Kingdom	Plantae	Fungi	1.000	Plantae;Tracheophyta;NA;Poales;Cyperaceae;Carex;Carex acutiformis
n5402	5402	port_py3_epang_T1	2e188f33-6f0e-4045-8d86-40a13f23616f	flagged by test only					Phylum	NA	Ascomycota	1.000	Fungi;NA;NA;NA;NA;NA;NA
n5402	5402	port_py3_epang_T1	2e7de12f-3f3d-4495-94ef-9aa14be2f046	flagged by test only					Species	Carex acuta	Carex alba	1.000	Plantae;Tracheophyta;NA;Poales;Cyperaceae;Carex;Carex acuta
n5402	5402	port_py3_epang_T1	2e82f504-47b9-445b-b414-3c9bd39ae9e7	flagged by test only					Species	Carex angustata	Carex alba	1.000	Plantae;Tracheophyta;NA;Poales;Cyperaceae;Carex;Carex angustata
n5402	5402	port_py3_epang_T1	2f65b657-eaa7-42dc-9080-4117ebc28fa3	flagged by test only					Species	Pterachaenia stewartii	Pterachaenia codringtonii	1.000	Plantae;Tracheophyta;NA;Asterales;Asteraceae;Pterachaenia;Pterachaenia stewartii
n5402	5402	port_py3_epang_T1	2f6c1945-4824-40e7-b155-78597c1c1187	flagged by test only					Species	Ilex brevicuspis	Ilex canariensis	1.000	Plantae;Tracheophyta;NA;Aquifoliales;Aquifoliaceae;Ilex;Ilex brevicuspis
n5402	5402	port_py3_epang_T1	2f7c4ab4-a5e4-4269-8d89-2d84dcae2eb6	flagged by test only					Species	Primula hidakana	Primula takedana	0.688	Plantae;Tracheophyta;NA;Ericales;Primulaceae;Primula;Primula hidakana
n5402	5402	port_py3_epang_T1	309ecfa2-450a-422c-baf6-4e47768add66	flagged by test only					Genus	Pandorina	Eudorina	1.000	Plantae;Chlorophyta;NA;Chlamydomonadales;Volvocaceae;Pandorina;Pandorina morum
n5402	5402	port_py3_epang_T1	30ebdfc5-8dcd-42ed-b3ce-40423848ffe3	flagged by test only					Species	Ilex dumosa	Ilex canariensis	1.000	Plantae;Tracheophyta;NA;Aquifoliales;Aquifoliaceae;Ilex;Ilex dumosa
n5402	5402	port_py3_epang_T1	3628ddb3-b4ea-4ed3-bf1c-b56b50cf4c91	flagged by test only					Order	Aquifoliales	Ericales	1.000	Plantae;Tracheophyta;NA;Aquifoliales;Aquifoliaceae;Ilex;Ilex crenata
n5402	5402	port_py3_epang_T1	39044952-aa56-44f1-a6d5-8386ce0c0e6a	flagged by test only					Species	Primula grandis	Primula megaseifolia	0.510	Plantae;Tracheophyta;NA;Ericales;Primulaceae;Primula;Primula grandis
n5402	5402	port_py3_epang_T1	3b7aa83b-3f3f-4572-8abf-a132fc2a19a0	flagged by test only					Species	Actinidia fulvicoma	NA	0.898	Plantae;Tracheophyta;NA;Ericales;Actinidiaceae;Actinidia;Actinidia fulvicoma
n5402	5402	port_py3_epang_T1	3beab120-14a5-48de-9baf-2be5be2a8a4e	flagged by test only					Species	Scenedesmus basiliensis	NA	0.891	Plantae;Chlorophyta;NA;Sphaeropleales;Scenedesmaceae;Scenedesmus;Scenedesmus basiliensis
n5402	5402	port_py3_epang_T1	3bec258e-fd1e-4fd4-8d10-becae65be132	flagged by test only					Species	__TAXCLUSTER21__Ilex suaveolens	Ilex canariensis	1.000	Plantae;Tracheophyta;NA;Aquifoliales;Aquifoliaceae;Ilex;__TAXCLUSTER21__Ilex suaveolens
n5402	5402	port_py3_epang_T1	3f87d9ff-fe10-405c-ba15-05e34f5b999a	flagged by test only					Genus	Gelasia	Scorzonera	0.945	Plantae;Tracheophyta;NA;Asterales;Asteraceae;Gelasia
n5402	5402	port_py3_epang_T1	417101c9-6b03-487f-bab0-126c9283c2d1	flagged by test only					Phylum	NA	Ascomycota	1.000	Fungi;NA;NA;NA;NA;NA;NA
n5402	5402	port_py3_epang_T1	4536f9a1-2250-441d-99c2-007d52e8eacf	flagged by test only					Order	Nymphaeales	Ericales	1.000	Plantae;Tracheophyta;NA;Nymphaeales;Nymphaeaceae;Nymphaea;Nymphaea colorata
n5402	5402	port_py3_epang_T1	4648eaad-6a88-4cd7-876f-c1657c62a8f9	flagged by test only					Species	Primula kisoana	Primula saxatilis	0.499	Plantae;Tracheophyta;NA;Ericales;Primulaceae;Primula;Primula kisoana
n5402	5402	port_py3_epang_T1	4b807b12-05a5-420a-9add-0c70f6f564d0	flagged by test only					Species	Ilex integerrima	Ilex pseudobuxus	1.000	Plantae;Tracheophyta;NA;Aquifoliales;Aquifoliaceae;Ilex;Ilex integerrima
n5402	5402	port_py3_epang_T1	4dad4cd3-c360-4dc9-8951-b19bd5f6cee4	flagged by test only					Species	Nymphaea alba	Nymphaea candida	0.510	Plantae;Tracheophyta;NA;Nymphaeales;Nymphaeaceae;Nymphaea;Nymphaea alba
n5402	5402	port_py3_epang_T1	4e54986c-299e-4d4a-805a-5c518c9b0ce4	flagged by test only					Kingdom	Plantae	Fungi	1.000	Plantae;Tracheophyta;NA;Poales;Cyperaceae;Carex;Carex annectens
n5402	5402	port_py3_epang_T1	4e72a671-d288-4aaa-a025-e8c53b472038	flagged by test only					Species	Primula elatior	Primula megaseifolia	0.510	Plantae;Tracheophyta;NA;Ericales;Primulaceae;Primula;Primula elatior
n5402	5402	port_py3_epang_T1	504cefd8-c2cf-4b49-aad1-5a7008b258bd	flagged by test only					Species	Primula elatior	Primula megaseifolia	0.510	Plantae;Tracheophyta;NA;Ericales;Primulaceae;Primula;Primula elatior
n5402	5402	port_py3_epang_T1	51accbf2-4b92-4f94-9c40-d49682b93734	flagged by test only					Phylum	NA	Ascomycota	1.000	Fungi;NA;NA;NA;NA;NA;NA
n5402	5402	port_py3_epang_T1	55ef84a9-53be-4026-988e-22807a42ba0f	flagged by test only					Species	Carex arcta	Carex alba	1.000	Plantae;Tracheophyta;NA;Poales;Cyperaceae;Carex;Carex arcta
n5402	5402	port_py3_epang_T1	569d128a-d4c0-4085-9fbe-296b9743a456	flagged by test only					Species	Ilex microdonta	Ilex canariensis	1.000	Plantae;Tracheophyta;NA;Aquifoliales;Aquifoliaceae;Ilex;Ilex microdonta
n5402	5402	port_py3_epang_T1	56fbcbf4-22c8-47a1-a1d4-f510612b2617	flagged by test only					Species	NA	__TAXCLUSTER9__Ilex verticillata	0.450	Plantae;Tracheophyta;NA;Aquifoliales;Aquifoliaceae;Ilex;NA
n5402	5402	port_py3_epang_T1	57077e79-77d6-44a9-9b0c-773000cf137d	flagged by test only					Phylum	NA	Basidiomycota	1.000	Fungi;NA;NA;NA;NA;NA;NA
n5402	5402	port_py3_epang_T1	589b3a41-77a5-4c51-a891-5b2540853ccb	flagged by test only					Genus	NA	Carex	1.000	Plantae;Tracheophyta;NA;Poales;Cyperaceae;NA;NA
n5402	5402	port_py3_epang_T1	5b857735-356b-4fd7-b60a-b24e699067ae	flagged by test only					Species	NA	Ilex canariensis	1.000	Plantae;Tracheophyta;NA;Aquifoliales;Aquifoliaceae;Ilex;NA
n5402	5402	port_py3_epang_T1	5bd2c352-f26b-49b2-9226-01371136eec4	flagged by test only					Species	__TAXCLUSTER14__Ilex lohfauensis	Ilex canariensis	1.000	Plantae;Tracheophyta;NA;Aquifoliales;Aquifoliaceae;Ilex;__TAXCLUSTER14__Ilex lohfauensis
n5402	5402	port_py3_epang_T1	5d3d21bd-207d-41e1-aea7-fc5ec33b1187	flagged by test only					Phylum	NA	Ascomycota	1.000	Fungi;NA;NA;NA;NA;NA;NA
n5402	5402	port_py3_epang_T1	5dbebef9-9795-4235-9551-bf24eb528f4c	flagged by test only					Species	Ilex pubescens	Ilex crenata	0.557	Plantae;Tracheophyta;NA;Aquifoliales;Aquifoliaceae;Ilex;Ilex pubescens
n5402	5402	port_py3_epang_T1	60f61185-b905-4503-beb6-6765f1ada7ef	flagged by test only					Species	Ilex cornuta	Ilex canariensis	1.000	Plantae;Tracheophyta;NA;Aquifoliales;Aquifoliaceae;Ilex;Ilex cornuta
n5402	5402	port_py3_epang_T1	61e37d62-c280-40fb-ae41-3d27ea4c1aa9	flagged by test only					Species	Ilex tsoi	Ilex ficifolia	0.485	Plantae;Tracheophyta;NA;Aquifoliales;Aquifoliaceae;Ilex;Ilex tsoi
n5402	5402	port_py3_epang_T1	631d5a8f-e617-4d3d-ba0a-4081b882115e	flagged by test only					Family	NA	Aspergillaceae	0.993	Fungi;Ascomycota;NA;Eurotiales;NA;NA;NA
n5402	5402	port_py3_epang_T1	63225a2c-4ff9-45f4-947b-e55ab4c0778b	flagged by test only					Species	Scorzonera laciniata	NA	0.740	Plantae;Tracheophyta;NA;Asterales;Asteraceae;Scorzonera;Scorzonera laciniata
n5402	5402	port_py3_epang_T1	640310f0-df15-4f23-a2df-5cb7ac543786	flagged by test only					Genus	Pandorina	Eudorina	1.000	Plantae;Chlorophyta;NA;Chlamydomonadales;Volvocaceae;Pandorina;Pandorina morum
n5402	5402	port_py3_epang_T1	6567099c-e803-47e8-8f0c-cead60d41f35	flagged by test only					Kingdom	Plantae	Fungi	1.000	Plantae;Tracheophyta;NA;Poales;Cyperaceae;Carex;Carex annectens
n5402	5402	port_py3_epang_T1	65751a9a-8018-4a46-abec-525cd7a5e65b	flagged by test only					Family	NA	Aspergillaceae	0.860	Fungi;Ascomycota;NA;Eurotiales;NA;NA;NA
n5402	5402	port_py3_epang_T1	657eab65-d53e-4a3a-ab79-3d90c64e8d5f	flagged by test only					Phylum	Chytridiomycota	Basidiomycota	0.986	Fungi;Chytridiomycota;NA;NA;NA;NA;NA
n5402	5402	port_py3_epang_T1	686f72a8-899a-44f7-9cdd-83684c68186b	flagged by test only					Order	Caryophyllales	Ericales	1.000	Plantae;Tracheophyta;NA;Caryophyllales;Caryophyllaceae;Acanthophyllum;Acanthophyllum pungens
n5402	5402	port_py3_epang_T1	69debbc0-4206-49bb-8690-f0cb6029c71c	flagged by test only					Species	Ilex brevicuspis	Ilex pseudobuxus	0.470	Plantae;Tracheophyta;NA;Aquifoliales;Aquifoliaceae;Ilex;Ilex brevicuspis
n5402	5402	port_py3_epang_T1	6aaa63af-eb47-4c53-94ed-365f7cc4504e	flagged by test only					Species	NA	Primula egaliksensis	0.558	Plantae;Tracheophyta;NA;Ericales;Primulaceae;Primula;NA
n5402	5402	port_py3_epang_T1	6d461fc8-1820-4836-b1af-46f3aefae397	flagged by test only					Species	Primula algida	Cortusa matthioli	1.000	Plantae;Tracheophyta;NA;Ericales;Primulaceae;Primula;Primula algida
n5402	5402	port_py3_epang_T1	6e9bd1dd-4180-4e61-8718-7f0c64393f17	flagged by test only					Kingdom	Plantae	Fungi	1.000	Plantae;Tracheophyta;NA;Poales;Cyperaceae;Carex;Carex acuta
n5402	5402	port_py3_epang_T1	70913d12-9889-4a42-b4f6-b9a7c9dfa49b	flagged by test only					Species	Primula hidakana	Primula takedana	0.688	Plantae;Tracheophyta;NA;Ericales;Primulaceae;Primula;Primula hidakana
n5402	5402	port_py3_epang_T1	70bfe58d-2fca-4a84-8b0d-d0653ddc954b	flagged by test only					Species	Carex acuta	Carex alba	0.626	Plantae;Tracheophyta;NA;Poales;Cyperaceae;Carex;Carex acuta
n5402	5402	port_py3_epang_T1	712af03e-b0e6-4cf6-8dc6-8e9f5b00c22f	flagged by test only					Species	Aspergillus penicillioides	NA	0.884	Fungi;Ascomycota;NA;Eurotiales;Aspergillaceae;Aspergillus;Aspergillus penicillioides
n5402	5402	port_py3_epang_T1	718a9b63-81a8-4ca8-99dc-42e9dac2bcf2	flagged by test only					Species	Primula egaliksensis	Primula marginata	0.510	Plantae;Tracheophyta;NA;Ericales;Primulaceae;Primula;Primula egaliksensis
n5402	5402	port_py3_epang_T1	72282719-4d36-46d1-bd73-137bb8d14a92	flagged by test only					Phylum	NA	Ascomycota	1.000	Fungi;NA;NA;NA;NA;NA;NA
n5402	5402	port_py3_epang_T1	764f0c96-bcad-4d5e-be11-14e59cdb1c41	flagged by test only					Species	Gelasia aucheriana	Gelasia litwinowii	0.587	Plantae;Tracheophyta;NA;Asterales;Asteraceae;Gelasia;Gelasia aucheriana
n5402	5402	port_py3_epang_T1	7803cf41-086a-4589-9c93-94199bbfe8af	flagged by test only					Species	Ilex pubescens	Ilex crenata	0.557	Plantae;Tracheophyta;NA;Aquifoliales;Aquifoliaceae;Ilex;Ilex pubescens
n5402	5402	port_py3_epang_T1	7809e608-7534-4dbe-998c-7e6c817f4d17	flagged by test only					Species	Nymphaea alba	Nymphaea candida	0.510	Plantae;Tracheophyta;NA;Nymphaeales;Nymphaeaceae;Nymphaea;Nymphaea alba
n5402	5402	port_py3_epang_T1	79fabe1e-076a-4b15-988d-c0358d41a54f	flagged by test only					Species	Ilex hippocrateoides	Ilex dumosa	0.555	Plantae;Tracheophyta;NA;Aquifoliales;Aquifoliaceae;Ilex;Ilex hippocrateoides
n5402	5402	port_py3_epang_T1	7a4f65ad-f1f1-4f8e-a7a7-859ff196d621	flagged by test only					Species	Mucuna samarensis	Mucuna gigantea	0.993	Plantae;Tracheophyta;NA;Fabales;Fabaceae;Mucuna;Mucuna samarensis
n5402	5402	port_py3_epang_T1	7a8b992e-efa4-48fb-97bc-13db6a964c3a	flagged by test only					Species	Ilex microdonta	Ilex canariensis	1.000	Plantae;Tracheophyta;NA;Aquifoliales;Aquifoliaceae;Ilex;Ilex microdonta
n5402	5402	port_py3_epang_T1	801c97ab-36c6-4255-afd4-186b5edbb5e9	flagged by test only					Species	Primula fasciculata	NA	0.436	Plantae;Tracheophyta;NA;Ericales;Primulaceae;Primula;Primula fasciculata
n5402	5402	port_py3_epang_T1	81551828-2e97-4ebf-8618-de1dbdc05828	flagged by test only					Order	Trebouxiales	Microthamniales	1.000	Plantae;Chlorophyta;NA;Trebouxiales;Trebouxiaceae;Trebouxia;NA
n5402	5402	port_py3_epang_T1	81590eee-b900-410f-b745-f25f7d86406b	flagged by test only					Species	Scorzonera laciniata	NA	0.740	Plantae;Tracheophyta;NA;Asterales;Asteraceae;Scorzonera;Scorzonera laciniata
n5402	5402	port_py3_epang_T1	82c02d6a-5853-4127-b41f-fdb35080e0ae	flagged by test only					Species	Ilex brasiliensis	Ilex pseudobuxus	1.000	Plantae;Tracheophyta;NA;Aquifoliales;Aquifoliaceae;Ilex;Ilex brasiliensis
n5402	5402	port_py3_epang_T1	82dfda4f-dc61-4f81-8b8a-65477c94251c	flagged by test only					Species	__TAXCLUSTER2__Ilex macrocarpa	Ilex canariensis	1.000	Plantae;Tracheophyta;NA;Aquifoliales;Aquifoliaceae;Ilex;__TAXCLUSTER2__Ilex macrocarpa
n5402	5402	port_py3_epang_T1	85120cc9-7941-4575-98c2-f8f848338738	flagged by test only					Species	Ilex pseudobuxus	Ilex canariensis	1.000	Plantae;Tracheophyta;NA;Aquifoliales;Aquifoliaceae;Ilex;Ilex pseudobuxus
n5402	5402	port_py3_epang_T1	891ec3a8-5537-4fd3-8463-e3eac6a06413	flagged by test only					Species	Ilex integerrima	Ilex pseudobuxus	1.000	Plantae;Tracheophyta;NA;Aquifoliales;Aquifoliaceae;Ilex;Ilex integerrima
n5402	5402	port_py3_epang_T1	8b29a212-dd7e-4cd5-9a4c-9bc4f5a229f8	flagged by test only					Species	Ilex dumosa	Ilex canariensis	1.000	Plantae;Tracheophyta;NA;Aquifoliales;Aquifoliaceae;Ilex;Ilex dumosa
n5402	5402	port_py3_epang_T1	8b76cfa6-c284-4e30-8646-ad838a07d1a2	flagged by test only					Phylum	NA	Ascomycota	0.992	Fungi;NA;NA;NA;NA;NA;NA
n5402	5402	port_py3_epang_T1	8bc648e5-071e-4335-8f0b-687d4e595128	flagged by test only					Genus	NA	Carex	1.000	Plantae;Tracheophyta;NA;Poales;Cyperaceae;NA;NA
n5402	5402	port_py3_epang_T1	8cca4641-2551-48de-926e-0d5c0882a04f	flagged by test only					Species	NA	Bipolaris sorokiniana	0.889	Fungi;Ascomycota;NA;Pleosporales;Pleosporaceae;Bipolaris;NA
n5402	5402	port_py3_epang_T1	8cd0077e-bd61-4cad-b37e-835761af0979	flagged by test only					Species	Primula moupinensis	__TAXCLUSTER10__Primula helodoxa	0.863	Plantae;Tracheophyta;NA;Ericales;Primulaceae;Primula;Primula moupinensis
n5402	5402	port_py3_epang_T1	8e67bf12-83de-4019-a7df-f065ec3f0046	flagged by test only					Kingdom	Plantae	Fungi	1.000	Plantae;Tracheophyta;NA;Poales;Cyperaceae;Carex;Carex arcta
n5402	5402	port_py3_epang_T1	8ea50d64-853c-4891-b59a-bcbc0f71ccb6	flagged by test only					Species	Ilex integerrima	Ilex canariensis	1.000	Plantae;Tracheophyta;NA;Aquifoliales;Aquifoliaceae;Ilex;Ilex integerrima
n5402	5402	port_py3_epang_T1	90d9a6dc-da1b-49ab-88cc-9291d0575249	flagged by test only					Species	Bipolaris sorokiniana	NA	1.000	Fungi;Ascomycota;NA;Pleosporales;Pleosporaceae;Bipolaris;Bipolaris sorokiniana
n5402	5402	port_py3_epang_T1	91a68433-01a4-4e03-9d8c-866f43a43484	flagged by test only					Species	Ilex pubescens	Ilex crenata	0.557	Plantae;Tracheophyta;NA;Aquifoliales;Aquifoliaceae;Ilex;Ilex pubescens
n5402	5402	port_py3_epang_T1	91dac453-2ea6-47ef-af0c-320dd2bc26a0	flagged by test only					Species	Ilex venulosa	Ilex khasiana	0.819	Plantae;Tracheophyta;NA;Aquifoliales;Aquifoliaceae;Ilex;Ilex venulosa
n5402	5402	port_py3_epang_T1	9352596d-2fe2-4cf4-9042-9a0ba709198d	flagged by test only					Species	Bipolaris sacchari	Bipolaris sorokiniana	0.825	Fungi;Ascomycota;NA;Pleosporales;Pleosporaceae;Bipolaris;Bipolaris sacchari
n5402	5402	port_py3_epang_T1	93b03229-92b3-49ee-8326-4280a23ac3b5	flagged by test only					Species	Scorzonera laciniata	NA	0.550	Plantae;Tracheophyta;NA;Asterales;Asteraceae;Scorzonera;Scorzonera laciniata
n5402	5402	port_py3_epang_T1	941d10d9-701c-451f-bc40-0d8c856862ef	flagged by test only					Species	Actinidia hemsleyana	Actinidia rufa	0.509	Plantae;Tracheophyta;NA;Ericales;Actinidiaceae;Actinidia;Actinidia hemsleyana
n5402	5402	port_py3_epang_T1	97d30008-10f7-4225-9b4c-e5bc42d2f7c1	flagged by test only					Species	Ilex micrococca	Ilex canariensis	1.000	Plantae;Tracheophyta;NA;Aquifoliales;Aquifoliaceae;Ilex;Ilex micrococca
n5402	5402	port_py3_epang_T1	97f0611a-3880-4841-8ab7-624a9b2c3f8c	flagged by test only					Kingdom	Plantae	Fungi	1.000	Plantae;Tracheophyta;NA;Poales;Cyperaceae;Carex;Carex acuta
n5402	5402	port_py3_epang_T1	97f25c77-22f3-4bc3-b53f-c1e9033a9736	flagged by test only					Species	Mucuna samarensis	Mucuna gigantea	0.993	Plantae;Tracheophyta;NA;Fabales;Fabaceae;Mucuna;Mucuna samarensis
n5402	5402	port_py3_epang_T1	9cc6abec-4a39-4923-b3e4-0c2e9c2e9c89	flagged by test only					Family	NA	Aspergillaceae	0.860	Fungi;Ascomycota;NA;Eurotiales;NA;NA;NA
n5402	5402	port_py3_epang_T1	9cd1e107-404e-4c74-a73b-7ea345e9497e	flagged by test only					Species	Ilex hippocrateoides	Ilex dumosa	0.555	Plantae;Tracheophyta;NA;Aquifoliales;Aquifoliaceae;Ilex;Ilex hippocrateoides
n5402	5402	port_py3_epang_T1	9d4b22f7-024c-4524-8036-5220a2b665f4	flagged by test only					Kingdom	Plantae	Fungi	1.000	Plantae;Chlorophyta;NA;Chlamydomonadales;Chlamydomonadaceae;Chlamydomonas
n5402	5402	port_py3_epang_T1	a2611942-3783-4cd8-8fc9-fcad4bd99af3	flagged by test only					Species	NA	Nymphaea odorata	1.000	Plantae;Tracheophyta;NA;Nymphaeales;Nymphaeaceae;Nymphaea;NA
n5402	5402	port_py3_epang_T1	a50adb88-9deb-44bc-9799-b0a4e697a640	flagged by test only					Species	Ilex ficoidea	Ilex canariensis	1.000	Plantae;Tracheophyta;NA;Aquifoliales;Aquifoliaceae;Ilex;Ilex ficoidea
n5402	5402	port_py3_epang_T1	a5c3105a-bb21-4de5-b0f6-02842a4890e1	flagged by test only					Species	Primula algida	Cortusa matthioli	1.000	Plantae;Tracheophyta;NA;Ericales;Primulaceae;Primula;Primula algida
n5402	5402	port_py3_epang_T1	a824afba-bc21-468f-b735-7243e29a04f0	flagged by test only					Species	Ilex pseudobuxus	Ilex canariensis	1.000	Plantae;Tracheophyta;NA;Aquifoliales;Aquifoliaceae;Ilex;Ilex pseudobuxus
n5402	5402	port_py3_epang_T1	a978ee1b-d8d2-49a6-a534-b823abf82774	flagged by test only					Phylum	NA	Ascomycota	1.000	Fungi;NA;NA;NA;NA;NA;NA
n5402	5402	port_py3_epang_T1	abc0c41f-0a5b-488a-b4b0-7ac175fbe93c	flagged by test only					Phylum	NA	Ascomycota	0.992	Fungi;NA;NA;NA;NA;NA;NA
n5402	5402	port_py3_epang_T1	b19d309d-00ab-428c-b57b-1a9754934ead	flagged by test only					Kingdom	Fungi	Plantae	1.000	Fungi;NA;NA;NA;NA;NA;NA
n5402	5402	port_py3_epang_T1	b32efed4-00ba-4bfc-9cdd-a78cdbad4eba	flagged by test only					Species	Primula chungensis	Primula merrilliana	0.510	Plantae;Tracheophyta;NA;Ericales;Primulaceae;Primula;Primula chungensis
n5402	5402	port_py3_epang_T1	b4262165-c53a-44ae-8890-9a8f33b2b88d	flagged by test only					Genus	Gelasia	Scorzonera	1.000	Plantae;Tracheophyta;NA;Asterales;Asteraceae;Gelasia
n5402	5402	port_py3_epang_T1	b546cfd2-80aa-417d-831f-5417c7bbe5be	flagged by test only					Kingdom	Fungi	Plantae	1.000	Fungi;NA;NA;NA;NA;NA;NA
n5402	5402	port_py3_epang_T1	bae76422-d061-4798-a28d-8c1d9e3bdd82	flagged by test only					Species	Bipolaris sorokiniana	NA	1.000	Fungi;Ascomycota;NA;Pleosporales;Pleosporaceae;Bipolaris;Bipolaris sorokiniana
n5402	5402	port_py3_epang_T1	bebd605a-537e-43ec-a745-504fc697054a	flagged by test only					Species	NA	__TAXCLUSTER14__Ilex lohfauensis	0.838	Plantae;Tracheophyta;NA;Aquifoliales;Aquifoliaceae;Ilex;NA
n5402	5402	port_py3_epang_T1	bfe0b73e-c402-4d9e-a93f-a121bf41644b	flagged by test only					Species	Ilex dumosa	Ilex canariensis	1.000	Plantae;Tracheophyta;NA;Aquifoliales;Aquifoliaceae;Ilex;Ilex dumosa
n5402	5402	port_py3_epang_T1	c374a931-2950-482d-98be-4bc6dc0dd66e	flagged by test only					Order	Nymphaeales	Ericales	1.000	Plantae;Tracheophyta;NA;Nymphaeales;Nymphaeaceae;Nymphaea;Nymphaea colorata
n5402	5402	port_py3_epang_T1	c4f9584a-ec7a-4088-9fef-86e6d7ad9249	flagged by test only					Species	Ilex pseudobuxus	Ilex microdonta	0.580	Plantae;Tracheophyta;NA;Aquifoliales;Aquifoliaceae;Ilex;Ilex pseudobuxus
n5402	5402	port_py3_epang_T1	c5110d63-8c70-4b82-963d-b04fb554b21b	flagged by test only					Species	Ilex khasiana	Ilex hainanensis	0.510	Plantae;Tracheophyta;NA;Aquifoliales;Aquifoliaceae;Ilex;Ilex khasiana
n5402	5402	port_py3_epang_T1	c87e46f3-3d7b-4b19-aef7-a5e12844bec4	flagged by test only					Phylum	NA	Ascomycota	1.000	Fungi;NA;NA;NA;NA;NA;NA
n5402	5402	port_py3_epang_T1	cc5010c5-5d72-4200-b889-b1a810113468	flagged by test only					Phylum	NA	Ascomycota	1.000	Fungi;NA;NA;NA;NA;NA;NA
n5402	5402	port_py3_epang_T1	cd163a3c-377a-40f6-90a5-6d133c5743d0	flagged by test only					Species	Primula moupinensis	__TAXCLUSTER10__Primula helodoxa	0.825	Plantae;Tracheophyta;NA;Ericales;Primulaceae;Primula;Primula moupinensis
n5402	5402	port_py3_epang_T1	cf97ea73-785a-42ff-8d69-7e8550709569	flagged by test only					Species	Primula latifolia	Primula marginata	1.000	Plantae;Tracheophyta;NA;Ericales;Primulaceae;Primula;Primula latifolia
n5402	5402	port_py3_epang_T1	d1ec4ad5-520b-4410-8e28-bea482f8498b	flagged by test only					Species	Bipolaris bicolor	NA	0.952	Fungi;Ascomycota;NA;Pleosporales;Pleosporaceae;Bipolaris;Bipolaris bicolor
n5402	5402	port_py3_epang_T1	d4331726-bc8f-48bf-a19e-1e5cf5701314	flagged by test only					Species	__TAXCLUSTER21__Ilex suaveolens	Ilex canariensis	1.000	Plantae;Tracheophyta;NA;Aquifoliales;Aquifoliaceae;Ilex;__TAXCLUSTER21__Ilex suaveolens
n5402	5402	port_py3_epang_T1	d4e326a4-78ba-4884-920d-5df7177e6abf	flagged by test only					Species	Ilex cochinchinensis	__TAXCLUSTER9__Ilex verticillata	0.450	Plantae;Tracheophyta;NA;Aquifoliales;Aquifoliaceae;Ilex;Ilex cochinchinensis
n5402	5402	port_py3_epang_T1	db1f584c-f3d4-4780-ad3e-76e4eca73d40	flagged by test only					Species	Ilex brasiliensis	Ilex pseudobuxus	1.000	Plantae;Tracheophyta;NA;Aquifoliales;Aquifoliaceae;Ilex;Ilex brasiliensis
n5402	5402	port_py3_epang_T1	dc78e940-a731-4224-8e54-2a8a5137fa9d	flagged by test only					Family	NA	Aspergillaceae	1.000	Fungi;Ascomycota;NA;Eurotiales;NA;NA;NA
n5402	5402	port_py3_epang_T1	de9e5304-b1cf-4b34-b848-8dd054541d93	flagged by test only					Species	Asterochloris irregularis	NA	0.743	Plantae;Chlorophyta;NA;Microthamniales;NA;Asterochloris;Asterochloris irregularis
n5402	5402	port_py3_epang_T1	e42c4c5b-b070-4e9f-b57e-31393155e70c	flagged by test only					Species	Scenedesmus basiliensis	NA	0.891	Plantae;Chlorophyta;NA;Sphaeropleales;Scenedesmaceae;Scenedesmus;Scenedesmus basiliensis
n5402	5402	port_py3_epang_T1	e68f9041-91fb-4252-8e25-68b758bf5555	flagged by test only					Phylum	NA	Ascomycota	1.000	Fungi;NA;NA;NA;NA;NA;NA
n5402	5402	port_py3_epang_T1	eb839d67-c3e2-43b8-ae28-d4fc38c62a39	flagged by test only					Kingdom	Plantae	Fungi	1.000	Plantae;Tracheophyta;NA;Poales;Cyperaceae;Carex;Carex acutiformis
n5402	5402	port_py3_epang_T1	edd2429a-216d-4e65-aee9-ba781ed01f88	flagged by test only					Species	Bipolaris sacchari	Bipolaris sorokiniana	0.825	Fungi;Ascomycota;NA;Pleosporales;Pleosporaceae;Bipolaris;Bipolaris sacchari
n5402	5402	port_py3_epang_T1	eea84bc7-417b-43f8-b7e0-dd6d5fa18070	flagged by test only					Species	Ilex cochinchinensis	__TAXCLUSTER9__Ilex verticillata	0.450	Plantae;Tracheophyta;NA;Aquifoliales;Aquifoliaceae;Ilex;Ilex cochinchinensis
n5402	5402	port_py3_epang_T1	f05d5498-bf33-420d-bd43-4c4190720f64	flagged by test only					Species	Primula algida	Cortusa matthioli	1.000	Plantae;Tracheophyta;NA;Ericales;Primulaceae;Primula;Primula algida
n5402	5402	port_py3_epang_T1	f1c3d30e-ec8e-4ef4-8d9b-0bfc4aec585e	flagged by test only					Phylum	NA	Ascomycota	1.000	Fungi;NA;NA;NA;NA;NA;NA
n5402	5402	port_py3_epang_T1	f6a20e51-3b38-46c4-9b35-cda4706b148a	flagged by test only					Species	NA	Nymphaea odorata	1.000	Plantae;Tracheophyta;NA;Nymphaeales;Nymphaeaceae;Nymphaea;NA
n5402	5402	port_py3_epang_T1	fa7b9820-6dd1-4496-b573-66927e998ba7	flagged by test only					Species	NA	__TAXCLUSTER14__Ilex lohfauensis	0.838	Plantae;Tracheophyta;NA;Aquifoliales;Aquifoliaceae;Ilex;NA
n5402	5402	port_py3_epang_T16	05bd1843-22da-4c7a-be34-c341622261bb	same rank, other proposal	Species	__TAXCLUSTER7__Scorzonera alpigena	Scorzonera laciniata	0.501	Species	__TAXCLUSTER7__Scorzonera alpigena	NA	0.550	Plantae;Tracheophyta;NA;Asterales;Asteraceae;Scorzonera;__TAXCLUSTER7__Scorzonera alpigena
n5402	5402	port_py3_epang_T16	078e8af4-d147-40ec-92aa-d3bad38c19d3	rank differs	Species	Ilex pubescens	Ilex crenata	1.000	Order	Aquifoliales	Ericales	1.000	Plantae;Tracheophyta;NA;Aquifoliales;Aquifoliaceae;Ilex;Ilex pubescens
n5402	5402	port_py3_epang_T16	08aa7f7b-5658-49b6-83d5-469223baad9e	same rank, other proposal	Species	Scorzonera cana	Scorzonera laciniata	0.501	Species	Scorzonera cana	NA	0.550	Plantae;Tracheophyta;NA;Asterales;Asteraceae;Scorzonera;Scorzonera cana
n5402	5402	port_py3_epang_T16	0a203e5c-1a0d-4d8d-9ed3-28f79a23e777	rank differs	Phylum	Ascomycota	NA	0.979	Family	NA	Aspergillaceae	1.000	Fungi;Ascomycota;NA;Eurotiales;NA;NA;NA
n5402	5402	port_py3_epang_T16	0b7d5e7e-6c0b-4b4f-8ec0-e3134ba5d7ab	rank differs	Species	Ilex kaushue	Ilex crenata	1.000	Order	Aquifoliales	Ericales	1.000	Plantae;Tracheophyta;NA;Aquifoliales;Aquifoliaceae;Ilex;Ilex kaushue
n5402	5402	port_py3_epang_T16	0bbb8054-db0f-4d6a-8602-ab0955279993	same rank, other proposal	Species	NA	Ilex pseudobuxus	0.810	Species	NA	Ilex microdonta	0.580	Plantae;Tracheophyta;NA;Aquifoliales;Aquifoliaceae;Ilex;NA
n5402	5402	port_py3_epang_T16	0fbcec05-2139-4f90-86ca-d6156da61682	rank differs	Phylum	Ascomycota	NA	0.979	Genus	NA	Aspergillus	1.000	Fungi;Ascomycota;NA;Eurotiales;Aspergillaceae;NA;NA
n5402	5402	port_py3_epang_T16	0fc404e0-10c3-4178-b611-e127391f3978	same rank, other proposal	Phylum	NA	Rozellomycota	0.833	Phylum	NA	Basidiomycota	1.000	Fungi;NA;NA;NA;NA;NA;NA
n5402	5402	port_py3_epang_T16	12e2abec-726f-41a5-b391-af17d8ceee0a	rank differs	Species	Ilex vomitoria	Ilex crenata	1.000	Order	Aquifoliales	Ericales	1.000	Plantae;Tracheophyta;NA;Aquifoliales;Aquifoliaceae;Ilex;Ilex vomitoria
n5402	5402	port_py3_epang_T16	1725da22-c0dc-4cc9-b78a-398764d5ffdd	rank differs	Phylum	Ascomycota	NA	0.955	Family	Aspergillaceae	NA	0.970	Fungi;Ascomycota;NA;Eurotiales;Aspergillaceae;Aspergillus;NA
n5402	5402	port_py3_epang_T16	182bd40a-8685-4983-b0b4-91db409ba8b7	rank differs	Species	Ilex asprella	Ilex crenata	1.000	Order	Aquifoliales	Ericales	1.000	Plantae;Tracheophyta;NA;Aquifoliales;Aquifoliaceae;Ilex;Ilex asprella
n5402	5402	port_py3_epang_T16	1843d5a8-d171-4269-bab8-3b107f9fe3f7	rank differs	Species	__TAXCLUSTER6__Ilex lihuaiensis	Ilex crenata	1.000	Order	Aquifoliales	Ericales	1.000	Plantae;Tracheophyta;NA;Aquifoliales;Aquifoliaceae;Ilex;__TAXCLUSTER6__Ilex lihuaiensis
n5402	5402	port_py3_epang_T16	1ebef10b-e0c3-473f-b096-28593bacb8a0	rank differs	Species	Scorzonera humilis	NA	0.480	Genus	Scorzonera	Avellara	0.474	Plantae;Tracheophyta;NA;Asterales;Asteraceae;Scorzonera;Scorzonera humilis
n5402	5402	port_py3_epang_T16	1f5a8bd7-dfaf-435c-bf95-cf12f60d07c5	same rank, other proposal	Order	Asterales	Aquifoliales	0.993	Order	Asterales	Ericales	1.000	Plantae;Tracheophyta;NA;Asterales;Asteraceae;Scorzonera;Scorzonera mongolica
n5402	5402	port_py3_epang_T16	213df940-1c78-4d7b-b0e7-9f349fe330e7	rank differs	Species	Scorzonera hirsuta	Gelasia caespitosa	0.509	Genus	Gelasia	Scorzonera	1.000	Plantae;Tracheophyta;NA;Asterales;Asteraceae;Gelasia;Scorzonera hirsuta
n5402	5402	port_py3_epang_T16	21e7049f-da4a-4160-9460-94526c710175	rank differs	Phylum	Ascomycota	NA	0.979	Genus	NA	Aspergillus	1.000	Fungi;Ascomycota;NA;Eurotiales;Aspergillaceae;NA;NA
n5402	5402	port_py3_epang_T16	227576b0-4698-4add-9e64-c0916b04df57	rank differs	Species	Ilex pubilimba	Ilex crenata	1.000	Order	Aquifoliales	Ericales	1.000	Plantae;Tracheophyta;NA;Aquifoliales;Aquifoliaceae;Ilex;Ilex pubilimba
n5402	5402	port_py3_epang_T16	2570e0d5-a798-4f03-a215-866c1f10ff35	same rank, other proposal	Species	Primula scotica	Primula farinosa	0.712	Species	Primula scotica	NA	0.959	Plantae;Tracheophyta;NA;Ericales;Primulaceae;Primula;Primula scotica
n5402	5402	port_py3_epang_T16	273b6209-05d7-45f9-8c64-c0bec9d1e371	same rank, other proposal	Species	Scorzonera grossheimii	Scorzonera laciniata	0.501	Species	Scorzonera grossheimii	NA	0.550	Plantae;Tracheophyta;NA;Asterales;Asteraceae;Scorzonera;Scorzonera grossheimii
n5402	5402	port_py3_epang_T16	305639da-85cd-49ef-91d9-f4d119c01724	rank differs	Phylum	Ascomycota	NA	0.979	Family	NA	Aspergillaceae	1.000	Fungi;Ascomycota;NA;Eurotiales;NA;NA;NA
n5402	5402	port_py3_epang_T16	340ecea6-e835-4bdb-a975-2a1cf50d575b	same rank, other proposal	Species	NA	Primula kisoana	0.747	Species	NA	Primula saxatilis	0.499	Plantae;Tracheophyta;NA;Ericales;Primulaceae;Primula;NA
n5402	5402	port_py3_epang_T16	34565678-fd21-43bc-bdfd-81857813d66b	rank differs	Phylum	Ascomycota	NA	0.979	Family	NA	Aspergillaceae	1.000	Fungi;Ascomycota;NA;Eurotiales;NA;NA;NA
n5402	5402	port_py3_epang_T16	3664c370-2674-4557-8f11-f9dc7a68fef7	same rank, other proposal	Species	Bouteloua reflexa	Bouteloua warnockii	0.981	Species	Bouteloua reflexa	Bouteloua media	0.972	Plantae;Tracheophyta;NA;Poales;Poaceae;Bouteloua;Bouteloua reflexa
n5402	5402	port_py3_epang_T16	39d999e3-3059-4282-9311-cce17771d95e	same rank, other proposal	Species	Scorzonera hirsuta	Gelasia sandrasica	0.509	Species	Scorzonera hirsuta	Gelasia doriae	0.508	Plantae;Tracheophyta;NA;Asterales;Asteraceae;Gelasia;Scorzonera hirsuta
n5402	5402	port_py3_epang_T16	3f6abd7f-f0d5-443f-a389-a6eee27f6f9c	same rank, other proposal	Species	Primula kialensis	Primula auriculata	0.855	Species	Primula kialensis	NA	0.642	Plantae;Tracheophyta;NA;Ericales;Primulaceae;Primula;Primula kialensis
n5402	5402	port_py3_epang_T16	42a9c432-23cb-47a3-b43b-99f3dfa459d2	rank differs	Genus	Scorzonera	Gelasia	0.999	Species	Scorzonera pseudolanata	NA	0.515	Plantae;Tracheophyta;NA;Asterales;Asteraceae;Scorzonera;Scorzonera pseudolanata
n5402	5402	port_py3_epang_T16	43fe052b-33c4-438e-8b4b-ef63fd2f3580	rank differs	Species	__TAXCLUSTER1__Ilex sugerokii	Ilex crenata	1.000	Order	Aquifoliales	Ericales	1.000	Plantae;Tracheophyta;NA;Aquifoliales;Aquifoliaceae;Ilex;__TAXCLUSTER1__Ilex sugerokii
n5402	5402	port_py3_epang_T16	47c27189-c720-45d4-82ae-1156544c899c	same rank, other proposal	Order	Caryophyllales	Aquifoliales	1.000	Order	Caryophyllales	Ericales	1.000	Plantae;Tracheophyta;NA;Caryophyllales;Caryophyllaceae;Saponaria;Saponaria officinalis
n5402	5402	port_py3_epang_T16	48a13c9c-9be2-49d3-bfce-402636c5db17	same rank, other proposal	Species	NA	Ilex chapaensis	0.505	Species	NA	Ilex canariensis	1.000	Plantae;Tracheophyta;NA;Aquifoliales;Aquifoliaceae;Ilex;NA
n5402	5402	port_py3_epang_T16	4927ad31-95e2-47c5-acc2-e15d6dabac3d	same rank, other proposal	Species	Scorzonera cana	Scorzonera laciniata	0.501	Species	Scorzonera cana	NA	0.550	Plantae;Tracheophyta;NA;Asterales;Asteraceae;Scorzonera;Scorzonera cana
n5402	5402	port_py3_epang_T16	49b03b88-ea7d-4272-a021-e022a3956e26	same rank, other proposal	Species	Scorzonera meyeri	Scorzonera laciniata	0.505	Species	Scorzonera meyeri	NA	0.549	Plantae;Tracheophyta;NA;Asterales;Asteraceae;Scorzonera;Scorzonera meyeri
n5402	5402	port_py3_epang_T16	4d80381b-695e-4280-bc97-49c12f8a19b6	same rank, other proposal	Species	Ilex kunthiana	Ilex dumosa	0.741	Species	Ilex kunthiana	Ilex canariensis	1.000	Plantae;Tracheophyta;NA;Aquifoliales;Aquifoliaceae;Ilex;Ilex kunthiana
n5402	5402	port_py3_epang_T16	53584a46-159d-4857-86fb-41e26873c3bb	same rank, other proposal	Order	Asterales	Aquifoliales	1.000	Order	Asterales	Ericales	1.000	Plantae;Tracheophyta;NA;Asterales;Asteraceae;Koelpinia;Koelpinia linearis
n5402	5402	port_py3_epang_T16	560fd394-29fa-472d-9609-bb92d7f82113	same rank, other proposal	Species	Nymphaea caerulea	Nymphaea thermarum	0.499	Species	Nymphaea caerulea	NA	0.772	Plantae;Tracheophyta;NA;Nymphaeales;Nymphaeaceae;Nymphaea;Nymphaea caerulea
n5402	5402	port_py3_epang_T16	575cae70-a08a-4ff5-8aa5-48605c5605e6	same rank, other proposal	Genus	Scorzonera	Gelasia	0.417	Genus	Scorzonera	Takhtajaniantha	0.508	Plantae;Tracheophyta;NA;Asterales;Asteraceae;Scorzonera;Scorzonera pseudolanata
n5402	5402	port_py3_epang_T16	5c4c7b4d-3a48-41e6-aa23-16fd38952d2b	rank differs	Phylum	Ascomycota	NA	0.955	Family	Aspergillaceae	NA	0.970	Fungi;Ascomycota;NA;Eurotiales;Aspergillaceae;Aspergillus;NA
n5402	5402	port_py3_epang_T16	5eeac631-a697-4b10-915c-8942b9d0e229	rank differs	Order	Ericales	Aquifoliales	0.995	Family	Actinidiaceae	Primulaceae	1.000	Plantae;Tracheophyta;NA;Ericales;Actinidiaceae;Actinidia;Actinidia valvata
n5402	5402	port_py3_epang_T16	6072c3d3-27f2-4254-b369-2512e90d8d14	same rank, other proposal	Species	__TAXCLUSTER7__Scorzonera alpigena	Scorzonera laciniata	0.501	Species	__TAXCLUSTER7__Scorzonera alpigena	NA	0.550	Plantae;Tracheophyta;NA;Asterales;Asteraceae;Scorzonera;__TAXCLUSTER7__Scorzonera alpigena
n5402	5402	port_py3_epang_T16	637cc4d6-fd74-4920-ac5f-b8df30a53a36	rank differs	Phylum	Marchantiophyta	Tracheophyta	0.814	Kingdom	Plantae	Fungi	1.000	Plantae;Marchantiophyta;NA
n5402	5402	port_py3_epang_T16	6624c4e2-ddf6-463a-bb87-55ad83adf28f	rank differs	Phylum	Ascomycota	NA	0.979	Family	NA	Aspergillaceae	1.000	Fungi;Ascomycota;NA;Eurotiales;NA;NA;NA
n5402	5402	port_py3_epang_T16	69baaf6f-5d3e-4b03-af8e-1c931b920d5e	rank differs	Species	Ilex hirsuta	Ilex crenata	1.000	Order	Aquifoliales	Ericales	1.000	Plantae;Tracheophyta;NA;Aquifoliales;Aquifoliaceae;Ilex;Ilex hirsuta
n5402	5402	port_py3_epang_T16	77429ba3-a76a-41c4-9265-c1547151eb44	rank differs	Order	Ericales	Aquifoliales	0.640	Family	Actinidiaceae	Primulaceae	1.000	Plantae;Tracheophyta;NA;Ericales;Actinidiaceae;Actinidia;Actinidia hemsleyana
n5402	5402	port_py3_epang_T16	82161f98-69aa-4b58-a88a-bb51dc9d4839	rank differs	Phylum	Ascomycota	NA	0.979	Genus	NA	Aspergillus	1.000	Fungi;Ascomycota;NA;Eurotiales;Aspergillaceae;NA;NA
n5402	5402	port_py3_epang_T16	837dbf19-2f7f-4701-8404-f7a8f028d034	rank differs	Phylum	Ascomycota	NA	0.979	Genus	NA	Aspergillus	1.000	Fungi;Ascomycota;NA;Eurotiales;Aspergillaceae;NA;NA
n5402	5402	port_py3_epang_T16	8680bb75-da19-415f-a7b1-4efc1d967cfd	same rank, other proposal	Species	Primula nutans	Primula eximia	0.499	Species	Primula nutans	Cortusa matthioli	0.510	Plantae;Tracheophyta;NA;Ericales;Primulaceae;Primula;Primula nutans
n5402	5402	port_py3_epang_T16	87ff8bcc-1e93-4eda-8ed7-c4769d033b38	rank differs	Phylum	Ascomycota	NA	0.979	Family	NA	Aspergillaceae	1.000	Fungi;Ascomycota;NA;Eurotiales;NA;NA;NA
n5402	5402	port_py3_epang_T16	880bdd32-9d7b-4ab4-89db-8bbe9f1e43c2	same rank, other proposal	Genus	Takhtajaniantha	Gelasia	0.997	Genus	Takhtajaniantha	Scorzonera	0.968	Plantae;Tracheophyta;NA;Asterales;Asteraceae;Takhtajaniantha;Scorzonera latifolia
n5402	5402	port_py3_epang_T16	8c05a66f-5f15-4683-9bfc-dc04343e34c1	rank differs	Species	Ilex serrata	Ilex crenata	1.000	Order	Aquifoliales	Ericales	1.000	Plantae;Tracheophyta;NA;Aquifoliales;Aquifoliaceae;Ilex;Ilex serrata
n5402	5402	port_py3_epang_T16	8c5fca7c-cf67-439d-b0f3-805967bebfcf	rank differs	Order	Ericales	Aquifoliales	0.886	Family	Actinidiaceae	Primulaceae	1.000	Plantae;Tracheophyta;NA;Ericales;Actinidiaceae;Actinidia;Actinidia chrysantha
n5402	5402	port_py3_epang_T16	8cd0e442-47b3-49ee-bd90-4884f9affaba	same rank, other proposal	Species	NA	Nymphaea alba	0.751	Species	NA	Nymphaea candida	0.510	Plantae;Tracheophyta;NA;Nymphaeales;Nymphaeaceae;Nymphaea;NA
n5402	5402	port_py3_epang_T16	93f229cf-1874-48a6-b99f-15d7babd7526	rank differs	Genus	Scorzonera	Gelasia	0.988	Species	Scorzonera virgata	Scorzonera schweinfurthii	0.426	Plantae;Tracheophyta;NA;Asterales;Asteraceae;Scorzonera;Scorzonera virgata
n5402	5402	port_py3_epang_T16	93f887af-fd8f-4f96-968f-32cccdca8a3f	same rank, other proposal	Species	Ilex brevicuspis	Ilex integerrima	0.528	Species	Ilex brevicuspis	Ilex pseudobuxus	1.000	Plantae;Tracheophyta;NA;Aquifoliales;Aquifoliaceae;Ilex;Ilex brevicuspis
n5402	5402	port_py3_epang_T16	9a3f7c67-f7d6-400a-9d3d-91a27b0f34a3	same rank, other proposal	Species	Ilex micrococca	Ilex kwangtungensis	0.816	Species	Ilex micrococca	Ilex canariensis	1.000	Plantae;Tracheophyta;NA;Aquifoliales;Aquifoliaceae;Ilex;Ilex micrococca
n5402	5402	port_py3_epang_T16	9ab4c695-afe7-4ef5-bc35-b49f03885557	rank differs	Phylum	Ascomycota	NA	0.979	Genus	NA	Aspergillus	1.000	Fungi;Ascomycota;NA;Eurotiales;Aspergillaceae;NA;NA
n5402	5402	port_py3_epang_T16	9c27cf65-ba28-47ed-96b7-8f6f8d99ae71	rank differs	Species	Ilex serrata	Ilex crenata	1.000	Order	Aquifoliales	Ericales	1.000	Plantae;Tracheophyta;NA;Aquifoliales;Aquifoliaceae;Ilex;Ilex serrata
n5402	5402	port_py3_epang_T16	9f0fc14d-aa4e-42c3-99aa-8d3bce2a1f2e	rank differs	Phylum	Ascomycota	NA	0.979	Genus	NA	Aspergillus	1.000	Fungi;Ascomycota;NA;Eurotiales;Aspergillaceae;NA;NA
n5402	5402	port_py3_epang_T16	ad6947f1-91f4-4f8d-996d-efc91eff31fc	rank differs	Species	Ilex wuiana	Ilex crenata	1.000	Order	Aquifoliales	Ericales	1.000	Plantae;Tracheophyta;NA;Aquifoliales;Aquifoliaceae;Ilex;Ilex wuiana
n5402	5402	port_py3_epang_T16	af9c2d3b-b6b1-435a-ad27-032c32995a67	rank differs	Species	Ilex chingiana	Ilex crenata	1.000	Order	Aquifoliales	Ericales	1.000	Plantae;Tracheophyta;NA;Aquifoliales;Aquifoliaceae;Ilex;Ilex chingiana
n5402	5402	port_py3_epang_T16	b077ef98-702d-44fd-bf59-dce3a60feb28	same rank, other proposal	Species	Ilex rotunda	Ilex chapaensis	0.505	Species	Ilex rotunda	Ilex canariensis	1.000	Plantae;Tracheophyta;NA;Aquifoliales;Aquifoliaceae;Ilex;Ilex rotunda
n5402	5402	port_py3_epang_T16	b3618231-edc4-4300-a683-5a8bd1c90740	same rank, other proposal	Species	NA	Nymphaea alba	0.751	Species	NA	Nymphaea candida	0.510	Plantae;Tracheophyta;NA;Nymphaeales;Nymphaeaceae;Nymphaea;NA
n5402	5402	port_py3_epang_T16	b4701a75-4e2c-431d-b754-6b6f3ae316ac	same rank, other proposal	Species	Asterochloris irregularis	Asterochloris glomerata	0.433	Species	Asterochloris irregularis	NA	0.482	Plantae;Chlorophyta;NA;Microthamniales;NA;Asterochloris;Asterochloris irregularis
n5402	5402	port_py3_epang_T16	b5563c97-428d-4eda-a643-59ff263f09ef	rank differs	Order	Ericales	Aquifoliales	0.995	Family	Actinidiaceae	Primulaceae	1.000	Plantae;Tracheophyta;NA;Ericales;Actinidiaceae;Actinidia;Actinidia macrosperma
n5402	5402	port_py3_epang_T16	b570e38a-d475-4089-b7d3-522005613173	rank differs	Species	Ilex opaca	Ilex crenata	1.000	Order	Aquifoliales	Ericales	1.000	Plantae;Tracheophyta;NA;Aquifoliales;Aquifoliaceae;Ilex;Ilex opaca
n5402	5402	port_py3_epang_T16	b6d8728e-79f1-4161-a00d-e44d0d55b6f9	same rank, other proposal	Species	Scorzonera laciniata	NA	0.731	Species	Scorzonera laciniata	Scorzonera cana	1.000	Plantae;Tracheophyta;NA;Asterales;Asteraceae;Scorzonera;Scorzonera laciniata
n5402	5402	port_py3_epang_T16	bde14395-f274-48a3-bc79-04715c5e53a4	rank differs	Phylum	Ascomycota	NA	0.955	Family	Aspergillaceae	NA	0.970	Fungi;Ascomycota;NA;Eurotiales;Aspergillaceae;Aspergillus;NA
n5402	5402	port_py3_epang_T16	c53a3dc1-f43c-4d83-8903-b38499f3e58b	same rank, other proposal	Species	Primula stricta	Primula farinosa	0.845	Species	Primula stricta	NA	0.862	Plantae;Tracheophyta;NA;Ericales;Primulaceae;Primula;Primula stricta
n5402	5402	port_py3_epang_T16	cd4e2083-973a-4df4-a7d0-ee6cda500a7e	rank differs	Species	Ilex corallina	Ilex crenata	1.000	Order	Aquifoliales	Ericales	1.000	Plantae;Tracheophyta;NA;Aquifoliales;Aquifoliaceae;Ilex;Ilex corallina
n5402	5402	port_py3_epang_T16	d5331c5d-abaa-44fe-b433-8bd111bd6103	rank differs	Phylum	Ascomycota	NA	0.979	Family	NA	Aspergillaceae	1.000	Fungi;Ascomycota;NA;Eurotiales;NA;NA;NA
n5402	5402	port_py3_epang_T16	d6853e3d-024f-428a-b996-63416a4745a0	same rank, other proposal	Species	Nymphaea micrantha	Nymphaea thermarum	0.499	Species	Nymphaea micrantha	NA	0.772	Plantae;Tracheophyta;NA;Nymphaeales;Nymphaeaceae;Nymphaea;Nymphaea micrantha
n5402	5402	port_py3_epang_T16	d70864c5-a547-42b6-924d-f0c3ea568f80	rank differs	Phylum	Ascomycota	NA	0.979	Family	NA	Aspergillaceae	1.000	Fungi;Ascomycota;NA;Eurotiales;NA;NA;NA
n5402	5402	port_py3_epang_T16	d752c6a7-ab58-446f-b557-83e0b9eee760	rank differs	Species	Ilex cornuta	Ilex crenata	1.000	Order	Aquifoliales	Ericales	1.000	Plantae;Tracheophyta;NA;Aquifoliales;Aquifoliaceae;Ilex;Ilex cornuta
n5402	5402	port_py3_epang_T16	e0232502-b64b-400a-b811-195e793921e8	rank differs	Order	Ericales	Aquifoliales	0.997	Family	Actinidiaceae	Primulaceae	1.000	Plantae;Tracheophyta;NA;Ericales;Actinidiaceae;Actinidia;Actinidia callosa
n5402	5402	port_py3_epang_T16	ece734cb-2da2-4219-b034-e2ab73f6e576	rank differs	Phylum	Ascomycota	NA	0.979	Genus	NA	Aspergillus	1.000	Fungi;Ascomycota;NA;Eurotiales;Aspergillaceae;NA;NA
n5402	5402	port_py3_epang_T16	ee5718a9-cb16-4a89-9049-6c966052724e	same rank, other proposal	Species	Ilex theezans	Ilex brasiliensis	0.956	Species	Ilex theezans	Ilex taubertiana	0.510	Plantae;Tracheophyta;NA;Aquifoliales;Aquifoliaceae;Ilex;Ilex theezans
n5402	5402	port_py3_epang_T16	f3f227ed-3771-471b-954a-acc803114547	same rank, other proposal	Species	Primula handeliana	Primula longipes	0.977	Species	Primula handeliana	Primula dongchuanensis	0.998	Plantae;Tracheophyta;NA;Ericales;Primulaceae;Primula;Primula handeliana
n5402	5402	port_py3_epang_T16	f40f2308-6c0a-49cc-ae56-22a3fcff4a31	rank differs	Phylum	Ascomycota	NA	0.979	Genus	NA	Aspergillus	1.000	Fungi;Ascomycota;NA;Eurotiales;Aspergillaceae;NA;NA
n5402	5402	port_py3_epang_T16	f56e8933-d80f-47a1-ac4b-a2f99f04421c	same rank, other proposal	Species	Scorzonera cana	Scorzonera laciniata	0.505	Species	Scorzonera cana	NA	0.591	Plantae;Tracheophyta;NA;Asterales;Asteraceae;Scorzonera;Scorzonera cana
n5402	5402	port_py3_epang_T16	f7b3c537-4569-4dd7-aa46-bf88b8da640f	rank differs	Species	Ilex formosana	Ilex crenata	1.000	Order	Aquifoliales	Ericales	1.000	Plantae;Tracheophyta;NA;Aquifoliales;Aquifoliaceae;Ilex;Ilex formosana
n5402	5402	port_py3_epang_T16	00ae642b-996d-4801-bb89-c60dad5ab8f8	flagged by reference only	Species	Primula elatior	Primula vulgaris	0.932					Plantae;Tracheophyta;NA;Ericales;Primulaceae;Primula;Primula elatior
n5402	5402	port_py3_epang_T16	03dcd463-dc0a-442f-b02b-3b118fcc9f89	flagged by reference only	Phylum	Ascomycota	NA	0.957					Fungi;Ascomycota;NA;Eurotiales;Aspergillaceae;Aspergillus;NA
n5402	5402	port_py3_epang_T16	04e0400c-1490-4903-9170-5ba14564f7dd	flagged by reference only	Species	Actinidia eriantha	NA	0.600					Plantae;Tracheophyta;NA;Ericales;Actinidiaceae;Actinidia;Actinidia eriantha
n5402	5402	port_py3_epang_T16	05791ae8-96c4-4ca4-862f-42c63d15dba5	flagged by reference only	Species	Bouteloua media	Bouteloua warnockii	0.981					Plantae;Tracheophyta;NA;Poales;Poaceae;Bouteloua;Bouteloua media
n5402	5402	port_py3_epang_T16	071049b9-39fd-4ac9-8713-e574cae880cc	flagged by reference only	Species	NA	Ilex dumosa	0.893					Plantae;Tracheophyta;NA;Aquifoliales;Aquifoliaceae;Ilex;NA
n5402	5402	port_py3_epang_T16	076e5bc3-e127-40cd-a368-db48acd30a11	flagged by reference only	Phylum	Ascomycota	NA	0.990					Fungi;Ascomycota;NA;Eurotiales;Aspergillaceae;Aspergillus;NA
n5402	5402	port_py3_epang_T16	07cc3234-f742-4db1-9602-5aac4c2e1bb6	flagged by reference only	Phylum	Ascomycota	NA	0.979					Fungi;Ascomycota;NA;Eurotiales;Aspergillaceae;Aspergillus;NA
n5402	5402	port_py3_epang_T16	0c1db646-f2ad-4dad-99a8-0a9e175bd235	flagged by reference only	Species	NA	Primula veris	0.979					Plantae;Tracheophyta;NA;Ericales;Primulaceae;Primula;NA
n5402	5402	port_py3_epang_T16	0fdf9944-6815-4705-b17e-f89ce31ad9dc	flagged by reference only	Phylum	Ascomycota	NA	0.979					Fungi;Ascomycota;NA;Eurotiales;Aspergillaceae;Aspergillus;NA
n5402	5402	port_py3_epang_T16	0ff9deda-1c0e-4bc0-bbdc-47daf655941a	flagged by reference only	Phylum	Ascomycota	NA	0.979					Fungi;Ascomycota;NA;Eurotiales;Aspergillaceae;Aspergillus;NA
n5402	5402	port_py3_epang_T16	11e94f0c-7474-4915-9292-eb3f363dbf47	flagged by reference only	Species	Ilex tsoi	Ilex macropoda	0.444					Plantae;Tracheophyta;NA;Aquifoliales;Aquifoliaceae;Ilex;Ilex tsoi
n5402	5402	port_py3_epang_T16	1397aac3-68bb-4c5b-97c4-1719b63228f4	flagged by reference only	Phylum	Ascomycota	NA	0.959					Fungi;Ascomycota;NA;Eurotiales;Aspergillaceae;Aspergillus;NA
n5402	5402	port_py3_epang_T16	14644f0d-0820-4736-a717-f9f0971b1550	flagged by reference only	Species	NA	Ilex latifolia	0.712					Plantae;Tracheophyta;NA;Aquifoliales;Aquifoliaceae;Ilex;NA
n5402	5402	port_py3_epang_T16	14a10e20-4326-4802-b01f-8f21af77d080	flagged by reference only	Superfamily	Primula malvacea	NA	0.421					Plantae;Tracheophyta;NA;Ericales;Primulaceae;Primula;Primula malvacea
n5402	5402	port_py3_epang_T16	14da7cc7-2cc6-4a54-ba9a-da5f612eb809	flagged by reference only	Phylum	Ascomycota	NA	0.957					Fungi;Ascomycota;NA;Eurotiales;Aspergillaceae;Aspergillus;NA
n5402	5402	port_py3_epang_T16	15fe320a-bd05-43c5-9350-d2f7d015b976	flagged by reference only	Species	Scorzonera meshhedensis	NA	0.650					Plantae;Tracheophyta;NA;Asterales;Asteraceae;Scorzonera;Scorzonera meshhedensis
n5402	5402	port_py3_epang_T16	16abc43e-c596-428d-902e-68dbebad42fe	flagged by reference only	Order	Eurotiales	Caliciales	0.482					Fungi;Ascomycota;NA;Eurotiales;Aspergillaceae;Aspergillus;NA
n5402	5402	port_py3_epang_T16	1a36c39a-4914-4d75-a7b3-380c13e5d468	flagged by reference only	Phylum	Ascomycota	NA	0.979					Fungi;Ascomycota;NA;Eurotiales;Aspergillaceae;Aspergillus;NA
n5402	5402	port_py3_epang_T16	1aaace59-026a-4b50-9666-12fe244cd256	flagged by reference only	Species	Scorzonera cana	Scorzonera laciniata	0.505					Plantae;Tracheophyta;NA;Asterales;Asteraceae;Scorzonera;Scorzonera cana
n5402	5402	port_py3_epang_T16	1ac1131b-fc44-4a7f-b4c9-39aef53aacd6	flagged by reference only	Phylum	Ascomycota	NA	0.979					Fungi;Ascomycota;NA;Eurotiales;Aspergillaceae;Aspergillus;NA
n5402	5402	port_py3_epang_T16	1b439a0b-ec06-491e-bbea-3c918fa05089	flagged by reference only	Phylum	Ascomycota	NA	0.946					Fungi;Ascomycota;NA;Eurotiales;Aspergillaceae;Aspergillus;NA
n5402	5402	port_py3_epang_T16	1b5f2ed7-24db-4c38-a313-02f216154b3d	flagged by reference only	Phylum	Ascomycota	NA	0.979					Fungi;Ascomycota;NA;Eurotiales;Aspergillaceae;Aspergillus;NA
n5402	5402	port_py3_epang_T16	1ce6e2e4-35e9-437d-8f63-2e53e508cb1c	flagged by reference only	Species	Nymphaea odorata	Nymphaea mexicana	0.510					Plantae;Tracheophyta;NA;Nymphaeales;Nymphaeaceae;Nymphaea;Nymphaea odorata
n5402	5402	port_py3_epang_T16	1f07f72d-8296-485a-9c1b-df0e328b1968	flagged by reference only	Species	Ilex crenata	Ilex venusta	0.755					Plantae;Tracheophyta;NA;Aquifoliales;Aquifoliaceae;Ilex;Ilex crenata
n5402	5402	port_py3_epang_T16	220c0935-d999-4046-beb0-5c85b36955c9	flagged by reference only	Species	Ilex kunthiana	Ilex dumosa	0.741					Plantae;Tracheophyta;NA;Aquifoliales;Aquifoliaceae;Ilex;Ilex kunthiana
n5402	5402	port_py3_epang_T16	23d0cbcd-95ec-4424-887b-a8de64e50d49	flagged by reference only	Species	Primula elatior	Primula vulgaris	0.822					Plantae;Tracheophyta;NA;Ericales;Primulaceae;Primula;Primula elatior
n5402	5402	port_py3_epang_T16	26a97b41-adb7-419e-b846-9fc2766b44a6	flagged by reference only	Phylum	Ascomycota	NA	0.979					Fungi;Ascomycota;NA;Eurotiales;Aspergillaceae;Aspergillus;NA
n5402	5402	port_py3_epang_T16	2cefc528-3e88-4f9c-99cd-de22c20a2745	flagged by reference only	Species	NA	Primula auriculata	0.834					Plantae;Tracheophyta;NA;Ericales;Primulaceae;Primula;NA
n5402	5402	port_py3_epang_T16	2d26f9a8-cd5c-406a-9f83-a5230dbc9b24	flagged by reference only	Species	Bipolaris bicolor	NA	0.907					Fungi;Ascomycota;NA;Pleosporales;Pleosporaceae;Bipolaris;Bipolaris bicolor
n5402	5402	port_py3_epang_T16	3094c049-8a9f-48f0-a1e3-5187aac72b2b	flagged by reference only	Phylum	Ascomycota	NA	0.961					Fungi;Ascomycota;NA;Eurotiales;Aspergillaceae;Aspergillus;NA
n5402	5402	port_py3_epang_T16	32566fde-00ff-4522-b9f2-d20abdfabb4a	flagged by reference only	Species	NA	Scorzonera laciniata	0.501					Plantae;Tracheophyta;NA;Asterales;Asteraceae;Scorzonera;NA
n5402	5402	port_py3_epang_T16	328ba0a4-5b74-48b5-8dd9-fc49e27c76df	flagged by reference only	Species	Primula reinii	Primula jesoana	0.848					Plantae;Tracheophyta;NA;Ericales;Primulaceae;Primula;Primula reinii
n5402	5402	port_py3_epang_T16	334f9b2a-c11d-4004-8187-c57495f32044	flagged by reference only	Species	Primula nivalis	Primula longipes	0.901					Plantae;Tracheophyta;NA;Ericales;Primulaceae;Primula;Primula nivalis
n5402	5402	port_py3_epang_T16	33c1c868-a488-4696-b41c-d711dff0b706	flagged by reference only	Phylum	Ascomycota	NA	0.979					Fungi;Ascomycota;NA;Eurotiales;Aspergillaceae;Aspergillus;NA
n5402	5402	port_py3_epang_T16	34ca8033-eabf-4e9e-85e3-1337b6a7131b	flagged by reference only	Species	Primula elatior	Primula veris	0.979					Plantae;Tracheophyta;NA;Ericales;Primulaceae;Primula;Primula elatior
n5402	5402	port_py3_epang_T16	3714416d-0f4c-4611-a62b-2c9cbe09d0f8	flagged by reference only	Species	NA	Ilex chinensis	0.964					Plantae;Tracheophyta;NA;Aquifoliales;Aquifoliaceae;Ilex;NA
n5402	5402	port_py3_epang_T16	3a9bea8c-2003-4a51-bc5b-f3bd71a29006	flagged by reference only	Species	NA	Primula vulgaris	0.940					Plantae;Tracheophyta;NA;Ericales;Primulaceae;Primula;NA
n5402	5402	port_py3_epang_T16	3bc2fd39-492c-45fb-90ca-2123e59b6a6b	flagged by reference only	Phylum	Ascomycota	NA	0.979					Fungi;Ascomycota;NA;Eurotiales;Aspergillaceae;Aspergillus;NA
n5402	5402	port_py3_epang_T16	3c6b4584-945c-43eb-b023-47dc571558c7	flagged by reference only	Species	Asterochloris irregularis	Asterochloris glomerata	0.433					Plantae;Chlorophyta;NA;Microthamniales;NA;Asterochloris;Asterochloris irregularis
n5402	5402	port_py3_epang_T16	3e2926e5-ee59-43eb-917e-28902cce4097	flagged by reference only	Species	Bipolaris sorokiniana	NA	0.999					Fungi;Ascomycota;NA;Pleosporales;Pleosporaceae;Bipolaris;Bipolaris sorokiniana
n5402	5402	port_py3_epang_T16	3fc66a6e-8cb6-4775-bba6-34a263c36c8a	flagged by reference only	Species	Scorzonera cana	Scorzonera laciniata	0.477					Plantae;Tracheophyta;NA;Asterales;Asteraceae;Scorzonera;Scorzonera cana
n5402	5402	port_py3_epang_T16	40e6c789-8b27-49b5-b2d3-f116be0b9f6d	flagged by reference only	Phylum	Ascomycota	NA	0.979					Fungi;Ascomycota;NA;Eurotiales;Aspergillaceae;Aspergillus;NA
n5402	5402	port_py3_epang_T16	43d1f2da-cd5a-4920-b63c-9cad47de73d6	flagged by reference only	Species	Scorzonera rupicola	NA	0.502					Plantae;Tracheophyta;NA;Asterales;Asteraceae;Scorzonera;Scorzonera rupicola
n5402	5402	port_py3_epang_T16	452f6a8a-c1a5-4fa6-883a-54b6d712f01b	flagged by reference only	Species	Primula poissonii	__TAXCLUSTER16__Primula miyabeana	0.899					Plantae;Tracheophyta;NA;Ericales;Primulaceae;Primula;Primula poissonii
n5402	5402	port_py3_epang_T16	467f2e49-f2a1-4fbe-b785-b7f446063d23	flagged by reference only	Phylum	Ascomycota	NA	0.979					Fungi;Ascomycota;NA;Eurotiales;Aspergillaceae;Aspergillus;NA
n5402	5402	port_py3_epang_T16	46d3f9b1-961a-41e2-983c-769a9c14c552	flagged by reference only	Species	Bouteloua media	Bouteloua warnockii	0.981					Plantae;Tracheophyta;NA;Poales;Poaceae;Bouteloua;Bouteloua media
n5402	5402	port_py3_epang_T16	4799bbd3-6f74-478a-a51c-f7212f1b61a9	flagged by reference only	Species	Primula matthioli	Cortusa matthioli	1.000					Plantae;Tracheophyta;NA;Ericales;Primulaceae;Primula;Primula matthioli
n5402	5402	port_py3_epang_T16	49efd852-fc8c-47f1-b315-403a54e85348	flagged by reference only	Phylum	Basidiomycota	NA	1.000					Fungi;Basidiomycota;NA;Cantharellales;Tulasnellaceae;NA;NA
n5402	5402	port_py3_epang_T16	4b70afd0-e960-4fcd-bdc0-9e4bb7a5cd99	flagged by reference only	Phylum	Ascomycota	NA	0.979					Fungi;Ascomycota;NA;Eurotiales;Aspergillaceae;Aspergillus;NA
n5402	5402	port_py3_epang_T16	4f5a77c5-9ee4-46d5-b095-8a1600ddb6ef	flagged by reference only	Phylum	Ascomycota	NA	0.979					Fungi;Ascomycota;NA;Eurotiales;Aspergillaceae;Aspergillus;NA
n5402	5402	port_py3_epang_T16	4fd4c436-cbab-44bf-956f-f676fcb68535	flagged by reference only	Phylum	Ascomycota	NA	0.979					Fungi;Ascomycota;NA;Eurotiales;Aspergillaceae;Aspergillus;NA
n5402	5402	port_py3_epang_T16	4fdc2d5c-fe5d-4273-908e-6785b6f69cb7	flagged by reference only	Phylum	Ascomycota	NA	0.955					Fungi;Ascomycota;NA;Eurotiales;NA;NA;NA
n5402	5402	port_py3_epang_T16	51702362-1a19-42f3-8fd4-f5abcbbe0310	flagged by reference only	Genus	Scorzonera	Gelasia	0.999					Plantae;Tracheophyta;NA;Asterales;Asteraceae;Scorzonera;NA
n5402	5402	port_py3_epang_T16	5193a508-56a2-4b50-9133-81a981faa97c	flagged by reference only	Species	Actinidia chrysantha	NA	0.460					Plantae;Tracheophyta;NA;Ericales;Actinidiaceae;Actinidia;Actinidia chrysantha
n5402	5402	port_py3_epang_T16	52859559-d389-4c1d-9655-ef166021c9e9	flagged by reference only	Species	NA	Actinidia fulvicoma	0.842					Plantae;Tracheophyta;NA;Ericales;Actinidiaceae;Actinidia;NA
n5402	5402	port_py3_epang_T16	52a54f3b-b2c6-418c-ab0b-09ad1ce64f4f	flagged by reference only	Species	Primula matthioli	Cortusa matthioli	0.999					Plantae;Tracheophyta;NA;Ericales;Primulaceae;Primula;Primula matthioli
n5402	5402	port_py3_epang_T16	53123e18-fd59-4734-9557-fe6d7bf65cff	flagged by reference only	Phylum	Ascomycota	NA	0.979					Fungi;Ascomycota;NA;Eurotiales;Aspergillaceae;Aspergillus;NA
n5402	5402	port_py3_epang_T16	53c36fcc-620d-4a64-977a-e634ec058619	flagged by reference only	Species	Primula dongchuanensis	__TAXCLUSTER10__Primula helodoxa	0.542					Plantae;Tracheophyta;NA;Ericales;Primulaceae;Primula;Primula dongchuanensis
n5402	5402	port_py3_epang_T16	543c8f55-7170-48c2-beee-ea019268da8f	flagged by reference only	Phylum	Ascomycota	NA	0.979					Fungi;Ascomycota;NA;Eurotiales;Aspergillaceae;Aspergillus;NA
n5402	5402	port_py3_epang_T16	55d2e1c1-4323-46f9-8466-f5c06b3de798	flagged by reference only	Species	NA	Asterochloris glomerata	0.433					Plantae;Chlorophyta;NA;Microthamniales;NA;Asterochloris;NA
n5402	5402	port_py3_epang_T16	5695f4e5-3431-47d7-bc75-86221ca53c5d	flagged by reference only	Species	Primula matthioli	Cortusa matthioli	1.000					Plantae;Tracheophyta;NA;Ericales;Primulaceae;Primula;Primula matthioli
n5402	5402	port_py3_epang_T16	570b40f4-c264-4c5f-ab6e-fb17a951573c	flagged by reference only	Species	Actinidia fulvicoma	NA	0.461					Plantae;Tracheophyta;NA;Ericales;Actinidiaceae;Actinidia;Actinidia fulvicoma
n5402	5402	port_py3_epang_T16	5760c42e-ab35-48e7-b496-df3af57d3f42	flagged by reference only	Species	Ilex paraguariensis	__TAXCLUSTER5__Ilex nitida	0.885					Plantae;Tracheophyta;NA;Aquifoliales;Aquifoliaceae;Ilex;Ilex paraguariensis
n5402	5402	port_py3_epang_T16	5b1865a8-3cb9-4d4f-9289-611ed0fc6c7a	flagged by reference only	Phylum	Ascomycota	NA	0.979					Fungi;Ascomycota;NA;Eurotiales;Aspergillaceae;Aspergillus;NA
n5402	5402	port_py3_epang_T16	5fced340-2b94-47b4-b9fd-8a490474abb6	flagged by reference only	Species	Primula handeliana	Primula longipes	0.901					Plantae;Tracheophyta;NA;Ericales;Primulaceae;Primula;Primula handeliana
n5402	5402	port_py3_epang_T16	5ff66743-ac50-4d3e-af55-82adaaf6efdc	flagged by reference only	Phylum	Ascomycota	NA	0.979					Fungi;Ascomycota;NA;Eurotiales;Aspergillaceae;Aspergillus;NA
n5402	5402	port_py3_epang_T16	607930de-d2db-465a-81ac-2cae77b6e726	flagged by reference only	Phylum	Ascomycota	NA	0.979					Fungi;Ascomycota;NA;Eurotiales;Aspergillaceae;Aspergillus;NA
n5402	5402	port_py3_epang_T16	61c76c58-d7ab-426a-b052-a8577bdce8c0	flagged by reference only	Phylum	Ascomycota	NA	0.979					Fungi;Ascomycota;NA;Eurotiales;Aspergillaceae;Aspergillus;NA
n5402	5402	port_py3_epang_T16	620af553-a237-48d9-b2c9-a71465b18490	flagged by reference only	Genus	Eudorina	Pandorina	1.000					Plantae;Chlorophyta;NA;Chlamydomonadales;Volvocaceae;Eudorina;Eudorina elegans
n5402	5402	port_py3_epang_T16	6395c587-d1fa-4afd-927a-b8028547a117	flagged by reference only	Species	Scorzonera meshhedensis	NA	0.736					Plantae;Tracheophyta;NA;Asterales;Asteraceae;Scorzonera;Scorzonera meshhedensis
n5402	5402	port_py3_epang_T16	63d38c90-3385-454d-93d0-7cd78628c5c1	flagged by reference only	Species	Primula handeliana	Primula longipes	0.901					Plantae;Tracheophyta;NA;Ericales;Primulaceae;Primula;Primula handeliana
n5402	5402	port_py3_epang_T16	6595f094-7a95-4453-8e5a-8327d805f98f	flagged by reference only	Species	NA	Asterochloris glomerata	0.433					Plantae;Chlorophyta;NA;Microthamniales;NA;Asterochloris;NA
n5402	5402	port_py3_epang_T16	65e383cb-8ff3-4b15-934b-a35dc2d6e1dc	flagged by reference only	Phylum	Ascomycota	NA	0.990					Fungi;Ascomycota;NA;Eurotiales;Aspergillaceae;Aspergillus;NA
n5402	5402	port_py3_epang_T16	6790a1d9-1b8a-4158-aa57-667b6b58e359	flagged by reference only	Genus	Pseudopodospermum	Scorzonera	0.999					Plantae;Tracheophyta;NA;Asterales;Asteraceae;Pseudopodospermum
n5402	5402	port_py3_epang_T16	68cc08eb-c3cc-43d6-8e36-c77f8041de97	flagged by reference only	Phylum	Ascomycota	NA	0.979					Fungi;Ascomycota;NA;Eurotiales;Aspergillaceae;Aspergillus;NA
n5402	5402	port_py3_epang_T16	694550dc-2464-41d7-8575-b61eb76fb4eb	flagged by reference only	Phylum	Ascomycota	NA	0.979					Fungi;Ascomycota;NA;Eurotiales;Aspergillaceae;Aspergillus;NA
n5402	5402	port_py3_epang_T16	6d801571-9def-47be-9b28-5c7c38b1bc5a	flagged by reference only	Species	NA	Scorzonera laciniata	0.459					Plantae;Tracheophyta;NA;Asterales;Asteraceae;Scorzonera;NA
n5402	5402	port_py3_epang_T16	6d85c0f1-cad0-4143-9d5b-168ffadf4b41	flagged by reference only	Species	Primula blinii	Primula souliei	0.510					Plantae;Tracheophyta;NA;Ericales;Primulaceae;Primula;Primula blinii
n5402	5402	port_py3_epang_T16	701c0311-13ac-443a-8adf-22afa199dda1	flagged by reference only	Species	Gelasia litwinowii	Gelasia aucheriana	0.510					Plantae;Tracheophyta;NA;Asterales;Asteraceae;Gelasia;Gelasia litwinowii
n5402	5402	port_py3_epang_T16	73be8c2d-8d1b-489f-90fe-b08d2d038d09	flagged by reference only	Species	Primula auricula	Primula marginata	0.433					Plantae;Tracheophyta;NA;Ericales;Primulaceae;Primula;Primula auricula
n5402	5402	port_py3_epang_T16	7455c5d8-b492-4954-aa54-f44c8de017cb	flagged by reference only	Species	Ilex ferruginea	Ilex dasyphylla	0.828					Plantae;Tracheophyta;NA;Aquifoliales;Aquifoliaceae;Ilex;Ilex ferruginea
n5402	5402	port_py3_epang_T16	78bc7019-e5e3-42ea-900d-34afdf5c61e8	flagged by reference only	Species	NA	Primula farinosa	0.845					Plantae;Tracheophyta;NA;Ericales;Primulaceae;Primula;NA
n5402	5402	port_py3_epang_T16	7a6af31f-b747-4847-94e7-918fcdcd3620	flagged by reference only	Species	NA	Asterochloris glomerata	0.433					Plantae;Chlorophyta;NA;Microthamniales;NA;Asterochloris;NA
n5402	5402	port_py3_epang_T16	7be002a3-b399-457d-87b3-5ae73374ad31	flagged by reference only	Species	NA	Actinidia fulvicoma	0.753					Plantae;Tracheophyta;NA;Ericales;Actinidiaceae;Actinidia;NA
n5402	5402	port_py3_epang_T16	7dacca45-4667-4ce5-83af-af818e59bc2f	flagged by reference only	Phylum	Ascomycota	NA	0.979					Fungi;Ascomycota;NA;Eurotiales;Aspergillaceae;Aspergillus;NA
n5402	5402	port_py3_epang_T16	7db63b58-98f2-4df8-bddd-941b96ec63c7	flagged by reference only	Phylum	Ascomycota	NA	0.979					Fungi;Ascomycota;NA;Eurotiales;Aspergillaceae;Aspergillus;NA
n5402	5402	port_py3_epang_T16	7db8eea4-eb27-413e-b113-1ab22d18a77c	flagged by reference only	Species	Scorzonera songorica	NA	0.736					Plantae;Tracheophyta;NA;Asterales;Asteraceae;Scorzonera;Scorzonera songorica
n5402	5402	port_py3_epang_T16	7e0cc1a4-3887-4b7c-869b-44f4dd00c766	flagged by reference only	Phylum	Ascomycota	NA	0.979					Fungi;Ascomycota;NA;Eurotiales;Aspergillaceae;Aspergillus;NA
n5402	5402	port_py3_epang_T16	804e6407-347e-4be1-9ed4-e7796c0546c0	flagged by reference only	Species	Actinidia pilosula	NA	0.462					Plantae;Tracheophyta;NA;Ericales;Actinidiaceae;Actinidia;Actinidia pilosula
n5402	5402	port_py3_epang_T16	83b8a334-0438-4b61-a26e-25c9997e2fbe	flagged by reference only	Species	Asterochloris mediterranea	NA	0.734					Plantae;Chlorophyta;NA;Microthamniales;NA;Asterochloris;Asterochloris mediterranea
n5402	5402	port_py3_epang_T16	85019380-437b-475b-a8f1-3ce86f19e2cb	flagged by reference only	Phylum	Ascomycota	NA	0.955					Fungi;Ascomycota;NA;Eurotiales;NA;NA;NA
n5402	5402	port_py3_epang_T16	8a957ac5-7f8d-4d51-bc81-8383ebe8338d	flagged by reference only	Species	NA	Asterochloris irregularis	0.719					Plantae;Chlorophyta;NA;Microthamniales;NA;Asterochloris;NA
n5402	5402	port_py3_epang_T16	8aabd75f-2508-4069-be47-dc664595c211	flagged by reference only	Phylum	Ascomycota	NA	0.955					Fungi;Ascomycota;NA;Eurotiales;NA;NA;NA
n5402	5402	port_py3_epang_T16	9170f2a3-a8f4-41f9-8aa2-3bf0b183bf54	flagged by reference only	Phylum	Ascomycota	NA	0.955					Fungi;Ascomycota;NA;Eurotiales;NA;NA;NA
n5402	5402	port_py3_epang_T16	92073f88-172b-4d9b-898e-a3d71e7ce4b1	flagged by reference only	Species	__TAXCLUSTER17__Primula szechuanica	Primula longipes	0.901					Plantae;Tracheophyta;NA;Ericales;Primulaceae;Primula;__TAXCLUSTER17__Primula szechuanica
n5402	5402	port_py3_epang_T16	94ab3c51-9283-4363-b390-f6f0ca9f7170	flagged by reference only	Phylum	Ascomycota	NA	0.955					Fungi;Ascomycota;NA;Eurotiales;NA;NA;NA
n5402	5402	port_py3_epang_T16	963c8d04-1c92-45b6-ab9f-06420a402b4b	flagged by reference only	Phylum	Ascomycota	NA	0.979					Fungi;Ascomycota;NA;Eurotiales;Aspergillaceae;Aspergillus;NA
n5402	5402	port_py3_epang_T16	9647f17f-d5d9-4085-9293-e57d4c0269d8	flagged by reference only	Phylum	Ascomycota	NA	0.979					Fungi;Ascomycota;NA;Eurotiales;Aspergillaceae;Aspergillus;NA
n5402	5402	port_py3_epang_T16	96801a73-5ffb-4af0-9a01-5607726ebecf	flagged by reference only	Species	Podospermum roseum	Scorzonera purpurea	0.999					Plantae;Tracheophyta;NA;Asterales;Asteraceae;Scorzonera;Podospermum roseum
n5402	5402	port_py3_epang_T16	97311ffc-d825-4d81-96cb-deaa05ae4508	flagged by reference only	Infraorder	Alternaria	Bipolaris	0.987					Fungi;Ascomycota;NA;Pleosporales;Pleosporaceae;Alternaria;NA
n5402	5402	port_py3_epang_T16	9b99a095-c874-4640-b417-89177fac1f99	flagged by reference only	Species	NA	Primula longipes	0.901					Plantae;Tracheophyta;NA;Ericales;Primulaceae;Primula;NA
n5402	5402	port_py3_epang_T16	9c8a9863-6909-4d38-a68a-50c8fe342051	flagged by reference only	Phylum	Ascomycota	NA	0.916					Fungi;Ascomycota;NA;Eurotiales;Aspergillaceae;Aspergillus;NA
n5402	5402	port_py3_epang_T16	a006ece1-ca2b-48d5-ad77-5db17d9a1c3b	flagged by reference only	Species	Primula elatior	Primula veris	0.979					Plantae;Tracheophyta;NA;Ericales;Primulaceae;Primula;Primula elatior
n5402	5402	port_py3_epang_T16	a60576b4-b844-4438-adba-1d63e0b39a85	flagged by reference only	Species	Primula juliae	Primula vulgaris	0.936					Plantae;Tracheophyta;NA;Ericales;Primulaceae;Primula;Primula juliae
n5402	5402	port_py3_epang_T16	a9881588-6d66-42db-a063-d6b62b57a492	flagged by reference only	Genus	Takhtajaniantha	Gelasia	1.000					Plantae;Tracheophyta;NA;Asterales;Asteraceae;Takhtajaniantha;Scorzonera latifolia
n5402	5402	port_py3_epang_T16	a9f98a0a-f713-4d64-8e3b-284123878207	flagged by reference only	Species	NA	Asterochloris irregularis	0.419					Plantae;Chlorophyta;NA;Microthamniales;NA;Asterochloris;NA
n5402	5402	port_py3_epang_T16	acd5be05-1a67-4ace-a021-813759809637	flagged by reference only	Species	Ilex ferruginea	Ilex dasyphylla	0.828					Plantae;Tracheophyta;NA;Aquifoliales;Aquifoliaceae;Ilex;Ilex ferruginea
n5402	5402	port_py3_epang_T16	ace2ad1b-62db-43a8-b9e7-d55611a36437	flagged by reference only	Species	Actinidia pilosula	NA	0.462					Plantae;Tracheophyta;NA;Ericales;Actinidiaceae;Actinidia;Actinidia pilosula
n5402	5402	port_py3_epang_T16	afe0c2ea-eabd-4592-bfc4-418cd425439d	flagged by reference only	Species	Podospermum armenaicum	Scorzonera laciniata	0.513					Plantae;Tracheophyta;NA;Asterales;Asteraceae;Scorzonera;Podospermum armenaicum
n5402	5402	port_py3_epang_T16	b1c9f439-e9e5-49c0-9f44-157be4b25a78	flagged by reference only	Species	Scorzonera cana	NA	0.788					Plantae;Tracheophyta;NA;Asterales;Asteraceae;Scorzonera;Scorzonera cana
n5402	5402	port_py3_epang_T16	b369d4e6-f8f6-49d3-8d21-6dc7684b461f	flagged by reference only	Phylum	Ascomycota	NA	0.961					Fungi;Ascomycota;NA;Eurotiales;Aspergillaceae;Aspergillus;NA
n5402	5402	port_py3_epang_T16	b77bf342-72ce-453b-9753-58721a014e6b	flagged by reference only	Phylum	Ascomycota	NA	0.990					Fungi;Ascomycota;NA;Eurotiales;Aspergillaceae;Aspergillus;NA
n5402	5402	port_py3_epang_T16	b80c258c-729b-4c88-bf50-cbb3d2b86fdd	flagged by reference only	Species	NA	Nymphaea caerulea	0.642					Plantae;Tracheophyta;NA;Nymphaeales;Nymphaeaceae;Nymphaea;NA
n5402	5402	port_py3_epang_T16	b9b7976e-d22b-4c50-aa10-5a2c6c131266	flagged by reference only	Phylum	Ascomycota	NA	0.979					Fungi;Ascomycota;NA;Eurotiales;Aspergillaceae;Aspergillus;NA
n5402	5402	port_py3_epang_T16	bbd4a52a-c334-41c7-afb9-7c68a919ca1f	flagged by reference only	Phylum	Ascomycota	NA	0.979					Fungi;Ascomycota;NA;Eurotiales;Aspergillaceae;Aspergillus;NA
n5402	5402	port_py3_epang_T16	c1ac0826-9f4a-4388-a929-f8f1c27ed151	flagged by reference only	Phylum	Ascomycota	NA	0.904					Fungi;Ascomycota;NA;Eurotiales;Aspergillaceae;Aspergillus;NA
n5402	5402	port_py3_epang_T16	c5b3b83f-30c1-4c6a-81a9-1323c22eb97f	flagged by reference only	Phylum	Ascomycota	NA	0.945					Fungi;Ascomycota;NA;Eurotiales;Aspergillaceae;Aspergillus;NA
n5402	5402	port_py3_epang_T16	c6c5c3e9-52a1-4c92-b9fe-c91a3c11ac98	flagged by reference only	Genus	Eudorina	Pandorina	1.000					Plantae;Chlorophyta;NA;Chlamydomonadales;Volvocaceae;Eudorina
n5402	5402	port_py3_epang_T16	ca36daf6-930d-419d-8d88-5bf2c8893333	flagged by reference only	Species	__TAXCLUSTER17__Primula szechuanica	Primula longipes	0.901					Plantae;Tracheophyta;NA;Ericales;Primulaceae;Primula;__TAXCLUSTER17__Primula szechuanica
n5402	5402	port_py3_epang_T16	ca568fc8-9d1a-4eaf-b692-8da5beb540ab	flagged by reference only	Phylum	Basidiomycota	NA	1.000					Fungi;Basidiomycota;NA;Cantharellales;Tulasnellaceae;NA;NA
n5402	5402	port_py3_epang_T16	ca8578e1-4583-44ed-8ba0-b2239ae20d75	flagged by reference only	Species	__TAXCLUSTER17__Primula szechuanica	Primula longipes	0.901					Plantae;Tracheophyta;NA;Ericales;Primulaceae;Primula;__TAXCLUSTER17__Primula szechuanica
n5402	5402	port_py3_epang_T16	cb56b87c-ce3a-4d4e-ba78-46927b31017f	flagged by reference only	Species	Mucuna bracteata	Mucuna pruriens	0.980					Plantae;Tracheophyta;NA;Fabales;Fabaceae;Mucuna;Mucuna bracteata
n5402	5402	port_py3_epang_T16	ce999006-80dc-4b0a-9311-cd7fa91d5764	flagged by reference only	Infraorder	Alternaria	Bipolaris	0.987					Fungi;Ascomycota;NA;Pleosporales;Pleosporaceae;Alternaria;NA
n5402	5402	port_py3_epang_T16	dcf87a27-390b-4810-afb0-45ff333ac7b9	flagged by reference only	Phylum	Ascomycota	NA	0.955					Fungi;Ascomycota;NA;Eurotiales;NA;NA;NA
n5402	5402	port_py3_epang_T16	dfc2b5cd-a050-4b7b-9f1b-92bccd8e8814	flagged by reference only	Species	Bipolaris bicolor	NA	0.903					Fungi;Ascomycota;NA;Pleosporales;Pleosporaceae;Bipolaris;Bipolaris bicolor
n5402	5402	port_py3_epang_T16	e218e97f-2c1a-4c43-811e-c1b820686d32	flagged by reference only	Phylum	Ascomycota	NA	0.979					Fungi;Ascomycota;NA;Eurotiales;Aspergillaceae;Aspergillus;NA
n5402	5402	port_py3_epang_T16	eec10d11-6f76-4715-80b3-3b8709270780	flagged by reference only	Species	Primula matthioli	Cortusa matthioli	1.000					Plantae;Tracheophyta;NA;Ericales;Primulaceae;Primula;Primula matthioli
n5402	5402	port_py3_epang_T16	f4e6b4af-f2b7-484a-82a1-a94f10036a4e	flagged by reference only	Phylum	Ascomycota	NA	0.935					Fungi;Ascomycota;NA;Eurotiales;Aspergillaceae;Aspergillus;NA
n5402	5402	port_py3_epang_T16	fc2f9287-bd3f-410a-9123-2b316fdec5e9	flagged by reference only	Species	Cortusa matthioli	Primula algida	0.805					Plantae;Tracheophyta;NA;Ericales;Primulaceae;Primula;Cortusa matthioli
n5402	5402	port_py3_epang_T16	000207f5-077d-46d1-9975-6460a726273f	flagged by test only					Species	Pterachaenia stewartii	Pterachaenia codringtonii	0.510	Plantae;Tracheophyta;NA;Asterales;Asteraceae;Pterachaenia;Pterachaenia stewartii
n5402	5402	port_py3_epang_T16	00191c72-2b00-41db-9d09-a49ea3c5ffd9	flagged by test only					Species	Primula algida	Cortusa matthioli	1.000	Plantae;Tracheophyta;NA;Ericales;Primulaceae;Primula;Primula algida
n5402	5402	port_py3_epang_T16	0043ddd3-9e72-4a19-bcfd-47feed13ef05	flagged by test only					Phylum	NA	Ascomycota	1.000	Fungi;NA;NA;NA;NA;NA;NA
n5402	5402	port_py3_epang_T16	016d8e10-e99e-4aa5-878f-90498914c9b8	flagged by test only					Species	Primula kisoana	Primula saxatilis	0.499	Plantae;Tracheophyta;NA;Ericales;Primulaceae;Primula;Primula kisoana
n5402	5402	port_py3_epang_T16	0326d4e3-c803-4299-a077-8d71e9c7ee1f	flagged by test only					Kingdom	Plantae	Fungi	1.000	Plantae;Tracheophyta;NA;Poales;Cyperaceae;Carex;Carex acutiformis
n5402	5402	port_py3_epang_T16	04f17627-601d-4f8f-bb1b-aa3d09da7e32	flagged by test only					Phylum	NA	Ascomycota	1.000	Fungi;NA;NA;NA;NA;NA;NA
n5402	5402	port_py3_epang_T16	05f8157b-9667-459e-8d68-e46c8e4842ff	flagged by test only					Species	Primula kialensis	Primula marginata	0.510	Plantae;Tracheophyta;NA;Ericales;Primulaceae;Primula;Primula kialensis
n5402	5402	port_py3_epang_T16	06c3d543-3c24-4673-afe0-617dffd6391c	flagged by test only					Species	Primula grandis	Primula veris	0.510	Plantae;Tracheophyta;NA;Ericales;Primulaceae;Primula;Primula grandis
n5402	5402	port_py3_epang_T16	06dcde95-2593-4d6f-9a52-d2f36bf02aee	flagged by test only					Species	Ilex integerrima	Ilex canariensis	1.000	Plantae;Tracheophyta;NA;Aquifoliales;Aquifoliaceae;Ilex;Ilex integerrima
n5402	5402	port_py3_epang_T16	07aac45f-752e-494c-82e4-97abc6cb12c1	flagged by test only					Species	Primula auriculata	Primula marginata	0.510	Plantae;Tracheophyta;NA;Ericales;Primulaceae;Primula;Primula auriculata
n5402	5402	port_py3_epang_T16	08162423-be61-4e90-b713-8db105372177	flagged by test only					Species	Ilex venulosa	Ilex khasiana	0.819	Plantae;Tracheophyta;NA;Aquifoliales;Aquifoliaceae;Ilex;Ilex venulosa
n5402	5402	port_py3_epang_T16	09a51f98-0f9b-4eb0-93b1-a18df16fdcdf	flagged by test only					Species	Primula allionii	Primula marginata	1.000	Plantae;Tracheophyta;NA;Ericales;Primulaceae;Primula;Primula allionii
n5402	5402	port_py3_epang_T16	0ad0a660-47a5-4cc8-9f14-5bfc92165579	flagged by test only					Species	Asterochloris irregularis	NA	0.743	Plantae;Chlorophyta;NA;Microthamniales;NA;Asterochloris;Asterochloris irregularis
n5402	5402	port_py3_epang_T16	0bab20ec-0d4d-4271-957f-bb98409dc976	flagged by test only					Family	NA	Aspergillaceae	0.993	Fungi;Ascomycota;NA;Eurotiales;NA;NA;NA
n5402	5402	port_py3_epang_T16	0d7cd37b-76ea-464b-84f4-0b533f12e53a	flagged by test only					Genus	Gelasia	Scorzonera	1.000	Plantae;Tracheophyta;NA;Asterales;Asteraceae;Gelasia
n5402	5402	port_py3_epang_T16	10664ba8-3f6c-48e5-9c9f-aa5940b751bd	flagged by test only					Species	Ilex opaca	Ilex hainanensis	0.510	Plantae;Tracheophyta;NA;Aquifoliales;Aquifoliaceae;Ilex;Ilex opaca
n5402	5402	port_py3_epang_T16	11911fb5-383b-4692-ac57-a6ec792a337d	flagged by test only					Species	Bipolaris sorokiniana	NA	0.952	Fungi;Ascomycota;NA;Pleosporales;Pleosporaceae;Bipolaris;Bipolaris sorokiniana
n5402	5402	port_py3_epang_T16	11bc3933-50e8-4c91-8d8e-7fe36e149352	flagged by test only					Species	Ilex pubescens	Ilex canariensis	1.000	Plantae;Tracheophyta;NA;Aquifoliales;Aquifoliaceae;Ilex;Ilex pubescens
n5402	5402	port_py3_epang_T16	124316c5-cf03-4a4b-801e-e40edfecfc70	flagged by test only					Genus	Dodecatheon	Primula	1.000	Plantae;Tracheophyta;NA;Ericales;Primulaceae;Dodecatheon;Primula meadia
n5402	5402	port_py3_epang_T16	131edb5a-1979-49aa-b38f-414c7b564d40	flagged by test only					Species	Primula chungensis	Primula merrilliana	0.510	Plantae;Tracheophyta;NA;Ericales;Primulaceae;Primula;Primula chungensis
n5402	5402	port_py3_epang_T16	13696475-39a1-416d-8d98-0b7160c3e7e5	flagged by test only					Phylum	NA	Basidiomycota	1.000	Fungi;NA;NA;NA;NA;NA;NA
n5402	5402	port_py3_epang_T16	14d2a3c2-957d-4680-a927-5115fa4e76c0	flagged by test only					Species	Ilex ficoidea	Ilex canariensis	1.000	Plantae;Tracheophyta;NA;Aquifoliales;Aquifoliaceae;Ilex;Ilex ficoidea
n5402	5402	port_py3_epang_T16	1d7d9a48-a7e5-4065-af2c-1030fd3c36fe	flagged by test only					Kingdom	Plantae	Fungi	1.000	Plantae;Tracheophyta;NA;Poales;Cyperaceae;Carex;Carex acutiformis
n5402	5402	port_py3_epang_T16	1ff93911-5ef5-458e-b675-617c8b7ec62d	flagged by test only					Phylum	NA	Basidiomycota	1.000	Fungi;NA;NA;NA;NA;NA;NA
n5402	5402	port_py3_epang_T16	1ffced88-f8a8-4095-9d0e-06751b0cbf0c	flagged by test only					Kingdom	Plantae	Fungi	1.000	Plantae;Tracheophyta;NA;Poales;Cyperaceae;Carex;Carex arcta
n5402	5402	port_py3_epang_T16	21710183-81bf-4b38-a859-502832beca1d	flagged by test only					Species	Actinidia fulvicoma	NA	0.948	Plantae;Tracheophyta;NA;Ericales;Actinidiaceae;Actinidia;Actinidia fulvicoma
n5402	5402	port_py3_epang_T16	25569ec5-197d-4eb1-880e-fc51fddfe299	flagged by test only					Genus	NA	Aspergillus	0.609	Fungi;Ascomycota;NA;Eurotiales;Aspergillaceae;NA;NA
n5402	5402	port_py3_epang_T16	28ee46d0-7f1d-4029-ba54-c23f31bdf87a	flagged by test only					Kingdom	Fungi	Plantae	1.000	Fungi;NA;NA;NA;NA;NA;NA
n5402	5402	port_py3_epang_T16	2a83b556-97c9-4df1-b41f-a15e8611ef14	flagged by test only					Order	Aquifoliales	Ericales	1.000	Plantae;Tracheophyta;NA;Aquifoliales;Aquifoliaceae;Ilex;Ilex crenata
n5402	5402	port_py3_epang_T16	2be6ac95-2b36-4af5-b1e7-e328a842fcbd	flagged by test only					Family	NA	Aspergillaceae	1.000	Fungi;Ascomycota;NA;Eurotiales;NA;NA;NA
n5402	5402	port_py3_epang_T16	2be96a78-62b6-4776-b3f4-d4c43bb500f5	flagged by test only					Kingdom	Fungi	Plantae	1.000	Fungi;NA;NA;NA;NA;NA;NA
n5402	5402	port_py3_epang_T16	2d7824b6-43ce-41e9-adc9-7bb57c18be6a	flagged by test only					Species	Scorzonera tragopogonoides	Scorzonera albicaulis	1.000	Plantae;Tracheophyta;NA;Asterales;Asteraceae;Scorzonera;Scorzonera tragopogonoides
n5402	5402	port_py3_epang_T16	2daca48d-67cf-41a9-b2a8-898626cb179f	flagged by test only					Kingdom	Plantae	Fungi	1.000	Plantae;Tracheophyta;NA;Poales;Cyperaceae;Carex;Carex acutiformis
n5402	5402	port_py3_epang_T16	2e188f33-6f0e-4045-8d86-40a13f23616f	flagged by test only					Phylum	NA	Ascomycota	1.000	Fungi;NA;NA;NA;NA;NA;NA
n5402	5402	port_py3_epang_T16	2e7de12f-3f3d-4495-94ef-9aa14be2f046	flagged by test only					Species	Carex acuta	Carex alba	1.000	Plantae;Tracheophyta;NA;Poales;Cyperaceae;Carex;Carex acuta
n5402	5402	port_py3_epang_T16	2e82f504-47b9-445b-b414-3c9bd39ae9e7	flagged by test only					Species	Carex angustata	Carex alba	1.000	Plantae;Tracheophyta;NA;Poales;Cyperaceae;Carex;Carex angustata
n5402	5402	port_py3_epang_T16	2f65b657-eaa7-42dc-9080-4117ebc28fa3	flagged by test only					Species	Pterachaenia stewartii	Pterachaenia codringtonii	1.000	Plantae;Tracheophyta;NA;Asterales;Asteraceae;Pterachaenia;Pterachaenia stewartii
n5402	5402	port_py3_epang_T16	2f6c1945-4824-40e7-b155-78597c1c1187	flagged by test only					Species	Ilex brevicuspis	Ilex canariensis	1.000	Plantae;Tracheophyta;NA;Aquifoliales;Aquifoliaceae;Ilex;Ilex brevicuspis
n5402	5402	port_py3_epang_T16	2f7c4ab4-a5e4-4269-8d89-2d84dcae2eb6	flagged by test only					Species	Primula hidakana	Primula takedana	0.688	Plantae;Tracheophyta;NA;Ericales;Primulaceae;Primula;Primula hidakana
n5402	5402	port_py3_epang_T16	309ecfa2-450a-422c-baf6-4e47768add66	flagged by test only					Genus	Pandorina	Eudorina	1.000	Plantae;Chlorophyta;NA;Chlamydomonadales;Volvocaceae;Pandorina;Pandorina morum
n5402	5402	port_py3_epang_T16	30ebdfc5-8dcd-42ed-b3ce-40423848ffe3	flagged by test only					Species	Ilex dumosa	Ilex canariensis	1.000	Plantae;Tracheophyta;NA;Aquifoliales;Aquifoliaceae;Ilex;Ilex dumosa
n5402	5402	port_py3_epang_T16	3628ddb3-b4ea-4ed3-bf1c-b56b50cf4c91	flagged by test only					Order	Aquifoliales	Ericales	1.000	Plantae;Tracheophyta;NA;Aquifoliales;Aquifoliaceae;Ilex;Ilex crenata
n5402	5402	port_py3_epang_T16	39044952-aa56-44f1-a6d5-8386ce0c0e6a	flagged by test only					Species	Primula grandis	Primula megaseifolia	0.510	Plantae;Tracheophyta;NA;Ericales;Primulaceae;Primula;Primula grandis
n5402	5402	port_py3_epang_T16	3b7aa83b-3f3f-4572-8abf-a132fc2a19a0	flagged by test only					Species	Actinidia fulvicoma	NA	0.898	Plantae;Tracheophyta;NA;Ericales;Actinidiaceae;Actinidia;Actinidia fulvicoma
n5402	5402	port_py3_epang_T16	3beab120-14a5-48de-9baf-2be5be2a8a4e	flagged by test only					Species	Scenedesmus basiliensis	NA	0.891	Plantae;Chlorophyta;NA;Sphaeropleales;Scenedesmaceae;Scenedesmus;Scenedesmus basiliensis
n5402	5402	port_py3_epang_T16	3bec258e-fd1e-4fd4-8d10-becae65be132	flagged by test only					Species	__TAXCLUSTER21__Ilex suaveolens	Ilex canariensis	1.000	Plantae;Tracheophyta;NA;Aquifoliales;Aquifoliaceae;Ilex;__TAXCLUSTER21__Ilex suaveolens
n5402	5402	port_py3_epang_T16	3f87d9ff-fe10-405c-ba15-05e34f5b999a	flagged by test only					Genus	Gelasia	Scorzonera	0.945	Plantae;Tracheophyta;NA;Asterales;Asteraceae;Gelasia
n5402	5402	port_py3_epang_T16	417101c9-6b03-487f-bab0-126c9283c2d1	flagged by test only					Phylum	NA	Ascomycota	1.000	Fungi;NA;NA;NA;NA;NA;NA
n5402	5402	port_py3_epang_T16	4536f9a1-2250-441d-99c2-007d52e8eacf	flagged by test only					Order	Nymphaeales	Ericales	1.000	Plantae;Tracheophyta;NA;Nymphaeales;Nymphaeaceae;Nymphaea;Nymphaea colorata
n5402	5402	port_py3_epang_T16	4648eaad-6a88-4cd7-876f-c1657c62a8f9	flagged by test only					Species	Primula kisoana	Primula saxatilis	0.499	Plantae;Tracheophyta;NA;Ericales;Primulaceae;Primula;Primula kisoana
n5402	5402	port_py3_epang_T16	4b807b12-05a5-420a-9add-0c70f6f564d0	flagged by test only					Species	Ilex integerrima	Ilex pseudobuxus	1.000	Plantae;Tracheophyta;NA;Aquifoliales;Aquifoliaceae;Ilex;Ilex integerrima
n5402	5402	port_py3_epang_T16	4dad4cd3-c360-4dc9-8951-b19bd5f6cee4	flagged by test only					Species	Nymphaea alba	Nymphaea candida	0.510	Plantae;Tracheophyta;NA;Nymphaeales;Nymphaeaceae;Nymphaea;Nymphaea alba
n5402	5402	port_py3_epang_T16	4e54986c-299e-4d4a-805a-5c518c9b0ce4	flagged by test only					Kingdom	Plantae	Fungi	1.000	Plantae;Tracheophyta;NA;Poales;Cyperaceae;Carex;Carex annectens
n5402	5402	port_py3_epang_T16	4e72a671-d288-4aaa-a025-e8c53b472038	flagged by test only					Species	Primula elatior	Primula megaseifolia	0.510	Plantae;Tracheophyta;NA;Ericales;Primulaceae;Primula;Primula elatior
n5402	5402	port_py3_epang_T16	504cefd8-c2cf-4b49-aad1-5a7008b258bd	flagged by test only					Species	Primula elatior	Primula megaseifolia	0.510	Plantae;Tracheophyta;NA;Ericales;Primulaceae;Primula;Primula elatior
n5402	5402	port_py3_epang_T16	51accbf2-4b92-4f94-9c40-d49682b93734	flagged by test only					Phylum	NA	Ascomycota	1.000	Fungi;NA;NA;NA;NA;NA;NA
n5402	5402	port_py3_epang_T16	55ef84a9-53be-4026-988e-22807a42ba0f	flagged by test only					Species	Carex arcta	Carex alba	1.000	Plantae;Tracheophyta;NA;Poales;Cyperaceae;Carex;Carex arcta
n5402	5402	port_py3_epang_T16	569d128a-d4c0-4085-9fbe-296b9743a456	flagged by test only					Species	Ilex microdonta	Ilex canariensis	1.000	Plantae;Tracheophyta;NA;Aquifoliales;Aquifoliaceae;Ilex;Ilex microdonta
n5402	5402	port_py3_epang_T16	56fbcbf4-22c8-47a1-a1d4-f510612b2617	flagged by test only					Species	NA	__TAXCLUSTER9__Ilex verticillata	0.450	Plantae;Tracheophyta;NA;Aquifoliales;Aquifoliaceae;Ilex;NA
n5402	5402	port_py3_epang_T16	57077e79-77d6-44a9-9b0c-773000cf137d	flagged by test only					Phylum	NA	Basidiomycota	1.000	Fungi;NA;NA;NA;NA;NA;NA
n5402	5402	port_py3_epang_T16	589b3a41-77a5-4c51-a891-5b2540853ccb	flagged by test only					Genus	NA	Carex	1.000	Plantae;Tracheophyta;NA;Poales;Cyperaceae;NA;NA
n5402	5402	port_py3_epang_T16	5b857735-356b-4fd7-b60a-b24e699067ae	flagged by test only					Species	NA	Ilex canariensis	1.000	Plantae;Tracheophyta;NA;Aquifoliales;Aquifoliaceae;Ilex;NA
n5402	5402	port_py3_epang_T16	5bd2c352-f26b-49b2-9226-01371136eec4	flagged by test only					Species	__TAXCLUSTER14__Ilex lohfauensis	Ilex canariensis	1.000	Plantae;Tracheophyta;NA;Aquifoliales;Aquifoliaceae;Ilex;__TAXCLUSTER14__Ilex lohfauensis
n5402	5402	port_py3_epang_T16	5d3d21bd-207d-41e1-aea7-fc5ec33b1187	flagged by test only					Phylum	NA	Ascomycota	1.000	Fungi;NA;NA;NA;NA;NA;NA
n5402	5402	port_py3_epang_T16	5dbebef9-9795-4235-9551-bf24eb528f4c	flagged by test only					Species	Ilex pubescens	Ilex crenata	0.557	Plantae;Tracheophyta;NA;Aquifoliales;Aquifoliaceae;Ilex;Ilex pubescens
n5402	5402	port_py3_epang_T16	60f61185-b905-4503-beb6-6765f1ada7ef	flagged by test only					Species	Ilex cornuta	Ilex canariensis	1.000	Plantae;Tracheophyta;NA;Aquifoliales;Aquifoliaceae;Ilex;Ilex cornuta
n5402	5402	port_py3_epang_T16	61e37d62-c280-40fb-ae41-3d27ea4c1aa9	flagged by test only					Species	Ilex tsoi	Ilex ficifolia	0.485	Plantae;Tracheophyta;NA;Aquifoliales;Aquifoliaceae;Ilex;Ilex tsoi
n5402	5402	port_py3_epang_T16	631d5a8f-e617-4d3d-ba0a-4081b882115e	flagged by test only					Family	NA	Aspergillaceae	0.993	Fungi;Ascomycota;NA;Eurotiales;NA;NA;NA
n5402	5402	port_py3_epang_T16	63225a2c-4ff9-45f4-947b-e55ab4c0778b	flagged by test only					Species	Scorzonera laciniata	NA	0.740	Plantae;Tracheophyta;NA;Asterales;Asteraceae;Scorzonera;Scorzonera laciniata
n5402	5402	port_py3_epang_T16	640310f0-df15-4f23-a2df-5cb7ac543786	flagged by test only					Genus	Pandorina	Eudorina	1.000	Plantae;Chlorophyta;NA;Chlamydomonadales;Volvocaceae;Pandorina;Pandorina morum
n5402	5402	port_py3_epang_T16	6567099c-e803-47e8-8f0c-cead60d41f35	flagged by test only					Kingdom	Plantae	Fungi	1.000	Plantae;Tracheophyta;NA;Poales;Cyperaceae;Carex;Carex annectens
n5402	5402	port_py3_epang_T16	65751a9a-8018-4a46-abec-525cd7a5e65b	flagged by test only					Family	NA	Aspergillaceae	0.860	Fungi;Ascomycota;NA;Eurotiales;NA;NA;NA
n5402	5402	port_py3_epang_T16	657eab65-d53e-4a3a-ab79-3d90c64e8d5f	flagged by test only					Phylum	Chytridiomycota	Basidiomycota	0.986	Fungi;Chytridiomycota;NA;NA;NA;NA;NA
n5402	5402	port_py3_epang_T16	686f72a8-899a-44f7-9cdd-83684c68186b	flagged by test only					Order	Caryophyllales	Ericales	1.000	Plantae;Tracheophyta;NA;Caryophyllales;Caryophyllaceae;Acanthophyllum;Acanthophyllum pungens
n5402	5402	port_py3_epang_T16	69debbc0-4206-49bb-8690-f0cb6029c71c	flagged by test only					Species	Ilex brevicuspis	Ilex pseudobuxus	0.470	Plantae;Tracheophyta;NA;Aquifoliales;Aquifoliaceae;Ilex;Ilex brevicuspis
n5402	5402	port_py3_epang_T16	6aaa63af-eb47-4c53-94ed-365f7cc4504e	flagged by test only					Species	NA	Primula egaliksensis	0.558	Plantae;Tracheophyta;NA;Ericales;Primulaceae;Primula;NA
n5402	5402	port_py3_epang_T16	6d461fc8-1820-4836-b1af-46f3aefae397	flagged by test only					Species	Primula algida	Cortusa matthioli	1.000	Plantae;Tracheophyta;NA;Ericales;Primulaceae;Primula;Primula algida
n5402	5402	port_py3_epang_T16	6e9bd1dd-4180-4e61-8718-7f0c64393f17	flagged by test only					Kingdom	Plantae	Fungi	1.000	Plantae;Tracheophyta;NA;Poales;Cyperaceae;Carex;Carex acuta
n5402	5402	port_py3_epang_T16	70913d12-9889-4a42-b4f6-b9a7c9dfa49b	flagged by test only					Species	Primula hidakana	Primula takedana	0.688	Plantae;Tracheophyta;NA;Ericales;Primulaceae;Primula;Primula hidakana
n5402	5402	port_py3_epang_T16	70bfe58d-2fca-4a84-8b0d-d0653ddc954b	flagged by test only					Species	Carex acuta	Carex alba	0.626	Plantae;Tracheophyta;NA;Poales;Cyperaceae;Carex;Carex acuta
n5402	5402	port_py3_epang_T16	712af03e-b0e6-4cf6-8dc6-8e9f5b00c22f	flagged by test only					Species	Aspergillus penicillioides	NA	0.884	Fungi;Ascomycota;NA;Eurotiales;Aspergillaceae;Aspergillus;Aspergillus penicillioides
n5402	5402	port_py3_epang_T16	718a9b63-81a8-4ca8-99dc-42e9dac2bcf2	flagged by test only					Species	Primula egaliksensis	Primula marginata	0.510	Plantae;Tracheophyta;NA;Ericales;Primulaceae;Primula;Primula egaliksensis
n5402	5402	port_py3_epang_T16	72282719-4d36-46d1-bd73-137bb8d14a92	flagged by test only					Phylum	NA	Ascomycota	1.000	Fungi;NA;NA;NA;NA;NA;NA
n5402	5402	port_py3_epang_T16	764f0c96-bcad-4d5e-be11-14e59cdb1c41	flagged by test only					Species	Gelasia aucheriana	Gelasia litwinowii	0.587	Plantae;Tracheophyta;NA;Asterales;Asteraceae;Gelasia;Gelasia aucheriana
n5402	5402	port_py3_epang_T16	7803cf41-086a-4589-9c93-94199bbfe8af	flagged by test only					Species	Ilex pubescens	Ilex crenata	0.557	Plantae;Tracheophyta;NA;Aquifoliales;Aquifoliaceae;Ilex;Ilex pubescens
n5402	5402	port_py3_epang_T16	7809e608-7534-4dbe-998c-7e6c817f4d17	flagged by test only					Species	Nymphaea alba	Nymphaea candida	0.510	Plantae;Tracheophyta;NA;Nymphaeales;Nymphaeaceae;Nymphaea;Nymphaea alba
n5402	5402	port_py3_epang_T16	79fabe1e-076a-4b15-988d-c0358d41a54f	flagged by test only					Species	Ilex hippocrateoides	Ilex dumosa	0.555	Plantae;Tracheophyta;NA;Aquifoliales;Aquifoliaceae;Ilex;Ilex hippocrateoides
n5402	5402	port_py3_epang_T16	7a4f65ad-f1f1-4f8e-a7a7-859ff196d621	flagged by test only					Species	Mucuna samarensis	Mucuna gigantea	0.993	Plantae;Tracheophyta;NA;Fabales;Fabaceae;Mucuna;Mucuna samarensis
n5402	5402	port_py3_epang_T16	7a8b992e-efa4-48fb-97bc-13db6a964c3a	flagged by test only					Species	Ilex microdonta	Ilex canariensis	1.000	Plantae;Tracheophyta;NA;Aquifoliales;Aquifoliaceae;Ilex;Ilex microdonta
n5402	5402	port_py3_epang_T16	801c97ab-36c6-4255-afd4-186b5edbb5e9	flagged by test only					Species	Primula fasciculata	NA	0.436	Plantae;Tracheophyta;NA;Ericales;Primulaceae;Primula;Primula fasciculata
n5402	5402	port_py3_epang_T16	81551828-2e97-4ebf-8618-de1dbdc05828	flagged by test only					Order	Trebouxiales	Microthamniales	1.000	Plantae;Chlorophyta;NA;Trebouxiales;Trebouxiaceae;Trebouxia;NA
n5402	5402	port_py3_epang_T16	81590eee-b900-410f-b745-f25f7d86406b	flagged by test only					Species	Scorzonera laciniata	NA	0.740	Plantae;Tracheophyta;NA;Asterales;Asteraceae;Scorzonera;Scorzonera laciniata
n5402	5402	port_py3_epang_T16	82c02d6a-5853-4127-b41f-fdb35080e0ae	flagged by test only					Species	Ilex brasiliensis	Ilex pseudobuxus	1.000	Plantae;Tracheophyta;NA;Aquifoliales;Aquifoliaceae;Ilex;Ilex brasiliensis
n5402	5402	port_py3_epang_T16	82dfda4f-dc61-4f81-8b8a-65477c94251c	flagged by test only					Species	__TAXCLUSTER2__Ilex macrocarpa	Ilex canariensis	1.000	Plantae;Tracheophyta;NA;Aquifoliales;Aquifoliaceae;Ilex;__TAXCLUSTER2__Ilex macrocarpa
n5402	5402	port_py3_epang_T16	85120cc9-7941-4575-98c2-f8f848338738	flagged by test only					Species	Ilex pseudobuxus	Ilex canariensis	1.000	Plantae;Tracheophyta;NA;Aquifoliales;Aquifoliaceae;Ilex;Ilex pseudobuxus
n5402	5402	port_py3_epang_T16	891ec3a8-5537-4fd3-8463-e3eac6a06413	flagged by test only					Species	Ilex integerrima	Ilex pseudobuxus	1.000	Plantae;Tracheophyta;NA;Aquifoliales;Aquifoliaceae;Ilex;Ilex integerrima
n5402	5402	port_py3_epang_T16	8b29a212-dd7e-4cd5-9a4c-9bc4f5a229f8	flagged by test only					Species	Ilex dumosa	Ilex canariensis	1.000	Plantae;Tracheophyta;NA;Aquifoliales;Aquifoliaceae;Ilex;Ilex dumosa
n5402	5402	port_py3_epang_T16	8b76cfa6-c284-4e30-8646-ad838a07d1a2	flagged by test only					Phylum	NA	Ascomycota	0.992	Fungi;NA;NA;NA;NA;NA;NA
n5402	5402	port_py3_epang_T16	8bc648e5-071e-4335-8f0b-687d4e595128	flagged by test only					Genus	NA	Carex	1.000	Plantae;Tracheophyta;NA;Poales;Cyperaceae;NA;NA
n5402	5402	port_py3_epang_T16	8cca4641-2551-48de-926e-0d5c0882a04f	flagged by test only					Species	NA	Bipolaris sorokiniana	0.889	Fungi;Ascomycota;NA;Pleosporales;Pleosporaceae;Bipolaris;NA
n5402	5402	port_py3_epang_T16	8cd0077e-bd61-4cad-b37e-835761af0979	flagged by test only					Species	Primula moupinensis	__TAXCLUSTER10__Primula helodoxa	0.863	Plantae;Tracheophyta;NA;Ericales;Primulaceae;Primula;Primula moupinensis
n5402	5402	port_py3_epang_T16	8e67bf12-83de-4019-a7df-f065ec3f0046	flagged by test only					Kingdom	Plantae	Fungi	1.000	Plantae;Tracheophyta;NA;Poales;Cyperaceae;Carex;Carex arcta
n5402	5402	port_py3_epang_T16	8ea50d64-853c-4891-b59a-bcbc0f71ccb6	flagged by test only					Species	Ilex integerrima	Ilex canariensis	1.000	Plantae;Tracheophyta;NA;Aquifoliales;Aquifoliaceae;Ilex;Ilex integerrima
n5402	5402	port_py3_epang_T16	90d9a6dc-da1b-49ab-88cc-9291d0575249	flagged by test only					Species	Bipolaris sorokiniana	NA	1.000	Fungi;Ascomycota;NA;Pleosporales;Pleosporaceae;Bipolaris;Bipolaris sorokiniana
n5402	5402	port_py3_epang_T16	91a68433-01a4-4e03-9d8c-866f43a43484	flagged by test only					Species	Ilex pubescens	Ilex crenata	0.557	Plantae;Tracheophyta;NA;Aquifoliales;Aquifoliaceae;Ilex;Ilex pubescens
n5402	5402	port_py3_epang_T16	91dac453-2ea6-47ef-af0c-320dd2bc26a0	flagged by test only					Species	Ilex venulosa	Ilex khasiana	0.819	Plantae;Tracheophyta;NA;Aquifoliales;Aquifoliaceae;Ilex;Ilex venulosa
n5402	5402	port_py3_epang_T16	9352596d-2fe2-4cf4-9042-9a0ba709198d	flagged by test only					Species	Bipolaris sacchari	Bipolaris sorokiniana	0.825	Fungi;Ascomycota;NA;Pleosporales;Pleosporaceae;Bipolaris;Bipolaris sacchari
n5402	5402	port_py3_epang_T16	93b03229-92b3-49ee-8326-4280a23ac3b5	flagged by test only					Species	Scorzonera laciniata	NA	0.550	Plantae;Tracheophyta;NA;Asterales;Asteraceae;Scorzonera;Scorzonera laciniata
n5402	5402	port_py3_epang_T16	941d10d9-701c-451f-bc40-0d8c856862ef	flagged by test only					Species	Actinidia hemsleyana	Actinidia rufa	0.509	Plantae;Tracheophyta;NA;Ericales;Actinidiaceae;Actinidia;Actinidia hemsleyana
n5402	5402	port_py3_epang_T16	97d30008-10f7-4225-9b4c-e5bc42d2f7c1	flagged by test only					Species	Ilex micrococca	Ilex canariensis	1.000	Plantae;Tracheophyta;NA;Aquifoliales;Aquifoliaceae;Ilex;Ilex micrococca
n5402	5402	port_py3_epang_T16	97f0611a-3880-4841-8ab7-624a9b2c3f8c	flagged by test only					Kingdom	Plantae	Fungi	1.000	Plantae;Tracheophyta;NA;Poales;Cyperaceae;Carex;Carex acuta
n5402	5402	port_py3_epang_T16	97f25c77-22f3-4bc3-b53f-c1e9033a9736	flagged by test only					Species	Mucuna samarensis	Mucuna gigantea	0.993	Plantae;Tracheophyta;NA;Fabales;Fabaceae;Mucuna;Mucuna samarensis
n5402	5402	port_py3_epang_T16	9cc6abec-4a39-4923-b3e4-0c2e9c2e9c89	flagged by test only					Family	NA	Aspergillaceae	0.860	Fungi;Ascomycota;NA;Eurotiales;NA;NA;NA
n5402	5402	port_py3_epang_T16	9cd1e107-404e-4c74-a73b-7ea345e9497e	flagged by test only					Species	Ilex hippocrateoides	Ilex dumosa	0.555	Plantae;Tracheophyta;NA;Aquifoliales;Aquifoliaceae;Ilex;Ilex hippocrateoides
n5402	5402	port_py3_epang_T16	9d4b22f7-024c-4524-8036-5220a2b665f4	flagged by test only					Kingdom	Plantae	Fungi	1.000	Plantae;Chlorophyta;NA;Chlamydomonadales;Chlamydomonadaceae;Chlamydomonas
n5402	5402	port_py3_epang_T16	a2611942-3783-4cd8-8fc9-fcad4bd99af3	flagged by test only					Species	NA	Nymphaea odorata	1.000	Plantae;Tracheophyta;NA;Nymphaeales;Nymphaeaceae;Nymphaea;NA
n5402	5402	port_py3_epang_T16	a50adb88-9deb-44bc-9799-b0a4e697a640	flagged by test only					Species	Ilex ficoidea	Ilex canariensis	1.000	Plantae;Tracheophyta;NA;Aquifoliales;Aquifoliaceae;Ilex;Ilex ficoidea
n5402	5402	port_py3_epang_T16	a5c3105a-bb21-4de5-b0f6-02842a4890e1	flagged by test only					Species	Primula algida	Cortusa matthioli	1.000	Plantae;Tracheophyta;NA;Ericales;Primulaceae;Primula;Primula algida
n5402	5402	port_py3_epang_T16	a824afba-bc21-468f-b735-7243e29a04f0	flagged by test only					Species	Ilex pseudobuxus	Ilex canariensis	1.000	Plantae;Tracheophyta;NA;Aquifoliales;Aquifoliaceae;Ilex;Ilex pseudobuxus
n5402	5402	port_py3_epang_T16	a978ee1b-d8d2-49a6-a534-b823abf82774	flagged by test only					Phylum	NA	Ascomycota	1.000	Fungi;NA;NA;NA;NA;NA;NA
n5402	5402	port_py3_epang_T16	abc0c41f-0a5b-488a-b4b0-7ac175fbe93c	flagged by test only					Phylum	NA	Ascomycota	0.992	Fungi;NA;NA;NA;NA;NA;NA
n5402	5402	port_py3_epang_T16	b19d309d-00ab-428c-b57b-1a9754934ead	flagged by test only					Kingdom	Fungi	Plantae	1.000	Fungi;NA;NA;NA;NA;NA;NA
n5402	5402	port_py3_epang_T16	b32efed4-00ba-4bfc-9cdd-a78cdbad4eba	flagged by test only					Species	Primula chungensis	Primula merrilliana	0.510	Plantae;Tracheophyta;NA;Ericales;Primulaceae;Primula;Primula chungensis
n5402	5402	port_py3_epang_T16	b4262165-c53a-44ae-8890-9a8f33b2b88d	flagged by test only					Genus	Gelasia	Scorzonera	1.000	Plantae;Tracheophyta;NA;Asterales;Asteraceae;Gelasia
n5402	5402	port_py3_epang_T16	b546cfd2-80aa-417d-831f-5417c7bbe5be	flagged by test only					Kingdom	Fungi	Plantae	1.000	Fungi;NA;NA;NA;NA;NA;NA
n5402	5402	port_py3_epang_T16	bae76422-d061-4798-a28d-8c1d9e3bdd82	flagged by test only					Species	Bipolaris sorokiniana	NA	1.000	Fungi;Ascomycota;NA;Pleosporales;Pleosporaceae;Bipolaris;Bipolaris sorokiniana
n5402	5402	port_py3_epang_T16	bebd605a-537e-43ec-a745-504fc697054a	flagged by test only					Species	NA	__TAXCLUSTER14__Ilex lohfauensis	0.838	Plantae;Tracheophyta;NA;Aquifoliales;Aquifoliaceae;Ilex;NA
n5402	5402	port_py3_epang_T16	bfe0b73e-c402-4d9e-a93f-a121bf41644b	flagged by test only					Species	Ilex dumosa	Ilex canariensis	1.000	Plantae;Tracheophyta;NA;Aquifoliales;Aquifoliaceae;Ilex;Ilex dumosa
n5402	5402	port_py3_epang_T16	c374a931-2950-482d-98be-4bc6dc0dd66e	flagged by test only					Order	Nymphaeales	Ericales	1.000	Plantae;Tracheophyta;NA;Nymphaeales;Nymphaeaceae;Nymphaea;Nymphaea colorata
n5402	5402	port_py3_epang_T16	c4f9584a-ec7a-4088-9fef-86e6d7ad9249	flagged by test only					Species	Ilex pseudobuxus	Ilex microdonta	0.580	Plantae;Tracheophyta;NA;Aquifoliales;Aquifoliaceae;Ilex;Ilex pseudobuxus
n5402	5402	port_py3_epang_T16	c5110d63-8c70-4b82-963d-b04fb554b21b	flagged by test only					Species	Ilex khasiana	Ilex hainanensis	0.510	Plantae;Tracheophyta;NA;Aquifoliales;Aquifoliaceae;Ilex;Ilex khasiana
n5402	5402	port_py3_epang_T16	c87e46f3-3d7b-4b19-aef7-a5e12844bec4	flagged by test only					Phylum	NA	Ascomycota	1.000	Fungi;NA;NA;NA;NA;NA;NA
n5402	5402	port_py3_epang_T16	cc5010c5-5d72-4200-b889-b1a810113468	flagged by test only					Phylum	NA	Ascomycota	1.000	Fungi;NA;NA;NA;NA;NA;NA
n5402	5402	port_py3_epang_T16	cd163a3c-377a-40f6-90a5-6d133c5743d0	flagged by test only					Species	Primula moupinensis	__TAXCLUSTER10__Primula helodoxa	0.825	Plantae;Tracheophyta;NA;Ericales;Primulaceae;Primula;Primula moupinensis
n5402	5402	port_py3_epang_T16	cf97ea73-785a-42ff-8d69-7e8550709569	flagged by test only					Species	Primula latifolia	Primula marginata	1.000	Plantae;Tracheophyta;NA;Ericales;Primulaceae;Primula;Primula latifolia
n5402	5402	port_py3_epang_T16	d1ec4ad5-520b-4410-8e28-bea482f8498b	flagged by test only					Species	Bipolaris bicolor	NA	0.952	Fungi;Ascomycota;NA;Pleosporales;Pleosporaceae;Bipolaris;Bipolaris bicolor
n5402	5402	port_py3_epang_T16	d4331726-bc8f-48bf-a19e-1e5cf5701314	flagged by test only					Species	__TAXCLUSTER21__Ilex suaveolens	Ilex canariensis	1.000	Plantae;Tracheophyta;NA;Aquifoliales;Aquifoliaceae;Ilex;__TAXCLUSTER21__Ilex suaveolens
n5402	5402	port_py3_epang_T16	d4e326a4-78ba-4884-920d-5df7177e6abf	flagged by test only					Species	Ilex cochinchinensis	__TAXCLUSTER9__Ilex verticillata	0.450	Plantae;Tracheophyta;NA;Aquifoliales;Aquifoliaceae;Ilex;Ilex cochinchinensis
n5402	5402	port_py3_epang_T16	db1f584c-f3d4-4780-ad3e-76e4eca73d40	flagged by test only					Species	Ilex brasiliensis	Ilex pseudobuxus	1.000	Plantae;Tracheophyta;NA;Aquifoliales;Aquifoliaceae;Ilex;Ilex brasiliensis
n5402	5402	port_py3_epang_T16	dc78e940-a731-4224-8e54-2a8a5137fa9d	flagged by test only					Family	NA	Aspergillaceae	1.000	Fungi;Ascomycota;NA;Eurotiales;NA;NA;NA
n5402	5402	port_py3_epang_T16	de9e5304-b1cf-4b34-b848-8dd054541d93	flagged by test only					Species	Asterochloris irregularis	NA	0.743	Plantae;Chlorophyta;NA;Microthamniales;NA;Asterochloris;Asterochloris irregularis
n5402	5402	port_py3_epang_T16	e42c4c5b-b070-4e9f-b57e-31393155e70c	flagged by test only					Species	Scenedesmus basiliensis	NA	0.891	Plantae;Chlorophyta;NA;Sphaeropleales;Scenedesmaceae;Scenedesmus;Scenedesmus basiliensis
n5402	5402	port_py3_epang_T16	e68f9041-91fb-4252-8e25-68b758bf5555	flagged by test only					Phylum	NA	Ascomycota	1.000	Fungi;NA;NA;NA;NA;NA;NA
n5402	5402	port_py3_epang_T16	eb839d67-c3e2-43b8-ae28-d4fc38c62a39	flagged by test only					Kingdom	Plantae	Fungi	1.000	Plantae;Tracheophyta;NA;Poales;Cyperaceae;Carex;Carex acutiformis
n5402	5402	port_py3_epang_T16	edd2429a-216d-4e65-aee9-ba781ed01f88	flagged by test only					Species	Bipolaris sacchari	Bipolaris sorokiniana	0.825	Fungi;Ascomycota;NA;Pleosporales;Pleosporaceae;Bipolaris;Bipolaris sacchari
n5402	5402	port_py3_epang_T16	eea84bc7-417b-43f8-b7e0-dd6d5fa18070	flagged by test only					Species	Ilex cochinchinensis	__TAXCLUSTER9__Ilex verticillata	0.450	Plantae;Tracheophyta;NA;Aquifoliales;Aquifoliaceae;Ilex;Ilex cochinchinensis
n5402	5402	port_py3_epang_T16	f05d5498-bf33-420d-bd43-4c4190720f64	flagged by test only					Species	Primula algida	Cortusa matthioli	1.000	Plantae;Tracheophyta;NA;Ericales;Primulaceae;Primula;Primula algida
n5402	5402	port_py3_epang_T16	f1c3d30e-ec8e-4ef4-8d9b-0bfc4aec585e	flagged by test only					Phylum	NA	Ascomycota	1.000	Fungi;NA;NA;NA;NA;NA;NA
n5402	5402	port_py3_epang_T16	f6a20e51-3b38-46c4-9b35-cda4706b148a	flagged by test only					Species	NA	Nymphaea odorata	1.000	Plantae;Tracheophyta;NA;Nymphaeales;Nymphaeaceae;Nymphaea;NA
n5402	5402	port_py3_epang_T16	fa7b9820-6dd1-4496-b573-66927e998ba7	flagged by test only					Species	NA	__TAXCLUSTER14__Ilex lohfauensis	0.838	Plantae;Tracheophyta;NA;Aquifoliales;Aquifoliaceae;Ilex;NA
n5402	5402	port_py3_epang_T1_K25	05bd1843-22da-4c7a-be34-c341622261bb	same rank, other proposal	Species	__TAXCLUSTER7__Scorzonera alpigena	Scorzonera laciniata	0.501	Species	__TAXCLUSTER7__Scorzonera alpigena	Scorzonera cana	1.000	Plantae;Tracheophyta;NA;Asterales;Asteraceae;Scorzonera;__TAXCLUSTER7__Scorzonera alpigena
n5402	5402	port_py3_epang_T1_K25	0a203e5c-1a0d-4d8d-9ed3-28f79a23e777	rank differs	Phylum	Ascomycota	NA	0.979	Family	NA	Aspergillaceae	0.990	Fungi;Ascomycota;NA;Eurotiales;NA;NA;NA
n5402	5402	port_py3_epang_T1_K25	0fbcec05-2139-4f90-86ca-d6156da61682	rank differs	Phylum	Ascomycota	NA	0.979	Genus	NA	Aspergillus	0.990	Fungi;Ascomycota;NA;Eurotiales;Aspergillaceae;NA;NA
n5402	5402	port_py3_epang_T1_K25	0fc404e0-10c3-4178-b611-e127391f3978	same rank, other proposal	Phylum	NA	Rozellomycota	0.833	Phylum	NA	Basidiomycota	1.000	Fungi;NA;NA;NA;NA;NA;NA
n5402	5402	port_py3_epang_T1_K25	15fe320a-bd05-43c5-9350-d2f7d015b976	rank differs	Species	Scorzonera meshhedensis	NA	0.650	Family	Asteraceae	NA	0.510	Plantae;Tracheophyta;NA;Asterales;Asteraceae;Scorzonera;Scorzonera meshhedensis
n5402	5402	port_py3_epang_T1_K25	1725da22-c0dc-4cc9-b78a-398764d5ffdd	rank differs	Phylum	Ascomycota	NA	0.955	Family	Aspergillaceae	NA	0.944	Fungi;Ascomycota;NA;Eurotiales;Aspergillaceae;Aspergillus;NA
n5402	5402	port_py3_epang_T1_K25	18c4dfeb-d149-42c0-b051-0ae0bd191a5c	same rank, other proposal	Species	Bipolaris bicolor	NA	0.996	Species	Bipolaris bicolor	Bipolaris sorokiniana	1.000	Fungi;Ascomycota;NA;Pleosporales;Pleosporaceae;Bipolaris;Bipolaris bicolor
n5402	5402	port_py3_epang_T1_K25	1ebef10b-e0c3-473f-b096-28593bacb8a0	rank differs	Species	Scorzonera humilis	NA	0.480	Genus	Scorzonera	Avellara	0.487	Plantae;Tracheophyta;NA;Asterales;Asteraceae;Scorzonera;Scorzonera humilis
n5402	5402	port_py3_epang_T1_K25	21e7049f-da4a-4160-9460-94526c710175	rank differs	Phylum	Ascomycota	NA	0.979	Genus	NA	Aspergillus	0.990	Fungi;Ascomycota;NA;Eurotiales;Aspergillaceae;NA;NA
n5402	5402	port_py3_epang_T1_K25	220c0935-d999-4046-beb0-5c85b36955c9	same rank, other proposal	Species	Ilex kunthiana	Ilex dumosa	0.741	Species	Ilex kunthiana	Ilex canariensis	1.000	Plantae;Tracheophyta;NA;Aquifoliales;Aquifoliaceae;Ilex;Ilex kunthiana
n5402	5402	port_py3_epang_T1_K25	2570e0d5-a798-4f03-a215-866c1f10ff35	same rank, other proposal	Species	Primula scotica	Primula farinosa	0.712	Species	Primula scotica	NA	0.960	Plantae;Tracheophyta;NA;Ericales;Primulaceae;Primula;Primula scotica
n5402	5402	port_py3_epang_T1_K25	273b6209-05d7-45f9-8c64-c0bec9d1e371	same rank, other proposal	Species	Scorzonera grossheimii	Scorzonera laciniata	0.501	Species	Scorzonera grossheimii	Scorzonera cana	1.000	Plantae;Tracheophyta;NA;Asterales;Asteraceae;Scorzonera;Scorzonera grossheimii
n5402	5402	port_py3_epang_T1_K25	2d26f9a8-cd5c-406a-9f83-a5230dbc9b24	same rank, other proposal	Species	Bipolaris bicolor	NA	0.907	Species	Bipolaris bicolor	Bipolaris sorokiniana	1.000	Fungi;Ascomycota;NA;Pleosporales;Pleosporaceae;Bipolaris;Bipolaris bicolor
n5402	5402	port_py3_epang_T1_K25	305639da-85cd-49ef-91d9-f4d119c01724	rank differs	Phylum	Ascomycota	NA	0.979	Family	NA	Aspergillaceae	0.990	Fungi;Ascomycota;NA;Eurotiales;NA;NA;NA
n5402	5402	port_py3_epang_T1_K25	3094c049-8a9f-48f0-a1e3-5187aac72b2b	rank differs	Phylum	Ascomycota	NA	0.961	Genus	Aspergillus	NA	0.805	Fungi;Ascomycota;NA;Eurotiales;Aspergillaceae;Aspergillus;NA
n5402	5402	port_py3_epang_T1_K25	32566fde-00ff-4522-b9f2-d20abdfabb4a	same rank, other proposal	Species	NA	Scorzonera laciniata	0.501	Species	NA	Scorzonera cana	1.000	Plantae;Tracheophyta;NA;Asterales;Asteraceae;Scorzonera;NA
n5402	5402	port_py3_epang_T1_K25	34565678-fd21-43bc-bdfd-81857813d66b	rank differs	Phylum	Ascomycota	NA	0.979	Family	NA	Aspergillaceae	0.990	Fungi;Ascomycota;NA;Eurotiales;NA;NA;NA
n5402	5402	port_py3_epang_T1_K25	3f6abd7f-f0d5-443f-a389-a6eee27f6f9c	same rank, other proposal	Species	Primula kialensis	Primula auriculata	0.855	Species	Primula kialensis	NA	0.673	Plantae;Tracheophyta;NA;Ericales;Primulaceae;Primula;Primula kialensis
n5402	5402	port_py3_epang_T1_K25	43d1f2da-cd5a-4920-b63c-9cad47de73d6	rank differs	Species	Scorzonera rupicola	NA	0.502	Genus	Scorzonera	Avellara	0.506	Plantae;Tracheophyta;NA;Asterales;Asteraceae;Scorzonera;Scorzonera rupicola
n5402	5402	port_py3_epang_T1_K25	48a13c9c-9be2-49d3-bfce-402636c5db17	same rank, other proposal	Species	NA	Ilex chapaensis	0.505	Species	NA	Ilex pseudobuxus	0.510	Plantae;Tracheophyta;NA;Aquifoliales;Aquifoliaceae;Ilex;NA
n5402	5402	port_py3_epang_T1_K25	49b03b88-ea7d-4272-a021-e022a3956e26	same rank, other proposal	Species	Scorzonera meyeri	Scorzonera laciniata	0.505	Species	Scorzonera meyeri	Scorzonera cana	0.999	Plantae;Tracheophyta;NA;Asterales;Asteraceae;Scorzonera;Scorzonera meyeri
n5402	5402	port_py3_epang_T1_K25	4d80381b-695e-4280-bc97-49c12f8a19b6	same rank, other proposal	Species	Ilex kunthiana	Ilex dumosa	0.741	Species	Ilex kunthiana	Ilex canariensis	1.000	Plantae;Tracheophyta;NA;Aquifoliales;Aquifoliaceae;Ilex;Ilex kunthiana
n5402	5402	port_py3_epang_T1_K25	5760c42e-ab35-48e7-b496-df3af57d3f42	same rank, other proposal	Species	Ilex paraguariensis	__TAXCLUSTER5__Ilex nitida	0.885	Species	Ilex paraguariensis	Ilex hainanensis	0.510	Plantae;Tracheophyta;NA;Aquifoliales;Aquifoliaceae;Ilex;Ilex paraguariensis
n5402	5402	port_py3_epang_T1_K25	5c4c7b4d-3a48-41e6-aa23-16fd38952d2b	rank differs	Phylum	Ascomycota	NA	0.955	Family	Aspergillaceae	NA	0.944	Fungi;Ascomycota;NA;Eurotiales;Aspergillaceae;Aspergillus;NA
n5402	5402	port_py3_epang_T1_K25	6072c3d3-27f2-4254-b369-2512e90d8d14	same rank, other proposal	Species	__TAXCLUSTER7__Scorzonera alpigena	Scorzonera laciniata	0.501	Species	__TAXCLUSTER7__Scorzonera alpigena	Scorzonera cana	1.000	Plantae;Tracheophyta;NA;Asterales;Asteraceae;Scorzonera;__TAXCLUSTER7__Scorzonera alpigena
n5402	5402	port_py3_epang_T1_K25	637cc4d6-fd74-4920-ac5f-b8df30a53a36	same rank, other proposal	Phylum	Marchantiophyta	Tracheophyta	0.814	Phylum	Marchantiophyta	Rhodophyta	1.000	Plantae;Marchantiophyta;NA
n5402	5402	port_py3_epang_T1_K25	6395c587-d1fa-4afd-927a-b8028547a117	same rank, other proposal	Species	Scorzonera meshhedensis	NA	0.736	Species	Scorzonera meshhedensis	Scorzonera cana	0.992	Plantae;Tracheophyta;NA;Asterales;Asteraceae;Scorzonera;Scorzonera meshhedensis
n5402	5402	port_py3_epang_T1_K25	6624c4e2-ddf6-463a-bb87-55ad83adf28f	rank differs	Phylum	Ascomycota	NA	0.979	Family	NA	Aspergillaceae	0.990	Fungi;Ascomycota;NA;Eurotiales;NA;NA;NA
n5402	5402	port_py3_epang_T1_K25	6d801571-9def-47be-9b28-5c7c38b1bc5a	same rank, other proposal	Species	NA	Scorzonera laciniata	0.459	Species	NA	Scorzonera cana	0.939	Plantae;Tracheophyta;NA;Asterales;Asteraceae;Scorzonera;NA
n5402	5402	port_py3_epang_T1_K25	7db8eea4-eb27-413e-b113-1ab22d18a77c	same rank, other proposal	Species	Scorzonera songorica	NA	0.736	Species	Scorzonera songorica	Scorzonera cana	0.992	Plantae;Tracheophyta;NA;Asterales;Asteraceae;Scorzonera;Scorzonera songorica
n5402	5402	port_py3_epang_T1_K25	80e412c5-b073-4eca-b960-861ace5b4481	rank differs	Species	Scorzonera grossheimii	NA	0.500	Family	Asteraceae	NA	0.510	Plantae;Tracheophyta;NA;Asterales;Asteraceae;Scorzonera;Scorzonera grossheimii
n5402	5402	port_py3_epang_T1_K25	82161f98-69aa-4b58-a88a-bb51dc9d4839	rank differs	Phylum	Ascomycota	NA	0.979	Genus	NA	Aspergillus	0.990	Fungi;Ascomycota;NA;Eurotiales;Aspergillaceae;NA;NA
n5402	5402	port_py3_epang_T1_K25	828a4923-aa40-4d1e-8f73-c8f394cec4c5	rank differs	Species	Scorzonera meyeri	NA	0.500	Family	Asteraceae	NA	0.510	Plantae;Tracheophyta;NA;Asterales;Asteraceae;Scorzonera;Scorzonera meyeri
n5402	5402	port_py3_epang_T1_K25	837dbf19-2f7f-4701-8404-f7a8f028d034	rank differs	Phylum	Ascomycota	NA	0.979	Genus	NA	Aspergillus	0.990	Fungi;Ascomycota;NA;Eurotiales;Aspergillaceae;NA;NA
n5402	5402	port_py3_epang_T1_K25	87ff8bcc-1e93-4eda-8ed7-c4769d033b38	rank differs	Phylum	Ascomycota	NA	0.979	Family	NA	Aspergillaceae	0.990	Fungi;Ascomycota;NA;Eurotiales;NA;NA;NA
n5402	5402	port_py3_epang_T1_K25	880bdd32-9d7b-4ab4-89db-8bbe9f1e43c2	same rank, other proposal	Genus	Takhtajaniantha	Gelasia	0.997	Genus	Takhtajaniantha	Scorzonera	0.927	Plantae;Tracheophyta;NA;Asterales;Asteraceae;Takhtajaniantha;Scorzonera latifolia
n5402	5402	port_py3_epang_T1_K25	8ec630d6-6d62-4821-a69f-79bf72c14c84	rank differs	Kingdom	Fungi	Plantae	0.999	Phylum	NA	Ascomycota	0.670	Fungi;NA;NA;NA;NA;NA;NA
n5402	5402	port_py3_epang_T1_K25	9ab4c695-afe7-4ef5-bc35-b49f03885557	rank differs	Phylum	Ascomycota	NA	0.979	Genus	NA	Aspergillus	0.990	Fungi;Ascomycota;NA;Eurotiales;Aspergillaceae;NA;NA
n5402	5402	port_py3_epang_T1_K25	9f0fc14d-aa4e-42c3-99aa-8d3bce2a1f2e	rank differs	Phylum	Ascomycota	NA	0.979	Genus	NA	Aspergillus	0.990	Fungi;Ascomycota;NA;Eurotiales;Aspergillaceae;NA;NA
n5402	5402	port_py3_epang_T1_K25	ae820b4f-7b8a-46a8-b974-82d1396f645d	same rank, other proposal	Species	Bipolaris bicolor	NA	0.996	Species	Bipolaris bicolor	Bipolaris sorokiniana	1.000	Fungi;Ascomycota;NA;Pleosporales;Pleosporaceae;Bipolaris;Bipolaris bicolor
n5402	5402	port_py3_epang_T1_K25	afe0c2ea-eabd-4592-bfc4-418cd425439d	same rank, other proposal	Species	Podospermum armenaicum	Scorzonera laciniata	0.513	Species	Podospermum armenaicum	Scorzonera cana	1.000	Plantae;Tracheophyta;NA;Asterales;Asteraceae;Scorzonera;Podospermum armenaicum
n5402	5402	port_py3_epang_T1_K25	b2698a7f-89cd-4982-a792-9af57aae6aec	rank differs	Species	Podospermum armenaicum	NA	0.500	Family	Asteraceae	NA	0.510	Plantae;Tracheophyta;NA;Asterales;Asteraceae;Scorzonera;Podospermum armenaicum
n5402	5402	port_py3_epang_T1_K25	b6d8728e-79f1-4161-a00d-e44d0d55b6f9	same rank, other proposal	Species	Scorzonera laciniata	NA	0.731	Species	Scorzonera laciniata	Scorzonera cana	0.995	Plantae;Tracheophyta;NA;Asterales;Asteraceae;Scorzonera;Scorzonera laciniata
n5402	5402	port_py3_epang_T1_K25	bde14395-f274-48a3-bc79-04715c5e53a4	rank differs	Phylum	Ascomycota	NA	0.955	Family	Aspergillaceae	NA	0.944	Fungi;Ascomycota;NA;Eurotiales;Aspergillaceae;Aspergillus;NA
n5402	5402	port_py3_epang_T1_K25	c53a3dc1-f43c-4d83-8903-b38499f3e58b	same rank, other proposal	Species	Primula stricta	Primula farinosa	0.845	Species	Primula stricta	NA	0.862	Plantae;Tracheophyta;NA;Ericales;Primulaceae;Primula;Primula stricta
n5402	5402	port_py3_epang_T1_K25	d5331c5d-abaa-44fe-b433-8bd111bd6103	rank differs	Phylum	Ascomycota	NA	0.979	Family	NA	Aspergillaceae	0.990	Fungi;Ascomycota;NA;Eurotiales;NA;NA;NA
n5402	5402	port_py3_epang_T1_K25	d70864c5-a547-42b6-924d-f0c3ea568f80	rank differs	Phylum	Ascomycota	NA	0.979	Family	NA	Aspergillaceae	0.990	Fungi;Ascomycota;NA;Eurotiales;NA;NA;NA
n5402	5402	port_py3_epang_T1_K25	ece734cb-2da2-4219-b034-e2ab73f6e576	rank differs	Phylum	Ascomycota	NA	0.979	Genus	NA	Aspergillus	0.990	Fungi;Ascomycota;NA;Eurotiales;Aspergillaceae;NA;NA
n5402	5402	port_py3_epang_T1_K25	f40f2308-6c0a-49cc-ae56-22a3fcff4a31	rank differs	Phylum	Ascomycota	NA	0.979	Genus	NA	Aspergillus	0.990	Fungi;Ascomycota;NA;Eurotiales;Aspergillaceae;NA;NA
n5402	5402	port_py3_epang_T1_K25	03dcd463-dc0a-442f-b02b-3b118fcc9f89	flagged by reference only	Phylum	Ascomycota	NA	0.957					Fungi;Ascomycota;NA;Eurotiales;Aspergillaceae;Aspergillus;NA
n5402	5402	port_py3_epang_T1_K25	071049b9-39fd-4ac9-8713-e574cae880cc	flagged by reference only	Species	NA	Ilex dumosa	0.893					Plantae;Tracheophyta;NA;Aquifoliales;Aquifoliaceae;Ilex;NA
n5402	5402	port_py3_epang_T1_K25	076e5bc3-e127-40cd-a368-db48acd30a11	flagged by reference only	Phylum	Ascomycota	NA	0.990					Fungi;Ascomycota;NA;Eurotiales;Aspergillaceae;Aspergillus;NA
n5402	5402	port_py3_epang_T1_K25	07cc3234-f742-4db1-9602-5aac4c2e1bb6	flagged by reference only	Phylum	Ascomycota	NA	0.979					Fungi;Ascomycota;NA;Eurotiales;Aspergillaceae;Aspergillus;NA
n5402	5402	port_py3_epang_T1_K25	08aa7f7b-5658-49b6-83d5-469223baad9e	flagged by reference only	Species	Scorzonera cana	Scorzonera laciniata	0.501					Plantae;Tracheophyta;NA;Asterales;Asteraceae;Scorzonera;Scorzonera cana
n5402	5402	port_py3_epang_T1_K25	0a9ea037-1a6c-4bf8-9439-01b562d25b70	flagged by reference only	Species	Ahnfeltia fastigiata	Ahnfeltia borealis	0.936					Plantae;Rhodophyta;NA;Ahnfeltiales;Ahnfeltiaceae;Ahnfeltia;Ahnfeltia fastigiata
n5402	5402	port_py3_epang_T1_K25	0fdf9944-6815-4705-b17e-f89ce31ad9dc	flagged by reference only	Phylum	Ascomycota	NA	0.979					Fungi;Ascomycota;NA;Eurotiales;Aspergillaceae;Aspergillus;NA
n5402	5402	port_py3_epang_T1_K25	0ff9deda-1c0e-4bc0-bbdc-47daf655941a	flagged by reference only	Phylum	Ascomycota	NA	0.979					Fungi;Ascomycota;NA;Eurotiales;Aspergillaceae;Aspergillus;NA
n5402	5402	port_py3_epang_T1_K25	11e94f0c-7474-4915-9292-eb3f363dbf47	flagged by reference only	Species	Ilex tsoi	Ilex macropoda	0.444					Plantae;Tracheophyta;NA;Aquifoliales;Aquifoliaceae;Ilex;Ilex tsoi
n5402	5402	port_py3_epang_T1_K25	1397aac3-68bb-4c5b-97c4-1719b63228f4	flagged by reference only	Phylum	Ascomycota	NA	0.959					Fungi;Ascomycota;NA;Eurotiales;Aspergillaceae;Aspergillus;NA
n5402	5402	port_py3_epang_T1_K25	14644f0d-0820-4736-a717-f9f0971b1550	flagged by reference only	Species	NA	Ilex latifolia	0.712					Plantae;Tracheophyta;NA;Aquifoliales;Aquifoliaceae;Ilex;NA
n5402	5402	port_py3_epang_T1_K25	14da7cc7-2cc6-4a54-ba9a-da5f612eb809	flagged by reference only	Phylum	Ascomycota	NA	0.957					Fungi;Ascomycota;NA;Eurotiales;Aspergillaceae;Aspergillus;NA
n5402	5402	port_py3_epang_T1_K25	16abc43e-c596-428d-902e-68dbebad42fe	flagged by reference only	Order	Eurotiales	Caliciales	0.482					Fungi;Ascomycota;NA;Eurotiales;Aspergillaceae;Aspergillus;NA
n5402	5402	port_py3_epang_T1_K25	1a36c39a-4914-4d75-a7b3-380c13e5d468	flagged by reference only	Phylum	Ascomycota	NA	0.979					Fungi;Ascomycota;NA;Eurotiales;Aspergillaceae;Aspergillus;NA
n5402	5402	port_py3_epang_T1_K25	1aaace59-026a-4b50-9666-12fe244cd256	flagged by reference only	Species	Scorzonera cana	Scorzonera laciniata	0.505					Plantae;Tracheophyta;NA;Asterales;Asteraceae;Scorzonera;Scorzonera cana
n5402	5402	port_py3_epang_T1_K25	1ac1131b-fc44-4a7f-b4c9-39aef53aacd6	flagged by reference only	Phylum	Ascomycota	NA	0.979					Fungi;Ascomycota;NA;Eurotiales;Aspergillaceae;Aspergillus;NA
n5402	5402	port_py3_epang_T1_K25	1b439a0b-ec06-491e-bbea-3c918fa05089	flagged by reference only	Phylum	Ascomycota	NA	0.946					Fungi;Ascomycota;NA;Eurotiales;Aspergillaceae;Aspergillus;NA
n5402	5402	port_py3_epang_T1_K25	1b5f2ed7-24db-4c38-a313-02f216154b3d	flagged by reference only	Phylum	Ascomycota	NA	0.979					Fungi;Ascomycota;NA;Eurotiales;Aspergillaceae;Aspergillus;NA
n5402	5402	port_py3_epang_T1_K25	1ce6e2e4-35e9-437d-8f63-2e53e508cb1c	flagged by reference only	Species	Nymphaea odorata	Nymphaea mexicana	0.510					Plantae;Tracheophyta;NA;Nymphaeales;Nymphaeaceae;Nymphaea;Nymphaea odorata
n5402	5402	port_py3_epang_T1_K25	1e9787ea-ed6a-4151-860e-067b06deca6c	flagged by reference only	Species	Aspergillus penicillioides	NA	0.989					Fungi;Ascomycota;NA;Eurotiales;Aspergillaceae;Aspergillus;Aspergillus penicillioides
n5402	5402	port_py3_epang_T1_K25	20e3ae12-df8d-451c-b400-724cfb26c93a	flagged by reference only	Species	NA	Asterochloris italiana	0.693					Plantae;Chlorophyta;NA;Microthamniales;NA;Asterochloris;NA
n5402	5402	port_py3_epang_T1_K25	213df940-1c78-4d7b-b0e7-9f349fe330e7	flagged by reference only	Species	Scorzonera hirsuta	Gelasia caespitosa	0.509					Plantae;Tracheophyta;NA;Asterales;Asteraceae;Gelasia;Scorzonera hirsuta
n5402	5402	port_py3_epang_T1_K25	26a97b41-adb7-419e-b846-9fc2766b44a6	flagged by reference only	Phylum	Ascomycota	NA	0.979					Fungi;Ascomycota;NA;Eurotiales;Aspergillaceae;Aspergillus;NA
n5402	5402	port_py3_epang_T1_K25	2b01709e-55ec-459c-993a-db840a73c6b8	flagged by reference only	Species	Mucuna bennettii	Mucuna warburgii	0.929					Plantae;Tracheophyta;NA;Fabales;Fabaceae;Mucuna;Mucuna bennettii
n5402	5402	port_py3_epang_T1_K25	2cefc528-3e88-4f9c-99cd-de22c20a2745	flagged by reference only	Species	NA	Primula auriculata	0.834					Plantae;Tracheophyta;NA;Ericales;Primulaceae;Primula;NA
n5402	5402	port_py3_epang_T1_K25	334f9b2a-c11d-4004-8187-c57495f32044	flagged by reference only	Species	Primula nivalis	Primula longipes	0.901					Plantae;Tracheophyta;NA;Ericales;Primulaceae;Primula;Primula nivalis
n5402	5402	port_py3_epang_T1_K25	33c1c868-a488-4696-b41c-d711dff0b706	flagged by reference only	Phylum	Ascomycota	NA	0.979					Fungi;Ascomycota;NA;Eurotiales;Aspergillaceae;Aspergillus;NA
n5402	5402	port_py3_epang_T1_K25	3714416d-0f4c-4611-a62b-2c9cbe09d0f8	flagged by reference only	Species	NA	Ilex chinensis	0.964					Plantae;Tracheophyta;NA;Aquifoliales;Aquifoliaceae;Ilex;NA
n5402	5402	port_py3_epang_T1_K25	3bc2fd39-492c-45fb-90ca-2123e59b6a6b	flagged by reference only	Phylum	Ascomycota	NA	0.979					Fungi;Ascomycota;NA;Eurotiales;Aspergillaceae;Aspergillus;NA
n5402	5402	port_py3_epang_T1_K25	3c6b4584-945c-43eb-b023-47dc571558c7	flagged by reference only	Species	Asterochloris irregularis	Asterochloris glomerata	0.433					Plantae;Chlorophyta;NA;Microthamniales;NA;Asterochloris;Asterochloris irregularis
n5402	5402	port_py3_epang_T1_K25	3fc66a6e-8cb6-4775-bba6-34a263c36c8a	flagged by reference only	Species	Scorzonera cana	Scorzonera laciniata	0.477					Plantae;Tracheophyta;NA;Asterales;Asteraceae;Scorzonera;Scorzonera cana
n5402	5402	port_py3_epang_T1_K25	40e6c789-8b27-49b5-b2d3-f116be0b9f6d	flagged by reference only	Phylum	Ascomycota	NA	0.979					Fungi;Ascomycota;NA;Eurotiales;Aspergillaceae;Aspergillus;NA
n5402	5402	port_py3_epang_T1_K25	467f2e49-f2a1-4fbe-b785-b7f446063d23	flagged by reference only	Phylum	Ascomycota	NA	0.979					Fungi;Ascomycota;NA;Eurotiales;Aspergillaceae;Aspergillus;NA
n5402	5402	port_py3_epang_T1_K25	4799bbd3-6f74-478a-a51c-f7212f1b61a9	flagged by reference only	Species	Primula matthioli	Cortusa matthioli	1.000					Plantae;Tracheophyta;NA;Ericales;Primulaceae;Primula;Primula matthioli
n5402	5402	port_py3_epang_T1_K25	4927ad31-95e2-47c5-acc2-e15d6dabac3d	flagged by reference only	Species	Scorzonera cana	Scorzonera laciniata	0.501					Plantae;Tracheophyta;NA;Asterales;Asteraceae;Scorzonera;Scorzonera cana
n5402	5402	port_py3_epang_T1_K25	49efd852-fc8c-47f1-b315-403a54e85348	flagged by reference only	Phylum	Basidiomycota	NA	1.000					Fungi;Basidiomycota;NA;Cantharellales;Tulasnellaceae;NA;NA
n5402	5402	port_py3_epang_T1_K25	4b70afd0-e960-4fcd-bdc0-9e4bb7a5cd99	flagged by reference only	Phylum	Ascomycota	NA	0.979					Fungi;Ascomycota;NA;Eurotiales;Aspergillaceae;Aspergillus;NA
n5402	5402	port_py3_epang_T1_K25	4c58a234-9a0a-4052-b074-618b7c5ea398	flagged by reference only	Species	Primula auricula	Primula marginata	0.440					Plantae;Tracheophyta;NA;Ericales;Primulaceae;Primula;Primula auricula
n5402	5402	port_py3_epang_T1_K25	4f5a77c5-9ee4-46d5-b095-8a1600ddb6ef	flagged by reference only	Phylum	Ascomycota	NA	0.979					Fungi;Ascomycota;NA;Eurotiales;Aspergillaceae;Aspergillus;NA
n5402	5402	port_py3_epang_T1_K25	4fd4c436-cbab-44bf-956f-f676fcb68535	flagged by reference only	Phylum	Ascomycota	NA	0.979					Fungi;Ascomycota;NA;Eurotiales;Aspergillaceae;Aspergillus;NA
n5402	5402	port_py3_epang_T1_K25	4fdc2d5c-fe5d-4273-908e-6785b6f69cb7	flagged by reference only	Phylum	Ascomycota	NA	0.955					Fungi;Ascomycota;NA;Eurotiales;NA;NA;NA
n5402	5402	port_py3_epang_T1_K25	51702362-1a19-42f3-8fd4-f5abcbbe0310	flagged by reference only	Genus	Scorzonera	Gelasia	0.999					Plantae;Tracheophyta;NA;Asterales;Asteraceae;Scorzonera;NA
n5402	5402	port_py3_epang_T1_K25	51825c9b-0c38-4da9-b637-206559bb251c	flagged by reference only	Species	NA	Primula chionantha	0.486					Plantae;Tracheophyta;NA;Ericales;Primulaceae;Primula;NA
n5402	5402	port_py3_epang_T1_K25	52a54f3b-b2c6-418c-ab0b-09ad1ce64f4f	flagged by reference only	Species	Primula matthioli	Cortusa matthioli	0.999					Plantae;Tracheophyta;NA;Ericales;Primulaceae;Primula;Primula matthioli
n5402	5402	port_py3_epang_T1_K25	52ee4c25-e482-40e8-b264-0838f7555fbf	flagged by reference only	Species	NA	Asterochloris italiana	0.868					Plantae;Chlorophyta;NA;Microthamniales;NA;Asterochloris;NA
n5402	5402	port_py3_epang_T1_K25	53123e18-fd59-4734-9557-fe6d7bf65cff	flagged by reference only	Phylum	Ascomycota	NA	0.979					Fungi;Ascomycota;NA;Eurotiales;Aspergillaceae;Aspergillus;NA
n5402	5402	port_py3_epang_T1_K25	53c36fcc-620d-4a64-977a-e634ec058619	flagged by reference only	Species	Primula dongchuanensis	__TAXCLUSTER10__Primula helodoxa	0.542					Plantae;Tracheophyta;NA;Ericales;Primulaceae;Primula;Primula dongchuanensis
n5402	5402	port_py3_epang_T1_K25	543c8f55-7170-48c2-beee-ea019268da8f	flagged by reference only	Phylum	Ascomycota	NA	0.979					Fungi;Ascomycota;NA;Eurotiales;Aspergillaceae;Aspergillus;NA
n5402	5402	port_py3_epang_T1_K25	55d2e1c1-4323-46f9-8466-f5c06b3de798	flagged by reference only	Species	NA	Asterochloris glomerata	0.433					Plantae;Chlorophyta;NA;Microthamniales;NA;Asterochloris;NA
n5402	5402	port_py3_epang_T1_K25	5695f4e5-3431-47d7-bc75-86221ca53c5d	flagged by reference only	Species	Primula matthioli	Cortusa matthioli	1.000					Plantae;Tracheophyta;NA;Ericales;Primulaceae;Primula;Primula matthioli
n5402	5402	port_py3_epang_T1_K25	5b1865a8-3cb9-4d4f-9289-611ed0fc6c7a	flagged by reference only	Phylum	Ascomycota	NA	0.979					Fungi;Ascomycota;NA;Eurotiales;Aspergillaceae;Aspergillus;NA
n5402	5402	port_py3_epang_T1_K25	5fced340-2b94-47b4-b9fd-8a490474abb6	flagged by reference only	Species	Primula handeliana	Primula longipes	0.901					Plantae;Tracheophyta;NA;Ericales;Primulaceae;Primula;Primula handeliana
n5402	5402	port_py3_epang_T1_K25	5ff66743-ac50-4d3e-af55-82adaaf6efdc	flagged by reference only	Phylum	Ascomycota	NA	0.979					Fungi;Ascomycota;NA;Eurotiales;Aspergillaceae;Aspergillus;NA
n5402	5402	port_py3_epang_T1_K25	607930de-d2db-465a-81ac-2cae77b6e726	flagged by reference only	Phylum	Ascomycota	NA	0.979					Fungi;Ascomycota;NA;Eurotiales;Aspergillaceae;Aspergillus;NA
n5402	5402	port_py3_epang_T1_K25	61c76c58-d7ab-426a-b052-a8577bdce8c0	flagged by reference only	Phylum	Ascomycota	NA	0.979					Fungi;Ascomycota;NA;Eurotiales;Aspergillaceae;Aspergillus;NA
n5402	5402	port_py3_epang_T1_K25	63d38c90-3385-454d-93d0-7cd78628c5c1	flagged by reference only	Species	Primula handeliana	Primula longipes	0.901					Plantae;Tracheophyta;NA;Ericales;Primulaceae;Primula;Primula handeliana
n5402	5402	port_py3_epang_T1_K25	6595f094-7a95-4453-8e5a-8327d805f98f	flagged by reference only	Species	NA	Asterochloris glomerata	0.433					Plantae;Chlorophyta;NA;Microthamniales;NA;Asterochloris;NA
n5402	5402	port_py3_epang_T1_K25	65e383cb-8ff3-4b15-934b-a35dc2d6e1dc	flagged by reference only	Phylum	Ascomycota	NA	0.990					Fungi;Ascomycota;NA;Eurotiales;Aspergillaceae;Aspergillus;NA
n5402	5402	port_py3_epang_T1_K25	6790a1d9-1b8a-4158-aa57-667b6b58e359	flagged by reference only	Genus	Pseudopodospermum	Scorzonera	0.999					Plantae;Tracheophyta;NA;Asterales;Asteraceae;Pseudopodospermum
n5402	5402	port_py3_epang_T1_K25	68cc08eb-c3cc-43d6-8e36-c77f8041de97	flagged by reference only	Phylum	Ascomycota	NA	0.979					Fungi;Ascomycota;NA;Eurotiales;Aspergillaceae;Aspergillus;NA
n5402	5402	port_py3_epang_T1_K25	694550dc-2464-41d7-8575-b61eb76fb4eb	flagged by reference only	Phylum	Ascomycota	NA	0.979					Fungi;Ascomycota;NA;Eurotiales;Aspergillaceae;Aspergillus;NA
n5402	5402	port_py3_epang_T1_K25	73b983f2-ef79-45f8-ba0c-99aba358b3c8	flagged by reference only	Species	Aspergillus penicillioides	NA	0.989					Fungi;Ascomycota;NA;Eurotiales;Aspergillaceae;Aspergillus;Aspergillus penicillioides
n5402	5402	port_py3_epang_T1_K25	74e4f1f6-99e6-4bdb-af81-c275672c28b2	flagged by reference only	Species	Bipolaris bicolor	NA	0.903					Fungi;Ascomycota;NA;Pleosporales;Pleosporaceae;Bipolaris;Bipolaris bicolor
n5402	5402	port_py3_epang_T1_K25	78bc7019-e5e3-42ea-900d-34afdf5c61e8	flagged by reference only	Species	NA	Primula farinosa	0.845					Plantae;Tracheophyta;NA;Ericales;Primulaceae;Primula;NA
n5402	5402	port_py3_epang_T1_K25	7a6af31f-b747-4847-94e7-918fcdcd3620	flagged by reference only	Species	NA	Asterochloris glomerata	0.433					Plantae;Chlorophyta;NA;Microthamniales;NA;Asterochloris;NA
n5402	5402	port_py3_epang_T1_K25	7dacca45-4667-4ce5-83af-af818e59bc2f	flagged by reference only	Phylum	Ascomycota	NA	0.979					Fungi;Ascomycota;NA;Eurotiales;Aspergillaceae;Aspergillus;NA
n5402	5402	port_py3_epang_T1_K25	7db63b58-98f2-4df8-bddd-941b96ec63c7	flagged by reference only	Phylum	Ascomycota	NA	0.979					Fungi;Ascomycota;NA;Eurotiales;Aspergillaceae;Aspergillus;NA
n5402	5402	port_py3_epang_T1_K25	7e0cc1a4-3887-4b7c-869b-44f4dd00c766	flagged by reference only	Phylum	Ascomycota	NA	0.979					Fungi;Ascomycota;NA;Eurotiales;Aspergillaceae;Aspergillus;NA
n5402	5402	port_py3_epang_T1_K25	83b8a334-0438-4b61-a26e-25c9997e2fbe	flagged by reference only	Species	Asterochloris mediterranea	NA	0.734					Plantae;Chlorophyta;NA;Microthamniales;NA;Asterochloris;Asterochloris mediterranea
n5402	5402	port_py3_epang_T1_K25	85019380-437b-475b-a8f1-3ce86f19e2cb	flagged by reference only	Phylum	Ascomycota	NA	0.955					Fungi;Ascomycota;NA;Eurotiales;NA;NA;NA
n5402	5402	port_py3_epang_T1_K25	8680bb75-da19-415f-a7b1-4efc1d967cfd	flagged by reference only	Species	Primula nutans	Primula eximia	0.499					Plantae;Tracheophyta;NA;Ericales;Primulaceae;Primula;Primula nutans
n5402	5402	port_py3_epang_T1_K25	86e6fe1d-56f4-4080-9847-f58bb6a5aa3a	flagged by reference only	Species	Mucuna bennettii	Mucuna warburgii	0.929					Plantae;Tracheophyta;NA;Fabales;Fabaceae;Mucuna;Mucuna bennettii
n5402	5402	port_py3_epang_T1_K25	8a957ac5-7f8d-4d51-bc81-8383ebe8338d	flagged by reference only	Species	NA	Asterochloris irregularis	0.719					Plantae;Chlorophyta;NA;Microthamniales;NA;Asterochloris;NA
n5402	5402	port_py3_epang_T1_K25	8aabd75f-2508-4069-be47-dc664595c211	flagged by reference only	Phylum	Ascomycota	NA	0.955					Fungi;Ascomycota;NA;Eurotiales;NA;NA;NA
n5402	5402	port_py3_epang_T1_K25	9170f2a3-a8f4-41f9-8aa2-3bf0b183bf54	flagged by reference only	Phylum	Ascomycota	NA	0.955					Fungi;Ascomycota;NA;Eurotiales;NA;NA;NA
n5402	5402	port_py3_epang_T1_K25	92073f88-172b-4d9b-898e-a3d71e7ce4b1	flagged by reference only	Species	__TAXCLUSTER17__Primula szechuanica	Primula longipes	0.901					Plantae;Tracheophyta;NA;Ericales;Primulaceae;Primula;__TAXCLUSTER17__Primula szechuanica
n5402	5402	port_py3_epang_T1_K25	94ab3c51-9283-4363-b390-f6f0ca9f7170	flagged by reference only	Phylum	Ascomycota	NA	0.955					Fungi;Ascomycota;NA;Eurotiales;NA;NA;NA
n5402	5402	port_py3_epang_T1_K25	963c8d04-1c92-45b6-ab9f-06420a402b4b	flagged by reference only	Phylum	Ascomycota	NA	0.979					Fungi;Ascomycota;NA;Eurotiales;Aspergillaceae;Aspergillus;NA
n5402	5402	port_py3_epang_T1_K25	9647f17f-d5d9-4085-9293-e57d4c0269d8	flagged by reference only	Phylum	Ascomycota	NA	0.979					Fungi;Ascomycota;NA;Eurotiales;Aspergillaceae;Aspergillus;NA
n5402	5402	port_py3_epang_T1_K25	97311ffc-d825-4d81-96cb-deaa05ae4508	flagged by reference only	Infraorder	Alternaria	Bipolaris	0.987					Fungi;Ascomycota;NA;Pleosporales;Pleosporaceae;Alternaria;NA
n5402	5402	port_py3_epang_T1_K25	9a3f7c67-f7d6-400a-9d3d-91a27b0f34a3	flagged by reference only	Species	Ilex micrococca	Ilex kwangtungensis	0.816					Plantae;Tracheophyta;NA;Aquifoliales;Aquifoliaceae;Ilex;Ilex micrococca
n5402	5402	port_py3_epang_T1_K25	9b99a095-c874-4640-b417-89177fac1f99	flagged by reference only	Species	NA	Primula longipes	0.901					Plantae;Tracheophyta;NA;Ericales;Primulaceae;Primula;NA
n5402	5402	port_py3_epang_T1_K25	9c8a9863-6909-4d38-a68a-50c8fe342051	flagged by reference only	Phylum	Ascomycota	NA	0.916					Fungi;Ascomycota;NA;Eurotiales;Aspergillaceae;Aspergillus;NA
n5402	5402	port_py3_epang_T1_K25	a9f98a0a-f713-4d64-8e3b-284123878207	flagged by reference only	Species	NA	Asterochloris irregularis	0.419					Plantae;Chlorophyta;NA;Microthamniales;NA;Asterochloris;NA
n5402	5402	port_py3_epang_T1_K25	b077ef98-702d-44fd-bf59-dce3a60feb28	flagged by reference only	Species	Ilex rotunda	Ilex chapaensis	0.505					Plantae;Tracheophyta;NA;Aquifoliales;Aquifoliaceae;Ilex;Ilex rotunda
n5402	5402	port_py3_epang_T1_K25	b1c9f439-e9e5-49c0-9f44-157be4b25a78	flagged by reference only	Species	Scorzonera cana	NA	0.788					Plantae;Tracheophyta;NA;Asterales;Asteraceae;Scorzonera;Scorzonera cana
n5402	5402	port_py3_epang_T1_K25	b369d4e6-f8f6-49d3-8d21-6dc7684b461f	flagged by reference only	Phylum	Ascomycota	NA	0.961					Fungi;Ascomycota;NA;Eurotiales;Aspergillaceae;Aspergillus;NA
n5402	5402	port_py3_epang_T1_K25	b4701a75-4e2c-431d-b754-6b6f3ae316ac	flagged by reference only	Species	Asterochloris irregularis	Asterochloris glomerata	0.433					Plantae;Chlorophyta;NA;Microthamniales;NA;Asterochloris;Asterochloris irregularis
n5402	5402	port_py3_epang_T1_K25	b77bf342-72ce-453b-9753-58721a014e6b	flagged by reference only	Phylum	Ascomycota	NA	0.990					Fungi;Ascomycota;NA;Eurotiales;Aspergillaceae;Aspergillus;NA
n5402	5402	port_py3_epang_T1_K25	b80c258c-729b-4c88-bf50-cbb3d2b86fdd	flagged by reference only	Species	NA	Nymphaea caerulea	0.642					Plantae;Tracheophyta;NA;Nymphaeales;Nymphaeaceae;Nymphaea;NA
n5402	5402	port_py3_epang_T1_K25	b9b7976e-d22b-4c50-aa10-5a2c6c131266	flagged by reference only	Phylum	Ascomycota	NA	0.979					Fungi;Ascomycota;NA;Eurotiales;Aspergillaceae;Aspergillus;NA
n5402	5402	port_py3_epang_T1_K25	bbd4a52a-c334-41c7-afb9-7c68a919ca1f	flagged by reference only	Phylum	Ascomycota	NA	0.979					Fungi;Ascomycota;NA;Eurotiales;Aspergillaceae;Aspergillus;NA
n5402	5402	port_py3_epang_T1_K25	bead2600-8619-4a0d-8619-0295ad20a79e	flagged by reference only	Species	Scorzonera virgata	Scorzonera tragopogonoides	0.502					Plantae;Tracheophyta;NA;Asterales;Asteraceae;Scorzonera;Scorzonera virgata
n5402	5402	port_py3_epang_T1_K25	c1ac0826-9f4a-4388-a929-f8f1c27ed151	flagged by reference only	Phylum	Ascomycota	NA	0.904					Fungi;Ascomycota;NA;Eurotiales;Aspergillaceae;Aspergillus;NA
n5402	5402	port_py3_epang_T1_K25	c5b3b83f-30c1-4c6a-81a9-1323c22eb97f	flagged by reference only	Phylum	Ascomycota	NA	0.945					Fungi;Ascomycota;NA;Eurotiales;Aspergillaceae;Aspergillus;NA
n5402	5402	port_py3_epang_T1_K25	ca36daf6-930d-419d-8d88-5bf2c8893333	flagged by reference only	Species	__TAXCLUSTER17__Primula szechuanica	Primula longipes	0.901					Plantae;Tracheophyta;NA;Ericales;Primulaceae;Primula;__TAXCLUSTER17__Primula szechuanica
n5402	5402	port_py3_epang_T1_K25	ca568fc8-9d1a-4eaf-b692-8da5beb540ab	flagged by reference only	Phylum	Basidiomycota	NA	1.000					Fungi;Basidiomycota;NA;Cantharellales;Tulasnellaceae;NA;NA
n5402	5402	port_py3_epang_T1_K25	ca8578e1-4583-44ed-8ba0-b2239ae20d75	flagged by reference only	Species	__TAXCLUSTER17__Primula szechuanica	Primula longipes	0.901					Plantae;Tracheophyta;NA;Ericales;Primulaceae;Primula;__TAXCLUSTER17__Primula szechuanica
n5402	5402	port_py3_epang_T1_K25	ce999006-80dc-4b0a-9311-cd7fa91d5764	flagged by reference only	Infraorder	Alternaria	Bipolaris	0.987					Fungi;Ascomycota;NA;Pleosporales;Pleosporaceae;Alternaria;NA
n5402	5402	port_py3_epang_T1_K25	d0ef184b-b4a3-4c7d-a595-27a16025db4e	flagged by reference only	Species	Bipolaris bicolor	NA	0.996					Fungi;Ascomycota;NA;Pleosporales;Pleosporaceae;Bipolaris;Bipolaris bicolor
n5402	5402	port_py3_epang_T1_K25	d479704b-1f91-42e3-81ee-bd3dc7aadd19	flagged by reference only	Species	Ahnfeltia fastigiata	Ahnfeltia borealis	0.936					Plantae;Rhodophyta;NA;Ahnfeltiales;Ahnfeltiaceae;Ahnfeltia;Ahnfeltia fastigiata
n5402	5402	port_py3_epang_T1_K25	dcf87a27-390b-4810-afb0-45ff333ac7b9	flagged by reference only	Phylum	Ascomycota	NA	0.955					Fungi;Ascomycota;NA;Eurotiales;NA;NA;NA
n5402	5402	port_py3_epang_T1_K25	dfc2b5cd-a050-4b7b-9f1b-92bccd8e8814	flagged by reference only	Species	Bipolaris bicolor	NA	0.903					Fungi;Ascomycota;NA;Pleosporales;Pleosporaceae;Bipolaris;Bipolaris bicolor
n5402	5402	port_py3_epang_T1_K25	e218e97f-2c1a-4c43-811e-c1b820686d32	flagged by reference only	Phylum	Ascomycota	NA	0.979					Fungi;Ascomycota;NA;Eurotiales;Aspergillaceae;Aspergillus;NA
n5402	5402	port_py3_epang_T1_K25	eca19769-a0c7-4c41-944a-ef2fd1f34b13	flagged by reference only	Species	Bipolaris bicolor	NA	0.996					Fungi;Ascomycota;NA;Pleosporales;Pleosporaceae;Bipolaris;Bipolaris bicolor
n5402	5402	port_py3_epang_T1_K25	ee5718a9-cb16-4a89-9049-6c966052724e	flagged by reference only	Species	Ilex theezans	Ilex brasiliensis	0.956					Plantae;Tracheophyta;NA;Aquifoliales;Aquifoliaceae;Ilex;Ilex theezans
n5402	5402	port_py3_epang_T1_K25	eec10d11-6f76-4715-80b3-3b8709270780	flagged by reference only	Species	Primula matthioli	Cortusa matthioli	1.000					Plantae;Tracheophyta;NA;Ericales;Primulaceae;Primula;Primula matthioli
n5402	5402	port_py3_epang_T1_K25	f3f227ed-3771-471b-954a-acc803114547	flagged by reference only	Species	Primula handeliana	Primula longipes	0.977					Plantae;Tracheophyta;NA;Ericales;Primulaceae;Primula;Primula handeliana
n5402	5402	port_py3_epang_T1_K25	f4e6b4af-f2b7-484a-82a1-a94f10036a4e	flagged by reference only	Phylum	Ascomycota	NA	0.935					Fungi;Ascomycota;NA;Eurotiales;Aspergillaceae;Aspergillus;NA
n5402	5402	port_py3_epang_T1_K25	f56e8933-d80f-47a1-ac4b-a2f99f04421c	flagged by reference only	Species	Scorzonera cana	Scorzonera laciniata	0.505					Plantae;Tracheophyta;NA;Asterales;Asteraceae;Scorzonera;Scorzonera cana
n5402	5402	port_py3_epang_T1_K25	fc2f9287-bd3f-410a-9123-2b316fdec5e9	flagged by reference only	Species	Cortusa matthioli	Primula algida	0.805					Plantae;Tracheophyta;NA;Ericales;Primulaceae;Primula;Cortusa matthioli
n5402	5402	port_py3_epang_T1_K25	ffcce14b-f26f-462c-a9fa-3beadc982c29	flagged by reference only	Species	Ahnfeltia fastigiata	Ahnfeltia borealis	0.936					Plantae;Rhodophyta;NA;Ahnfeltiales;Ahnfeltiaceae;Ahnfeltia;Ahnfeltia fastigiata
n5402	5402	port_py3_epang_T1_K25	00191c72-2b00-41db-9d09-a49ea3c5ffd9	flagged by test only					Species	Primula algida	Cortusa matthioli	1.000	Plantae;Tracheophyta;NA;Ericales;Primulaceae;Primula;Primula algida
n5402	5402	port_py3_epang_T1_K25	0043ddd3-9e72-4a19-bcfd-47feed13ef05	flagged by test only					Phylum	NA	Ascomycota	1.000	Fungi;NA;NA;NA;NA;NA;NA
n5402	5402	port_py3_epang_T1_K25	0326d4e3-c803-4299-a077-8d71e9c7ee1f	flagged by test only					Kingdom	Plantae	Fungi	1.000	Plantae;Tracheophyta;NA;Poales;Cyperaceae;Carex;Carex acutiformis
n5402	5402	port_py3_epang_T1_K25	043d42c3-9c58-4f97-ad62-7ff9be57e183	flagged by test only					Genus	Aspergillus	NA	0.679	Fungi;Ascomycota;NA;Eurotiales;Aspergillaceae;Aspergillus;NA
n5402	5402	port_py3_epang_T1_K25	046a6bab-79d9-4153-9319-29e8ec004cbf	flagged by test only					Species	Ilex pernyi	Ilex canariensis	1.000	Plantae;Tracheophyta;NA;Aquifoliales;Aquifoliaceae;Ilex;Ilex pernyi
n5402	5402	port_py3_epang_T1_K25	04b64c7b-7d13-44a1-b73a-a1f3489d706a	flagged by test only					Species	Primula elatior	Primula vulgaris	0.971	Plantae;Tracheophyta;NA;Ericales;Primulaceae;Primula;Primula elatior
n5402	5402	port_py3_epang_T1_K25	04f17627-601d-4f8f-bb1b-aa3d09da7e32	flagged by test only					Phylum	NA	Ascomycota	1.000	Fungi;NA;NA;NA;NA;NA;NA
n5402	5402	port_py3_epang_T1_K25	06c3d543-3c24-4673-afe0-617dffd6391c	flagged by test only					Species	Primula grandis	Primula elatior	0.997	Plantae;Tracheophyta;NA;Ericales;Primulaceae;Primula;Primula grandis
n5402	5402	port_py3_epang_T1_K25	07aac45f-752e-494c-82e4-97abc6cb12c1	flagged by test only					Species	Primula auriculata	Primula modesta	0.510	Plantae;Tracheophyta;NA;Ericales;Primulaceae;Primula;Primula auriculata
n5402	5402	port_py3_epang_T1_K25	09a51f98-0f9b-4eb0-93b1-a18df16fdcdf	flagged by test only					Species	Primula allionii	Primula auriculata	0.510	Plantae;Tracheophyta;NA;Ericales;Primulaceae;Primula;Primula allionii
n5402	5402	port_py3_epang_T1_K25	0ad0a660-47a5-4cc8-9f14-5bfc92165579	flagged by test only					Species	Asterochloris irregularis	NA	0.706	Plantae;Chlorophyta;NA;Microthamniales;NA;Asterochloris;Asterochloris irregularis
n5402	5402	port_py3_epang_T1_K25	0cd4a3aa-5fa7-471f-be91-d2ba94ae0cbd	flagged by test only					Species	Primula nutans	Primula egaliksensis	0.777	Plantae;Tracheophyta;NA;Ericales;Primulaceae;Primula;Primula nutans
n5402	5402	port_py3_epang_T1_K25	10664ba8-3f6c-48e5-9c9f-aa5940b751bd	flagged by test only					Species	Ilex opaca	Ilex hainanensis	0.510	Plantae;Tracheophyta;NA;Aquifoliales;Aquifoliaceae;Ilex;Ilex opaca
n5402	5402	port_py3_epang_T1_K25	11911fb5-383b-4692-ac57-a6ec792a337d	flagged by test only					Species	Bipolaris sorokiniana	NA	0.950	Fungi;Ascomycota;NA;Pleosporales;Pleosporaceae;Bipolaris;Bipolaris sorokiniana
n5402	5402	port_py3_epang_T1_K25	13696475-39a1-416d-8d98-0b7160c3e7e5	flagged by test only					Phylum	NA	Basidiomycota	1.000	Fungi;NA;NA;NA;NA;NA;NA
n5402	5402	port_py3_epang_T1_K25	1a544f15-be09-4d5e-89b4-b4ac38a77144	flagged by test only					Species	Primula elatior	Primula vulgaris	0.970	Plantae;Tracheophyta;NA;Ericales;Primulaceae;Primula;Primula elatior
n5402	5402	port_py3_epang_T1_K25	1d7d9a48-a7e5-4065-af2c-1030fd3c36fe	flagged by test only					Kingdom	Plantae	Fungi	1.000	Plantae;Tracheophyta;NA;Poales;Cyperaceae;Carex;Carex acutiformis
n5402	5402	port_py3_epang_T1_K25	1ff93911-5ef5-458e-b675-617c8b7ec62d	flagged by test only					Phylum	NA	Basidiomycota	1.000	Fungi;NA;NA;NA;NA;NA;NA
n5402	5402	port_py3_epang_T1_K25	1ffced88-f8a8-4095-9d0e-06751b0cbf0c	flagged by test only					Kingdom	Plantae	Fungi	1.000	Plantae;Tracheophyta;NA;Poales;Cyperaceae;Carex;Carex arcta
n5402	5402	port_py3_epang_T1_K25	2031147c-b537-40dc-981b-896b02677c1d	flagged by test only					Species	Primula elatior	Primula vulgaris	0.971	Plantae;Tracheophyta;NA;Ericales;Primulaceae;Primula;Primula elatior
n5402	5402	port_py3_epang_T1_K25	25569ec5-197d-4eb1-880e-fc51fddfe299	flagged by test only					Genus	NA	Aspergillus	0.525	Fungi;Ascomycota;NA;Eurotiales;Aspergillaceae;NA;NA
n5402	5402	port_py3_epang_T1_K25	258cc3a5-bc03-4877-8e90-2c06b2701773	flagged by test only					Species	Ilex mitis	NA	0.827	Plantae;Tracheophyta;NA;Aquifoliales;Aquifoliaceae;Ilex;Ilex mitis
n5402	5402	port_py3_epang_T1_K25	27923d6d-37fe-4450-bd5d-09df700b5510	flagged by test only					Family	Asteraceae	NA	0.510	Plantae;Tracheophyta;NA;Asterales;Asteraceae;Scorzonera;NA
n5402	5402	port_py3_epang_T1_K25	29ae626e-7ca4-4f6d-bf41-f8e967b555be	flagged by test only					Species	NA	Scorzonera cana	1.000	Plantae;Tracheophyta;NA;Asterales;Asteraceae;Scorzonera;NA
n5402	5402	port_py3_epang_T1_K25	2d7824b6-43ce-41e9-adc9-7bb57c18be6a	flagged by test only					Species	Scorzonera tragopogonoides	Scorzonera albicaulis	1.000	Plantae;Tracheophyta;NA;Asterales;Asteraceae;Scorzonera;Scorzonera tragopogonoides
n5402	5402	port_py3_epang_T1_K25	2daca48d-67cf-41a9-b2a8-898626cb179f	flagged by test only					Kingdom	Plantae	Fungi	1.000	Plantae;Tracheophyta;NA;Poales;Cyperaceae;Carex;Carex acutiformis
n5402	5402	port_py3_epang_T1_K25	2e188f33-6f0e-4045-8d86-40a13f23616f	flagged by test only					Phylum	NA	Ascomycota	1.000	Fungi;NA;NA;NA;NA;NA;NA
n5402	5402	port_py3_epang_T1_K25	2e7de12f-3f3d-4495-94ef-9aa14be2f046	flagged by test only					Species	Carex acuta	Carex angustata	1.000	Plantae;Tracheophyta;NA;Poales;Cyperaceae;Carex;Carex acuta
n5402	5402	port_py3_epang_T1_K25	2f6c1945-4824-40e7-b155-78597c1c1187	flagged by test only					Species	Ilex brevicuspis	Ilex canariensis	1.000	Plantae;Tracheophyta;NA;Aquifoliales;Aquifoliaceae;Ilex;Ilex brevicuspis
n5402	5402	port_py3_epang_T1_K25	31212b33-3e7c-4c3e-9969-3a48d0dd117c	flagged by test only					Species	Asterochloris italiana	NA	0.944	Plantae;Chlorophyta;NA;Microthamniales;NA;Asterochloris;Asterochloris italiana
n5402	5402	port_py3_epang_T1_K25	39044952-aa56-44f1-a6d5-8386ce0c0e6a	flagged by test only					Species	Primula grandis	Primula elatior	0.875	Plantae;Tracheophyta;NA;Ericales;Primulaceae;Primula;Primula grandis
n5402	5402	port_py3_epang_T1_K25	3f934579-ae9b-4322-8384-2bc5c04e0122	flagged by test only					Genus	Gelasia	Scorzonera	1.000	Plantae;Tracheophyta;NA;Asterales;Asteraceae;Gelasia;Gelasia litwinowii
n5402	5402	port_py3_epang_T1_K25	417101c9-6b03-487f-bab0-126c9283c2d1	flagged by test only					Phylum	NA	Ascomycota	1.000	Fungi;NA;NA;NA;NA;NA;NA
n5402	5402	port_py3_epang_T1_K25	488136ce-d074-4a00-b3ec-3adf7edb4eef	flagged by test only					Genus	Tourneuxia	Scorzonera	0.470	Plantae;Tracheophyta;NA;Asterales;Asteraceae;Tourneuxia;Tourneuxia variifolia
n5402	5402	port_py3_epang_T1_K25	4e54986c-299e-4d4a-805a-5c518c9b0ce4	flagged by test only					Kingdom	Plantae	Fungi	1.000	Plantae;Tracheophyta;NA;Poales;Cyperaceae;Carex;Carex annectens
n5402	5402	port_py3_epang_T1_K25	51accbf2-4b92-4f94-9c40-d49682b93734	flagged by test only					Phylum	NA	Ascomycota	1.000	Fungi;NA;NA;NA;NA;NA;NA
n5402	5402	port_py3_epang_T1_K25	52c009b6-020f-4f84-8bc0-8486e22a901c	flagged by test only					Order	Ericales	Asterales	0.478	Plantae;Tracheophyta;NA;Ericales;Primulaceae;Primula;Primula dongchuanensis
n5402	5402	port_py3_epang_T1_K25	554b424f-5638-4a5c-99d1-02047811923c	flagged by test only					Species	Primula megaseifolia	Primula vulgaris	0.510	Plantae;Tracheophyta;NA;Ericales;Primulaceae;Primula;Primula megaseifolia
n5402	5402	port_py3_epang_T1_K25	554d4ef6-80da-41c4-b2d3-741422082908	flagged by test only					Family	Asteraceae	NA	0.510	Plantae;Tracheophyta;NA;Asterales;Asteraceae;Scorzonera;NA
n5402	5402	port_py3_epang_T1_K25	569d128a-d4c0-4085-9fbe-296b9743a456	flagged by test only					Species	Ilex microdonta	Ilex canariensis	1.000	Plantae;Tracheophyta;NA;Aquifoliales;Aquifoliaceae;Ilex;Ilex microdonta
n5402	5402	port_py3_epang_T1_K25	56a9e1c8-821c-4e7f-8db3-163e25910c5d	flagged by test only					Species	Ilex dumosa	Ilex canariensis	1.000	Plantae;Tracheophyta;NA;Aquifoliales;Aquifoliaceae;Ilex;Ilex dumosa
n5402	5402	port_py3_epang_T1_K25	56fbcbf4-22c8-47a1-a1d4-f510612b2617	flagged by test only					Species	NA	__TAXCLUSTER9__Ilex verticillata	0.447	Plantae;Tracheophyta;NA;Aquifoliales;Aquifoliaceae;Ilex;NA
n5402	5402	port_py3_epang_T1_K25	57077e79-77d6-44a9-9b0c-773000cf137d	flagged by test only					Phylum	NA	Basidiomycota	1.000	Fungi;NA;NA;NA;NA;NA;NA
n5402	5402	port_py3_epang_T1_K25	589b3a41-77a5-4c51-a891-5b2540853ccb	flagged by test only					Genus	NA	Carex	1.000	Plantae;Tracheophyta;NA;Poales;Cyperaceae;NA;NA
n5402	5402	port_py3_epang_T1_K25	5bd2c352-f26b-49b2-9226-01371136eec4	flagged by test only					Species	__TAXCLUSTER14__Ilex lohfauensis	Ilex pseudobuxus	0.510	Plantae;Tracheophyta;NA;Aquifoliales;Aquifoliaceae;Ilex;__TAXCLUSTER14__Ilex lohfauensis
n5402	5402	port_py3_epang_T1_K25	5d3d21bd-207d-41e1-aea7-fc5ec33b1187	flagged by test only					Phylum	NA	Ascomycota	1.000	Fungi;NA;NA;NA;NA;NA;NA
n5402	5402	port_py3_epang_T1_K25	5f5edad4-2f3a-4be2-a348-c5a7ffb68dda	flagged by test only					Species	Primula elatior	Primula vulgaris	0.954	Plantae;Tracheophyta;NA;Ericales;Primulaceae;Primula;Primula elatior
n5402	5402	port_py3_epang_T1_K25	60f61185-b905-4503-beb6-6765f1ada7ef	flagged by test only					Species	Ilex cornuta	Ilex canariensis	1.000	Plantae;Tracheophyta;NA;Aquifoliales;Aquifoliaceae;Ilex;Ilex cornuta
n5402	5402	port_py3_epang_T1_K25	63225a2c-4ff9-45f4-947b-e55ab4c0778b	flagged by test only					Species	Scorzonera laciniata	Scorzonera cana	0.971	Plantae;Tracheophyta;NA;Asterales;Asteraceae;Scorzonera;Scorzonera laciniata
n5402	5402	port_py3_epang_T1_K25	6567099c-e803-47e8-8f0c-cead60d41f35	flagged by test only					Kingdom	Plantae	Fungi	1.000	Plantae;Tracheophyta;NA;Poales;Cyperaceae;Carex;Carex annectens
n5402	5402	port_py3_epang_T1_K25	65751a9a-8018-4a46-abec-525cd7a5e65b	flagged by test only					Family	NA	Aspergillaceae	0.718	Fungi;Ascomycota;NA;Eurotiales;NA;NA;NA
n5402	5402	port_py3_epang_T1_K25	657eab65-d53e-4a3a-ab79-3d90c64e8d5f	flagged by test only					Phylum	Chytridiomycota	Basidiomycota	0.957	Fungi;Chytridiomycota;NA;NA;NA;NA;NA
n5402	5402	port_py3_epang_T1_K25	6809154e-54a3-4235-9310-d472bc537b2b	flagged by test only					Species	Ilex dumosa	Ilex canariensis	1.000	Plantae;Tracheophyta;NA;Aquifoliales;Aquifoliaceae;Ilex;Ilex dumosa
n5402	5402	port_py3_epang_T1_K25	686f72a8-899a-44f7-9cdd-83684c68186b	flagged by test only					Order	Caryophyllales	Nymphaeales	0.663	Plantae;Tracheophyta;NA;Caryophyllales;Caryophyllaceae;Acanthophyllum;Acanthophyllum pungens
n5402	5402	port_py3_epang_T1_K25	694e048c-07c0-43fa-b3f5-d78b6589e09d	flagged by test only					Species	Asterochloris italiana	NA	0.944	Plantae;Chlorophyta;NA;Microthamniales;NA;Asterochloris;Asterochloris italiana
n5402	5402	port_py3_epang_T1_K25	69debbc0-4206-49bb-8690-f0cb6029c71c	flagged by test only					Species	Ilex brevicuspis	Ilex canariensis	1.000	Plantae;Tracheophyta;NA;Aquifoliales;Aquifoliaceae;Ilex;Ilex brevicuspis
n5402	5402	port_py3_epang_T1_K25	6aaa63af-eb47-4c53-94ed-365f7cc4504e	flagged by test only					Species	NA	Primula egaliksensis	0.837	Plantae;Tracheophyta;NA;Ericales;Primulaceae;Primula;NA
n5402	5402	port_py3_epang_T1_K25	6d461fc8-1820-4836-b1af-46f3aefae397	flagged by test only					Species	Primula algida	Cortusa matthioli	1.000	Plantae;Tracheophyta;NA;Ericales;Primulaceae;Primula;Primula algida
n5402	5402	port_py3_epang_T1_K25	6e9bd1dd-4180-4e61-8718-7f0c64393f17	flagged by test only					Kingdom	Plantae	Fungi	1.000	Plantae;Tracheophyta;NA;Poales;Cyperaceae;Carex;Carex acuta
n5402	5402	port_py3_epang_T1_K25	70bfe58d-2fca-4a84-8b0d-d0653ddc954b	flagged by test only					Species	Carex acuta	Carex alba	0.619	Plantae;Tracheophyta;NA;Poales;Cyperaceae;Carex;Carex acuta
n5402	5402	port_py3_epang_T1_K25	712af03e-b0e6-4cf6-8dc6-8e9f5b00c22f	flagged by test only					Species	Aspergillus penicillioides	NA	0.945	Fungi;Ascomycota;NA;Eurotiales;Aspergillaceae;Aspergillus;Aspergillus penicillioides
n5402	5402	port_py3_epang_T1_K25	79fabe1e-076a-4b15-988d-c0358d41a54f	flagged by test only					Species	Ilex hippocrateoides	Ilex teratopis	0.613	Plantae;Tracheophyta;NA;Aquifoliales;Aquifoliaceae;Ilex;Ilex hippocrateoides
n5402	5402	port_py3_epang_T1_K25	81551828-2e97-4ebf-8618-de1dbdc05828	flagged by test only					Order	Trebouxiales	Microthamniales	1.000	Plantae;Chlorophyta;NA;Trebouxiales;Trebouxiaceae;Trebouxia;NA
n5402	5402	port_py3_epang_T1_K25	81590eee-b900-410f-b745-f25f7d86406b	flagged by test only					Species	Scorzonera laciniata	Scorzonera cana	0.971	Plantae;Tracheophyta;NA;Asterales;Asteraceae;Scorzonera;Scorzonera laciniata
n5402	5402	port_py3_epang_T1_K25	82c02d6a-5853-4127-b41f-fdb35080e0ae	flagged by test only					Species	Ilex brasiliensis	Ilex integerrima	1.000	Plantae;Tracheophyta;NA;Aquifoliales;Aquifoliaceae;Ilex;Ilex brasiliensis
n5402	5402	port_py3_epang_T1_K25	83f3dd9f-7506-454f-b0f5-a6443e5d0cfa	flagged by test only					Species	Ilex dumosa	Ilex canariensis	1.000	Plantae;Tracheophyta;NA;Aquifoliales;Aquifoliaceae;Ilex;Ilex dumosa
n5402	5402	port_py3_epang_T1_K25	8b29a212-dd7e-4cd5-9a4c-9bc4f5a229f8	flagged by test only					Species	Ilex dumosa	Ilex canariensis	1.000	Plantae;Tracheophyta;NA;Aquifoliales;Aquifoliaceae;Ilex;Ilex dumosa
n5402	5402	port_py3_epang_T1_K25	8b76cfa6-c284-4e30-8646-ad838a07d1a2	flagged by test only					Phylum	NA	Ascomycota	0.994	Fungi;NA;NA;NA;NA;NA;NA
n5402	5402	port_py3_epang_T1_K25	8bc648e5-071e-4335-8f0b-687d4e595128	flagged by test only					Genus	NA	Carex	1.000	Plantae;Tracheophyta;NA;Poales;Cyperaceae;NA;NA
n5402	5402	port_py3_epang_T1_K25	8cca4641-2551-48de-926e-0d5c0882a04f	flagged by test only					Species	NA	Bipolaris sorokiniana	0.620	Fungi;Ascomycota;NA;Pleosporales;Pleosporaceae;Bipolaris;NA
n5402	5402	port_py3_epang_T1_K25	8e67bf12-83de-4019-a7df-f065ec3f0046	flagged by test only					Kingdom	Plantae	Fungi	1.000	Plantae;Tracheophyta;NA;Poales;Cyperaceae;Carex;Carex arcta
n5402	5402	port_py3_epang_T1_K25	8ea50d64-853c-4891-b59a-bcbc0f71ccb6	flagged by test only					Species	Ilex integerrima	Ilex canariensis	1.000	Plantae;Tracheophyta;NA;Aquifoliales;Aquifoliaceae;Ilex;Ilex integerrima
n5402	5402	port_py3_epang_T1_K25	90d9a6dc-da1b-49ab-88cc-9291d0575249	flagged by test only					Species	Bipolaris sorokiniana	NA	1.000	Fungi;Ascomycota;NA;Pleosporales;Pleosporaceae;Bipolaris;Bipolaris sorokiniana
n5402	5402	port_py3_epang_T1_K25	925d0082-c59b-4a6f-951e-a7fa43cb7ca5	flagged by test only					Species	Ilex serrata	NA	0.827	Plantae;Tracheophyta;NA;Aquifoliales;Aquifoliaceae;Ilex;Ilex serrata
n5402	5402	port_py3_epang_T1_K25	93b03229-92b3-49ee-8326-4280a23ac3b5	flagged by test only					Species	Scorzonera laciniata	Scorzonera cana	1.000	Plantae;Tracheophyta;NA;Asterales;Asteraceae;Scorzonera;Scorzonera laciniata
n5402	5402	port_py3_epang_T1_K25	941d10d9-701c-451f-bc40-0d8c856862ef	flagged by test only					Species	Actinidia hemsleyana	Actinidia rufa	0.509	Plantae;Tracheophyta;NA;Ericales;Actinidiaceae;Actinidia;Actinidia hemsleyana
n5402	5402	port_py3_epang_T1_K25	95f12d86-766b-4f1b-a499-57073e00defb	flagged by test only					Species	Ilex rotunda	NA	0.459	Plantae;Tracheophyta;NA;Aquifoliales;Aquifoliaceae;Ilex;Ilex rotunda
n5402	5402	port_py3_epang_T1_K25	97f0611a-3880-4841-8ab7-624a9b2c3f8c	flagged by test only					Kingdom	Plantae	Fungi	1.000	Plantae;Tracheophyta;NA;Poales;Cyperaceae;Carex;Carex acuta
n5402	5402	port_py3_epang_T1_K25	9cc6abec-4a39-4923-b3e4-0c2e9c2e9c89	flagged by test only					Family	NA	Aspergillaceae	0.718	Fungi;Ascomycota;NA;Eurotiales;NA;NA;NA
n5402	5402	port_py3_epang_T1_K25	9cd1e107-404e-4c74-a73b-7ea345e9497e	flagged by test only					Species	Ilex hippocrateoides	Ilex teratopis	0.613	Plantae;Tracheophyta;NA;Aquifoliales;Aquifoliaceae;Ilex;Ilex hippocrateoides
n5402	5402	port_py3_epang_T1_K25	9d4b22f7-024c-4524-8036-5220a2b665f4	flagged by test only					Kingdom	Plantae	Fungi	1.000	Plantae;Chlorophyta;NA;Chlamydomonadales;Chlamydomonadaceae;Chlamydomonas
n5402	5402	port_py3_epang_T1_K25	a50adb88-9deb-44bc-9799-b0a4e697a640	flagged by test only					Species	Ilex ficoidea	Ilex pseudobuxus	0.510	Plantae;Tracheophyta;NA;Aquifoliales;Aquifoliaceae;Ilex;Ilex ficoidea
n5402	5402	port_py3_epang_T1_K25	a5c3105a-bb21-4de5-b0f6-02842a4890e1	flagged by test only					Species	Primula algida	Cortusa matthioli	1.000	Plantae;Tracheophyta;NA;Ericales;Primulaceae;Primula;Primula algida
n5402	5402	port_py3_epang_T1_K25	abc0c41f-0a5b-488a-b4b0-7ac175fbe93c	flagged by test only					Phylum	NA	Ascomycota	0.994	Fungi;NA;NA;NA;NA;NA;NA
n5402	5402	port_py3_epang_T1_K25	b834bcb3-d108-4b32-8004-9c2f76310672	flagged by test only					Species	NA	Primula kialensis	0.486	Plantae;Tracheophyta;NA;Ericales;Primulaceae;Primula;NA
n5402	5402	port_py3_epang_T1_K25	bdd36230-d666-4026-ad7f-018513f36ca0	flagged by test only					Species	Ilex mitis	NA	0.827	Plantae;Tracheophyta;NA;Aquifoliales;Aquifoliaceae;Ilex;Ilex mitis
n5402	5402	port_py3_epang_T1_K25	bfe0b73e-c402-4d9e-a93f-a121bf41644b	flagged by test only					Species	Ilex dumosa	Ilex canariensis	1.000	Plantae;Tracheophyta;NA;Aquifoliales;Aquifoliaceae;Ilex;Ilex dumosa
n5402	5402	port_py3_epang_T1_K25	c87e46f3-3d7b-4b19-aef7-a5e12844bec4	flagged by test only					Phylum	NA	Ascomycota	1.000	Fungi;NA;NA;NA;NA;NA;NA
n5402	5402	port_py3_epang_T1_K25	cb24e5f2-8393-4d67-a24f-f878ebf4d090	flagged by test only					Species	Ilex serrata	NA	0.827	Plantae;Tracheophyta;NA;Aquifoliales;Aquifoliaceae;Ilex;Ilex serrata
n5402	5402	port_py3_epang_T1_K25	cc5010c5-5d72-4200-b889-b1a810113468	flagged by test only					Phylum	NA	Ascomycota	1.000	Fungi;NA;NA;NA;NA;NA;NA
n5402	5402	port_py3_epang_T1_K25	cf97ea73-785a-42ff-8d69-7e8550709569	flagged by test only					Species	Primula latifolia	Primula marginata	1.000	Plantae;Tracheophyta;NA;Ericales;Primulaceae;Primula;Primula latifolia
n5402	5402	port_py3_epang_T1_K25	d1ec4ad5-520b-4410-8e28-bea482f8498b	flagged by test only					Species	Bipolaris bicolor	NA	0.950	Fungi;Ascomycota;NA;Pleosporales;Pleosporaceae;Bipolaris;Bipolaris bicolor
n5402	5402	port_py3_epang_T1_K25	d4e326a4-78ba-4884-920d-5df7177e6abf	flagged by test only					Species	Ilex cochinchinensis	__TAXCLUSTER9__Ilex verticillata	0.447	Plantae;Tracheophyta;NA;Aquifoliales;Aquifoliaceae;Ilex;Ilex cochinchinensis
n5402	5402	port_py3_epang_T1_K25	db1f584c-f3d4-4780-ad3e-76e4eca73d40	flagged by test only					Species	Ilex brasiliensis	Ilex integerrima	1.000	Plantae;Tracheophyta;NA;Aquifoliales;Aquifoliaceae;Ilex;Ilex brasiliensis
n5402	5402	port_py3_epang_T1_K25	de9e5304-b1cf-4b34-b848-8dd054541d93	flagged by test only					Species	Asterochloris irregularis	NA	0.706	Plantae;Chlorophyta;NA;Microthamniales;NA;Asterochloris;Asterochloris irregularis
n5402	5402	port_py3_epang_T1_K25	e68f9041-91fb-4252-8e25-68b758bf5555	flagged by test only					Phylum	NA	Ascomycota	1.000	Fungi;NA;NA;NA;NA;NA;NA
n5402	5402	port_py3_epang_T1_K25	eb839d67-c3e2-43b8-ae28-d4fc38c62a39	flagged by test only					Kingdom	Plantae	Fungi	1.000	Plantae;Tracheophyta;NA;Poales;Cyperaceae;Carex;Carex acutiformis
n5402	5402	port_py3_epang_T1_K25	ec838f37-c6bf-41bd-b081-b61946835943	flagged by test only					Species	Nymphaea odorata	NA	0.999	Plantae;Tracheophyta;NA;Nymphaeales;Nymphaeaceae;Nymphaea;Nymphaea odorata
n5402	5402	port_py3_epang_T1_K25	eea84bc7-417b-43f8-b7e0-dd6d5fa18070	flagged by test only					Species	Ilex cochinchinensis	__TAXCLUSTER9__Ilex verticillata	0.447	Plantae;Tracheophyta;NA;Aquifoliales;Aquifoliaceae;Ilex;Ilex cochinchinensis
n5402	5402	port_py3_epang_T1_K25	f05d5498-bf33-420d-bd43-4c4190720f64	flagged by test only					Species	Primula algida	Cortusa matthioli	1.000	Plantae;Tracheophyta;NA;Ericales;Primulaceae;Primula;Primula algida
n5402	5402	port_py3_epang_T1_K25	f1c3d30e-ec8e-4ef4-8d9b-0bfc4aec585e	flagged by test only					Phylum	NA	Ascomycota	1.000	Fungi;NA;NA;NA;NA;NA;NA
n5402	5402	port_py3_epang_T2	05bd1843-22da-4c7a-be34-c341622261bb	same rank, other proposal	Species	__TAXCLUSTER7__Scorzonera alpigena	Scorzonera laciniata	0.501	Species	__TAXCLUSTER7__Scorzonera alpigena	NA	0.550	Plantae;Tracheophyta;NA;Asterales;Asteraceae;Scorzonera;__TAXCLUSTER7__Scorzonera alpigena
n5402	5402	port_py3_epang_T2	078e8af4-d147-40ec-92aa-d3bad38c19d3	rank differs	Species	Ilex pubescens	Ilex crenata	1.000	Order	Aquifoliales	Ericales	1.000	Plantae;Tracheophyta;NA;Aquifoliales;Aquifoliaceae;Ilex;Ilex pubescens
n5402	5402	port_py3_epang_T2	08aa7f7b-5658-49b6-83d5-469223baad9e	same rank, other proposal	Species	Scorzonera cana	Scorzonera laciniata	0.501	Species	Scorzonera cana	NA	0.550	Plantae;Tracheophyta;NA;Asterales;Asteraceae;Scorzonera;Scorzonera cana
n5402	5402	port_py3_epang_T2	0a203e5c-1a0d-4d8d-9ed3-28f79a23e777	rank differs	Phylum	Ascomycota	NA	0.979	Family	NA	Aspergillaceae	1.000	Fungi;Ascomycota;NA;Eurotiales;NA;NA;NA
n5402	5402	port_py3_epang_T2	0b7d5e7e-6c0b-4b4f-8ec0-e3134ba5d7ab	rank differs	Species	Ilex kaushue	Ilex crenata	1.000	Order	Aquifoliales	Ericales	1.000	Plantae;Tracheophyta;NA;Aquifoliales;Aquifoliaceae;Ilex;Ilex kaushue
n5402	5402	port_py3_epang_T2	0bbb8054-db0f-4d6a-8602-ab0955279993	same rank, other proposal	Species	NA	Ilex pseudobuxus	0.810	Species	NA	Ilex microdonta	0.580	Plantae;Tracheophyta;NA;Aquifoliales;Aquifoliaceae;Ilex;NA
n5402	5402	port_py3_epang_T2	0fbcec05-2139-4f90-86ca-d6156da61682	rank differs	Phylum	Ascomycota	NA	0.979	Genus	NA	Aspergillus	1.000	Fungi;Ascomycota;NA;Eurotiales;Aspergillaceae;NA;NA
n5402	5402	port_py3_epang_T2	0fc404e0-10c3-4178-b611-e127391f3978	same rank, other proposal	Phylum	NA	Rozellomycota	0.833	Phylum	NA	Basidiomycota	1.000	Fungi;NA;NA;NA;NA;NA;NA
n5402	5402	port_py3_epang_T2	12e2abec-726f-41a5-b391-af17d8ceee0a	rank differs	Species	Ilex vomitoria	Ilex crenata	1.000	Order	Aquifoliales	Ericales	1.000	Plantae;Tracheophyta;NA;Aquifoliales;Aquifoliaceae;Ilex;Ilex vomitoria
n5402	5402	port_py3_epang_T2	1725da22-c0dc-4cc9-b78a-398764d5ffdd	rank differs	Phylum	Ascomycota	NA	0.955	Family	Aspergillaceae	NA	0.970	Fungi;Ascomycota;NA;Eurotiales;Aspergillaceae;Aspergillus;NA
n5402	5402	port_py3_epang_T2	182bd40a-8685-4983-b0b4-91db409ba8b7	rank differs	Species	Ilex asprella	Ilex crenata	1.000	Order	Aquifoliales	Ericales	1.000	Plantae;Tracheophyta;NA;Aquifoliales;Aquifoliaceae;Ilex;Ilex asprella
n5402	5402	port_py3_epang_T2	1843d5a8-d171-4269-bab8-3b107f9fe3f7	rank differs	Species	__TAXCLUSTER6__Ilex lihuaiensis	Ilex crenata	1.000	Order	Aquifoliales	Ericales	1.000	Plantae;Tracheophyta;NA;Aquifoliales;Aquifoliaceae;Ilex;__TAXCLUSTER6__Ilex lihuaiensis
n5402	5402	port_py3_epang_T2	1ebef10b-e0c3-473f-b096-28593bacb8a0	rank differs	Species	Scorzonera humilis	NA	0.480	Genus	Scorzonera	Avellara	0.474	Plantae;Tracheophyta;NA;Asterales;Asteraceae;Scorzonera;Scorzonera humilis
n5402	5402	port_py3_epang_T2	1f5a8bd7-dfaf-435c-bf95-cf12f60d07c5	same rank, other proposal	Order	Asterales	Aquifoliales	0.993	Order	Asterales	Ericales	1.000	Plantae;Tracheophyta;NA;Asterales;Asteraceae;Scorzonera;Scorzonera mongolica
n5402	5402	port_py3_epang_T2	213df940-1c78-4d7b-b0e7-9f349fe330e7	rank differs	Species	Scorzonera hirsuta	Gelasia caespitosa	0.509	Genus	Gelasia	Scorzonera	1.000	Plantae;Tracheophyta;NA;Asterales;Asteraceae;Gelasia;Scorzonera hirsuta
n5402	5402	port_py3_epang_T2	21e7049f-da4a-4160-9460-94526c710175	rank differs	Phylum	Ascomycota	NA	0.979	Genus	NA	Aspergillus	1.000	Fungi;Ascomycota;NA;Eurotiales;Aspergillaceae;NA;NA
n5402	5402	port_py3_epang_T2	227576b0-4698-4add-9e64-c0916b04df57	rank differs	Species	Ilex pubilimba	Ilex crenata	1.000	Order	Aquifoliales	Ericales	1.000	Plantae;Tracheophyta;NA;Aquifoliales;Aquifoliaceae;Ilex;Ilex pubilimba
n5402	5402	port_py3_epang_T2	2570e0d5-a798-4f03-a215-866c1f10ff35	same rank, other proposal	Species	Primula scotica	Primula farinosa	0.712	Species	Primula scotica	NA	0.959	Plantae;Tracheophyta;NA;Ericales;Primulaceae;Primula;Primula scotica
n5402	5402	port_py3_epang_T2	273b6209-05d7-45f9-8c64-c0bec9d1e371	same rank, other proposal	Species	Scorzonera grossheimii	Scorzonera laciniata	0.501	Species	Scorzonera grossheimii	NA	0.550	Plantae;Tracheophyta;NA;Asterales;Asteraceae;Scorzonera;Scorzonera grossheimii
n5402	5402	port_py3_epang_T2	305639da-85cd-49ef-91d9-f4d119c01724	rank differs	Phylum	Ascomycota	NA	0.979	Family	NA	Aspergillaceae	1.000	Fungi;Ascomycota;NA;Eurotiales;NA;NA;NA
n5402	5402	port_py3_epang_T2	340ecea6-e835-4bdb-a975-2a1cf50d575b	same rank, other proposal	Species	NA	Primula kisoana	0.747	Species	NA	Primula saxatilis	0.499	Plantae;Tracheophyta;NA;Ericales;Primulaceae;Primula;NA
n5402	5402	port_py3_epang_T2	34565678-fd21-43bc-bdfd-81857813d66b	rank differs	Phylum	Ascomycota	NA	0.979	Family	NA	Aspergillaceae	1.000	Fungi;Ascomycota;NA;Eurotiales;NA;NA;NA
n5402	5402	port_py3_epang_T2	3664c370-2674-4557-8f11-f9dc7a68fef7	same rank, other proposal	Species	Bouteloua reflexa	Bouteloua warnockii	0.981	Species	Bouteloua reflexa	Bouteloua media	0.972	Plantae;Tracheophyta;NA;Poales;Poaceae;Bouteloua;Bouteloua reflexa
n5402	5402	port_py3_epang_T2	39d999e3-3059-4282-9311-cce17771d95e	same rank, other proposal	Species	Scorzonera hirsuta	Gelasia sandrasica	0.509	Species	Scorzonera hirsuta	Gelasia doriae	0.508	Plantae;Tracheophyta;NA;Asterales;Asteraceae;Gelasia;Scorzonera hirsuta
n5402	5402	port_py3_epang_T2	3f6abd7f-f0d5-443f-a389-a6eee27f6f9c	same rank, other proposal	Species	Primula kialensis	Primula auriculata	0.855	Species	Primula kialensis	NA	0.642	Plantae;Tracheophyta;NA;Ericales;Primulaceae;Primula;Primula kialensis
n5402	5402	port_py3_epang_T2	42a9c432-23cb-47a3-b43b-99f3dfa459d2	rank differs	Genus	Scorzonera	Gelasia	0.999	Species	Scorzonera pseudolanata	NA	0.515	Plantae;Tracheophyta;NA;Asterales;Asteraceae;Scorzonera;Scorzonera pseudolanata
n5402	5402	port_py3_epang_T2	43fe052b-33c4-438e-8b4b-ef63fd2f3580	rank differs	Species	__TAXCLUSTER1__Ilex sugerokii	Ilex crenata	1.000	Order	Aquifoliales	Ericales	1.000	Plantae;Tracheophyta;NA;Aquifoliales;Aquifoliaceae;Ilex;__TAXCLUSTER1__Ilex sugerokii
n5402	5402	port_py3_epang_T2	47c27189-c720-45d4-82ae-1156544c899c	same rank, other proposal	Order	Caryophyllales	Aquifoliales	1.000	Order	Caryophyllales	Ericales	1.000	Plantae;Tracheophyta;NA;Caryophyllales;Caryophyllaceae;Saponaria;Saponaria officinalis
n5402	5402	port_py3_epang_T2	48a13c9c-9be2-49d3-bfce-402636c5db17	same rank, other proposal	Species	NA	Ilex chapaensis	0.505	Species	NA	Ilex canariensis	1.000	Plantae;Tracheophyta;NA;Aquifoliales;Aquifoliaceae;Ilex;NA
n5402	5402	port_py3_epang_T2	4927ad31-95e2-47c5-acc2-e15d6dabac3d	same rank, other proposal	Species	Scorzonera cana	Scorzonera laciniata	0.501	Species	Scorzonera cana	NA	0.550	Plantae;Tracheophyta;NA;Asterales;Asteraceae;Scorzonera;Scorzonera cana
n5402	5402	port_py3_epang_T2	49b03b88-ea7d-4272-a021-e022a3956e26	same rank, other proposal	Species	Scorzonera meyeri	Scorzonera laciniata	0.505	Species	Scorzonera meyeri	NA	0.549	Plantae;Tracheophyta;NA;Asterales;Asteraceae;Scorzonera;Scorzonera meyeri
n5402	5402	port_py3_epang_T2	4d80381b-695e-4280-bc97-49c12f8a19b6	same rank, other proposal	Species	Ilex kunthiana	Ilex dumosa	0.741	Species	Ilex kunthiana	Ilex canariensis	1.000	Plantae;Tracheophyta;NA;Aquifoliales;Aquifoliaceae;Ilex;Ilex kunthiana
n5402	5402	port_py3_epang_T2	53584a46-159d-4857-86fb-41e26873c3bb	same rank, other proposal	Order	Asterales	Aquifoliales	1.000	Order	Asterales	Ericales	1.000	Plantae;Tracheophyta;NA;Asterales;Asteraceae;Koelpinia;Koelpinia linearis
n5402	5402	port_py3_epang_T2	560fd394-29fa-472d-9609-bb92d7f82113	same rank, other proposal	Species	Nymphaea caerulea	Nymphaea thermarum	0.499	Species	Nymphaea caerulea	NA	0.772	Plantae;Tracheophyta;NA;Nymphaeales;Nymphaeaceae;Nymphaea;Nymphaea caerulea
n5402	5402	port_py3_epang_T2	575cae70-a08a-4ff5-8aa5-48605c5605e6	same rank, other proposal	Genus	Scorzonera	Gelasia	0.417	Genus	Scorzonera	Takhtajaniantha	0.508	Plantae;Tracheophyta;NA;Asterales;Asteraceae;Scorzonera;Scorzonera pseudolanata
n5402	5402	port_py3_epang_T2	5c4c7b4d-3a48-41e6-aa23-16fd38952d2b	rank differs	Phylum	Ascomycota	NA	0.955	Family	Aspergillaceae	NA	0.970	Fungi;Ascomycota;NA;Eurotiales;Aspergillaceae;Aspergillus;NA
n5402	5402	port_py3_epang_T2	5eeac631-a697-4b10-915c-8942b9d0e229	rank differs	Order	Ericales	Aquifoliales	0.995	Family	Actinidiaceae	Primulaceae	1.000	Plantae;Tracheophyta;NA;Ericales;Actinidiaceae;Actinidia;Actinidia valvata
n5402	5402	port_py3_epang_T2	6072c3d3-27f2-4254-b369-2512e90d8d14	same rank, other proposal	Species	__TAXCLUSTER7__Scorzonera alpigena	Scorzonera laciniata	0.501	Species	__TAXCLUSTER7__Scorzonera alpigena	NA	0.550	Plantae;Tracheophyta;NA;Asterales;Asteraceae;Scorzonera;__TAXCLUSTER7__Scorzonera alpigena
n5402	5402	port_py3_epang_T2	637cc4d6-fd74-4920-ac5f-b8df30a53a36	rank differs	Phylum	Marchantiophyta	Tracheophyta	0.814	Kingdom	Plantae	Fungi	1.000	Plantae;Marchantiophyta;NA
n5402	5402	port_py3_epang_T2	6624c4e2-ddf6-463a-bb87-55ad83adf28f	rank differs	Phylum	Ascomycota	NA	0.979	Family	NA	Aspergillaceae	1.000	Fungi;Ascomycota;NA;Eurotiales;NA;NA;NA
n5402	5402	port_py3_epang_T2	69baaf6f-5d3e-4b03-af8e-1c931b920d5e	rank differs	Species	Ilex hirsuta	Ilex crenata	1.000	Order	Aquifoliales	Ericales	1.000	Plantae;Tracheophyta;NA;Aquifoliales;Aquifoliaceae;Ilex;Ilex hirsuta
n5402	5402	port_py3_epang_T2	77429ba3-a76a-41c4-9265-c1547151eb44	rank differs	Order	Ericales	Aquifoliales	0.640	Family	Actinidiaceae	Primulaceae	1.000	Plantae;Tracheophyta;NA;Ericales;Actinidiaceae;Actinidia;Actinidia hemsleyana
n5402	5402	port_py3_epang_T2	82161f98-69aa-4b58-a88a-bb51dc9d4839	rank differs	Phylum	Ascomycota	NA	0.979	Genus	NA	Aspergillus	1.000	Fungi;Ascomycota;NA;Eurotiales;Aspergillaceae;NA;NA
n5402	5402	port_py3_epang_T2	837dbf19-2f7f-4701-8404-f7a8f028d034	rank differs	Phylum	Ascomycota	NA	0.979	Genus	NA	Aspergillus	1.000	Fungi;Ascomycota;NA;Eurotiales;Aspergillaceae;NA;NA
n5402	5402	port_py3_epang_T2	8680bb75-da19-415f-a7b1-4efc1d967cfd	same rank, other proposal	Species	Primula nutans	Primula eximia	0.499	Species	Primula nutans	Cortusa matthioli	0.510	Plantae;Tracheophyta;NA;Ericales;Primulaceae;Primula;Primula nutans
n5402	5402	port_py3_epang_T2	87ff8bcc-1e93-4eda-8ed7-c4769d033b38	rank differs	Phylum	Ascomycota	NA	0.979	Family	NA	Aspergillaceae	1.000	Fungi;Ascomycota;NA;Eurotiales;NA;NA;NA
n5402	5402	port_py3_epang_T2	880bdd32-9d7b-4ab4-89db-8bbe9f1e43c2	same rank, other proposal	Genus	Takhtajaniantha	Gelasia	0.997	Genus	Takhtajaniantha	Scorzonera	0.968	Plantae;Tracheophyta;NA;Asterales;Asteraceae;Takhtajaniantha;Scorzonera latifolia
n5402	5402	port_py3_epang_T2	8c05a66f-5f15-4683-9bfc-dc04343e34c1	rank differs	Species	Ilex serrata	Ilex crenata	1.000	Order	Aquifoliales	Ericales	1.000	Plantae;Tracheophyta;NA;Aquifoliales;Aquifoliaceae;Ilex;Ilex serrata
n5402	5402	port_py3_epang_T2	8c5fca7c-cf67-439d-b0f3-805967bebfcf	rank differs	Order	Ericales	Aquifoliales	0.886	Family	Actinidiaceae	Primulaceae	1.000	Plantae;Tracheophyta;NA;Ericales;Actinidiaceae;Actinidia;Actinidia chrysantha
n5402	5402	port_py3_epang_T2	8cd0e442-47b3-49ee-bd90-4884f9affaba	same rank, other proposal	Species	NA	Nymphaea alba	0.751	Species	NA	Nymphaea candida	0.510	Plantae;Tracheophyta;NA;Nymphaeales;Nymphaeaceae;Nymphaea;NA
n5402	5402	port_py3_epang_T2	93f229cf-1874-48a6-b99f-15d7babd7526	rank differs	Genus	Scorzonera	Gelasia	0.988	Species	Scorzonera virgata	Scorzonera schweinfurthii	0.426	Plantae;Tracheophyta;NA;Asterales;Asteraceae;Scorzonera;Scorzonera virgata
n5402	5402	port_py3_epang_T2	93f887af-fd8f-4f96-968f-32cccdca8a3f	same rank, other proposal	Species	Ilex brevicuspis	Ilex integerrima	0.528	Species	Ilex brevicuspis	Ilex pseudobuxus	1.000	Plantae;Tracheophyta;NA;Aquifoliales;Aquifoliaceae;Ilex;Ilex brevicuspis
n5402	5402	port_py3_epang_T2	9a3f7c67-f7d6-400a-9d3d-91a27b0f34a3	same rank, other proposal	Species	Ilex micrococca	Ilex kwangtungensis	0.816	Species	Ilex micrococca	Ilex canariensis	1.000	Plantae;Tracheophyta;NA;Aquifoliales;Aquifoliaceae;Ilex;Ilex micrococca
n5402	5402	port_py3_epang_T2	9ab4c695-afe7-4ef5-bc35-b49f03885557	rank differs	Phylum	Ascomycota	NA	0.979	Genus	NA	Aspergillus	1.000	Fungi;Ascomycota;NA;Eurotiales;Aspergillaceae;NA;NA
n5402	5402	port_py3_epang_T2	9c27cf65-ba28-47ed-96b7-8f6f8d99ae71	rank differs	Species	Ilex serrata	Ilex crenata	1.000	Order	Aquifoliales	Ericales	1.000	Plantae;Tracheophyta;NA;Aquifoliales;Aquifoliaceae;Ilex;Ilex serrata
n5402	5402	port_py3_epang_T2	9f0fc14d-aa4e-42c3-99aa-8d3bce2a1f2e	rank differs	Phylum	Ascomycota	NA	0.979	Genus	NA	Aspergillus	1.000	Fungi;Ascomycota;NA;Eurotiales;Aspergillaceae;NA;NA
n5402	5402	port_py3_epang_T2	ad6947f1-91f4-4f8d-996d-efc91eff31fc	rank differs	Species	Ilex wuiana	Ilex crenata	1.000	Order	Aquifoliales	Ericales	1.000	Plantae;Tracheophyta;NA;Aquifoliales;Aquifoliaceae;Ilex;Ilex wuiana
n5402	5402	port_py3_epang_T2	af9c2d3b-b6b1-435a-ad27-032c32995a67	rank differs	Species	Ilex chingiana	Ilex crenata	1.000	Order	Aquifoliales	Ericales	1.000	Plantae;Tracheophyta;NA;Aquifoliales;Aquifoliaceae;Ilex;Ilex chingiana
n5402	5402	port_py3_epang_T2	b077ef98-702d-44fd-bf59-dce3a60feb28	same rank, other proposal	Species	Ilex rotunda	Ilex chapaensis	0.505	Species	Ilex rotunda	Ilex canariensis	1.000	Plantae;Tracheophyta;NA;Aquifoliales;Aquifoliaceae;Ilex;Ilex rotunda
n5402	5402	port_py3_epang_T2	b3618231-edc4-4300-a683-5a8bd1c90740	same rank, other proposal	Species	NA	Nymphaea alba	0.751	Species	NA	Nymphaea candida	0.510	Plantae;Tracheophyta;NA;Nymphaeales;Nymphaeaceae;Nymphaea;NA
n5402	5402	port_py3_epang_T2	b4701a75-4e2c-431d-b754-6b6f3ae316ac	same rank, other proposal	Species	Asterochloris irregularis	Asterochloris glomerata	0.433	Species	Asterochloris irregularis	NA	0.482	Plantae;Chlorophyta;NA;Microthamniales;NA;Asterochloris;Asterochloris irregularis
n5402	5402	port_py3_epang_T2	b5563c97-428d-4eda-a643-59ff263f09ef	rank differs	Order	Ericales	Aquifoliales	0.995	Family	Actinidiaceae	Primulaceae	1.000	Plantae;Tracheophyta;NA;Ericales;Actinidiaceae;Actinidia;Actinidia macrosperma
n5402	5402	port_py3_epang_T2	b570e38a-d475-4089-b7d3-522005613173	rank differs	Species	Ilex opaca	Ilex crenata	1.000	Order	Aquifoliales	Ericales	1.000	Plantae;Tracheophyta;NA;Aquifoliales;Aquifoliaceae;Ilex;Ilex opaca
n5402	5402	port_py3_epang_T2	b6d8728e-79f1-4161-a00d-e44d0d55b6f9	same rank, other proposal	Species	Scorzonera laciniata	NA	0.731	Species	Scorzonera laciniata	Scorzonera cana	1.000	Plantae;Tracheophyta;NA;Asterales;Asteraceae;Scorzonera;Scorzonera laciniata
n5402	5402	port_py3_epang_T2	bde14395-f274-48a3-bc79-04715c5e53a4	rank differs	Phylum	Ascomycota	NA	0.955	Family	Aspergillaceae	NA	0.970	Fungi;Ascomycota;NA;Eurotiales;Aspergillaceae;Aspergillus;NA
n5402	5402	port_py3_epang_T2	c53a3dc1-f43c-4d83-8903-b38499f3e58b	same rank, other proposal	Species	Primula stricta	Primula farinosa	0.845	Species	Primula stricta	NA	0.862	Plantae;Tracheophyta;NA;Ericales;Primulaceae;Primula;Primula stricta
n5402	5402	port_py3_epang_T2	cd4e2083-973a-4df4-a7d0-ee6cda500a7e	rank differs	Species	Ilex corallina	Ilex crenata	1.000	Order	Aquifoliales	Ericales	1.000	Plantae;Tracheophyta;NA;Aquifoliales;Aquifoliaceae;Ilex;Ilex corallina
n5402	5402	port_py3_epang_T2	d5331c5d-abaa-44fe-b433-8bd111bd6103	rank differs	Phylum	Ascomycota	NA	0.979	Family	NA	Aspergillaceae	1.000	Fungi;Ascomycota;NA;Eurotiales;NA;NA;NA
n5402	5402	port_py3_epang_T2	d6853e3d-024f-428a-b996-63416a4745a0	same rank, other proposal	Species	Nymphaea micrantha	Nymphaea thermarum	0.499	Species	Nymphaea micrantha	NA	0.772	Plantae;Tracheophyta;NA;Nymphaeales;Nymphaeaceae;Nymphaea;Nymphaea micrantha
n5402	5402	port_py3_epang_T2	d70864c5-a547-42b6-924d-f0c3ea568f80	rank differs	Phylum	Ascomycota	NA	0.979	Family	NA	Aspergillaceae	1.000	Fungi;Ascomycota;NA;Eurotiales;NA;NA;NA
n5402	5402	port_py3_epang_T2	d752c6a7-ab58-446f-b557-83e0b9eee760	rank differs	Species	Ilex cornuta	Ilex crenata	1.000	Order	Aquifoliales	Ericales	1.000	Plantae;Tracheophyta;NA;Aquifoliales;Aquifoliaceae;Ilex;Ilex cornuta
n5402	5402	port_py3_epang_T2	e0232502-b64b-400a-b811-195e793921e8	rank differs	Order	Ericales	Aquifoliales	0.997	Family	Actinidiaceae	Primulaceae	1.000	Plantae;Tracheophyta;NA;Ericales;Actinidiaceae;Actinidia;Actinidia callosa
n5402	5402	port_py3_epang_T2	ece734cb-2da2-4219-b034-e2ab73f6e576	rank differs	Phylum	Ascomycota	NA	0.979	Genus	NA	Aspergillus	1.000	Fungi;Ascomycota;NA;Eurotiales;Aspergillaceae;NA;NA
n5402	5402	port_py3_epang_T2	ee5718a9-cb16-4a89-9049-6c966052724e	same rank, other proposal	Species	Ilex theezans	Ilex brasiliensis	0.956	Species	Ilex theezans	Ilex taubertiana	0.510	Plantae;Tracheophyta;NA;Aquifoliales;Aquifoliaceae;Ilex;Ilex theezans
n5402	5402	port_py3_epang_T2	f3f227ed-3771-471b-954a-acc803114547	same rank, other proposal	Species	Primula handeliana	Primula longipes	0.977	Species	Primula handeliana	Primula dongchuanensis	0.998	Plantae;Tracheophyta;NA;Ericales;Primulaceae;Primula;Primula handeliana
n5402	5402	port_py3_epang_T2	f40f2308-6c0a-49cc-ae56-22a3fcff4a31	rank differs	Phylum	Ascomycota	NA	0.979	Genus	NA	Aspergillus	1.000	Fungi;Ascomycota;NA;Eurotiales;Aspergillaceae;NA;NA
n5402	5402	port_py3_epang_T2	f56e8933-d80f-47a1-ac4b-a2f99f04421c	same rank, other proposal	Species	Scorzonera cana	Scorzonera laciniata	0.505	Species	Scorzonera cana	NA	0.591	Plantae;Tracheophyta;NA;Asterales;Asteraceae;Scorzonera;Scorzonera cana
n5402	5402	port_py3_epang_T2	f7b3c537-4569-4dd7-aa46-bf88b8da640f	rank differs	Species	Ilex formosana	Ilex crenata	1.000	Order	Aquifoliales	Ericales	1.000	Plantae;Tracheophyta;NA;Aquifoliales;Aquifoliaceae;Ilex;Ilex formosana
n5402	5402	port_py3_epang_T2	00ae642b-996d-4801-bb89-c60dad5ab8f8	flagged by reference only	Species	Primula elatior	Primula vulgaris	0.932					Plantae;Tracheophyta;NA;Ericales;Primulaceae;Primula;Primula elatior
n5402	5402	port_py3_epang_T2	03dcd463-dc0a-442f-b02b-3b118fcc9f89	flagged by reference only	Phylum	Ascomycota	NA	0.957					Fungi;Ascomycota;NA;Eurotiales;Aspergillaceae;Aspergillus;NA
n5402	5402	port_py3_epang_T2	04e0400c-1490-4903-9170-5ba14564f7dd	flagged by reference only	Species	Actinidia eriantha	NA	0.600					Plantae;Tracheophyta;NA;Ericales;Actinidiaceae;Actinidia;Actinidia eriantha
n5402	5402	port_py3_epang_T2	05791ae8-96c4-4ca4-862f-42c63d15dba5	flagged by reference only	Species	Bouteloua media	Bouteloua warnockii	0.981					Plantae;Tracheophyta;NA;Poales;Poaceae;Bouteloua;Bouteloua media
n5402	5402	port_py3_epang_T2	071049b9-39fd-4ac9-8713-e574cae880cc	flagged by reference only	Species	NA	Ilex dumosa	0.893					Plantae;Tracheophyta;NA;Aquifoliales;Aquifoliaceae;Ilex;NA
n5402	5402	port_py3_epang_T2	076e5bc3-e127-40cd-a368-db48acd30a11	flagged by reference only	Phylum	Ascomycota	NA	0.990					Fungi;Ascomycota;NA;Eurotiales;Aspergillaceae;Aspergillus;NA
n5402	5402	port_py3_epang_T2	07cc3234-f742-4db1-9602-5aac4c2e1bb6	flagged by reference only	Phylum	Ascomycota	NA	0.979					Fungi;Ascomycota;NA;Eurotiales;Aspergillaceae;Aspergillus;NA
n5402	5402	port_py3_epang_T2	0c1db646-f2ad-4dad-99a8-0a9e175bd235	flagged by reference only	Species	NA	Primula veris	0.979					Plantae;Tracheophyta;NA;Ericales;Primulaceae;Primula;NA
n5402	5402	port_py3_epang_T2	0fdf9944-6815-4705-b17e-f89ce31ad9dc	flagged by reference only	Phylum	Ascomycota	NA	0.979					Fungi;Ascomycota;NA;Eurotiales;Aspergillaceae;Aspergillus;NA
n5402	5402	port_py3_epang_T2	0ff9deda-1c0e-4bc0-bbdc-47daf655941a	flagged by reference only	Phylum	Ascomycota	NA	0.979					Fungi;Ascomycota;NA;Eurotiales;Aspergillaceae;Aspergillus;NA
n5402	5402	port_py3_epang_T2	11e94f0c-7474-4915-9292-eb3f363dbf47	flagged by reference only	Species	Ilex tsoi	Ilex macropoda	0.444					Plantae;Tracheophyta;NA;Aquifoliales;Aquifoliaceae;Ilex;Ilex tsoi
n5402	5402	port_py3_epang_T2	1397aac3-68bb-4c5b-97c4-1719b63228f4	flagged by reference only	Phylum	Ascomycota	NA	0.959					Fungi;Ascomycota;NA;Eurotiales;Aspergillaceae;Aspergillus;NA
n5402	5402	port_py3_epang_T2	14644f0d-0820-4736-a717-f9f0971b1550	flagged by reference only	Species	NA	Ilex latifolia	0.712					Plantae;Tracheophyta;NA;Aquifoliales;Aquifoliaceae;Ilex;NA
n5402	5402	port_py3_epang_T2	14a10e20-4326-4802-b01f-8f21af77d080	flagged by reference only	Superfamily	Primula malvacea	NA	0.421					Plantae;Tracheophyta;NA;Ericales;Primulaceae;Primula;Primula malvacea
n5402	5402	port_py3_epang_T2	14da7cc7-2cc6-4a54-ba9a-da5f612eb809	flagged by reference only	Phylum	Ascomycota	NA	0.957					Fungi;Ascomycota;NA;Eurotiales;Aspergillaceae;Aspergillus;NA
n5402	5402	port_py3_epang_T2	15fe320a-bd05-43c5-9350-d2f7d015b976	flagged by reference only	Species	Scorzonera meshhedensis	NA	0.650					Plantae;Tracheophyta;NA;Asterales;Asteraceae;Scorzonera;Scorzonera meshhedensis
n5402	5402	port_py3_epang_T2	16abc43e-c596-428d-902e-68dbebad42fe	flagged by reference only	Order	Eurotiales	Caliciales	0.482					Fungi;Ascomycota;NA;Eurotiales;Aspergillaceae;Aspergillus;NA
n5402	5402	port_py3_epang_T2	1a36c39a-4914-4d75-a7b3-380c13e5d468	flagged by reference only	Phylum	Ascomycota	NA	0.979					Fungi;Ascomycota;NA;Eurotiales;Aspergillaceae;Aspergillus;NA
n5402	5402	port_py3_epang_T2	1aaace59-026a-4b50-9666-12fe244cd256	flagged by reference only	Species	Scorzonera cana	Scorzonera laciniata	0.505					Plantae;Tracheophyta;NA;Asterales;Asteraceae;Scorzonera;Scorzonera cana
n5402	5402	port_py3_epang_T2	1ac1131b-fc44-4a7f-b4c9-39aef53aacd6	flagged by reference only	Phylum	Ascomycota	NA	0.979					Fungi;Ascomycota;NA;Eurotiales;Aspergillaceae;Aspergillus;NA
n5402	5402	port_py3_epang_T2	1b439a0b-ec06-491e-bbea-3c918fa05089	flagged by reference only	Phylum	Ascomycota	NA	0.946					Fungi;Ascomycota;NA;Eurotiales;Aspergillaceae;Aspergillus;NA
n5402	5402	port_py3_epang_T2	1b5f2ed7-24db-4c38-a313-02f216154b3d	flagged by reference only	Phylum	Ascomycota	NA	0.979					Fungi;Ascomycota;NA;Eurotiales;Aspergillaceae;Aspergillus;NA
n5402	5402	port_py3_epang_T2	1ce6e2e4-35e9-437d-8f63-2e53e508cb1c	flagged by reference only	Species	Nymphaea odorata	Nymphaea mexicana	0.510					Plantae;Tracheophyta;NA;Nymphaeales;Nymphaeaceae;Nymphaea;Nymphaea odorata
n5402	5402	port_py3_epang_T2	1f07f72d-8296-485a-9c1b-df0e328b1968	flagged by reference only	Species	Ilex crenata	Ilex venusta	0.755					Plantae;Tracheophyta;NA;Aquifoliales;Aquifoliaceae;Ilex;Ilex crenata
n5402	5402	port_py3_epang_T2	220c0935-d999-4046-beb0-5c85b36955c9	flagged by reference only	Species	Ilex kunthiana	Ilex dumosa	0.741					Plantae;Tracheophyta;NA;Aquifoliales;Aquifoliaceae;Ilex;Ilex kunthiana
n5402	5402	port_py3_epang_T2	23d0cbcd-95ec-4424-887b-a8de64e50d49	flagged by reference only	Species	Primula elatior	Primula vulgaris	0.822					Plantae;Tracheophyta;NA;Ericales;Primulaceae;Primula;Primula elatior
n5402	5402	port_py3_epang_T2	26a97b41-adb7-419e-b846-9fc2766b44a6	flagged by reference only	Phylum	Ascomycota	NA	0.979					Fungi;Ascomycota;NA;Eurotiales;Aspergillaceae;Aspergillus;NA
n5402	5402	port_py3_epang_T2	2cefc528-3e88-4f9c-99cd-de22c20a2745	flagged by reference only	Species	NA	Primula auriculata	0.834					Plantae;Tracheophyta;NA;Ericales;Primulaceae;Primula;NA
n5402	5402	port_py3_epang_T2	2d26f9a8-cd5c-406a-9f83-a5230dbc9b24	flagged by reference only	Species	Bipolaris bicolor	NA	0.907					Fungi;Ascomycota;NA;Pleosporales;Pleosporaceae;Bipolaris;Bipolaris bicolor
n5402	5402	port_py3_epang_T2	3094c049-8a9f-48f0-a1e3-5187aac72b2b	flagged by reference only	Phylum	Ascomycota	NA	0.961					Fungi;Ascomycota;NA;Eurotiales;Aspergillaceae;Aspergillus;NA
n5402	5402	port_py3_epang_T2	32566fde-00ff-4522-b9f2-d20abdfabb4a	flagged by reference only	Species	NA	Scorzonera laciniata	0.501					Plantae;Tracheophyta;NA;Asterales;Asteraceae;Scorzonera;NA
n5402	5402	port_py3_epang_T2	328ba0a4-5b74-48b5-8dd9-fc49e27c76df	flagged by reference only	Species	Primula reinii	Primula jesoana	0.848					Plantae;Tracheophyta;NA;Ericales;Primulaceae;Primula;Primula reinii
n5402	5402	port_py3_epang_T2	334f9b2a-c11d-4004-8187-c57495f32044	flagged by reference only	Species	Primula nivalis	Primula longipes	0.901					Plantae;Tracheophyta;NA;Ericales;Primulaceae;Primula;Primula nivalis
n5402	5402	port_py3_epang_T2	33c1c868-a488-4696-b41c-d711dff0b706	flagged by reference only	Phylum	Ascomycota	NA	0.979					Fungi;Ascomycota;NA;Eurotiales;Aspergillaceae;Aspergillus;NA
n5402	5402	port_py3_epang_T2	34ca8033-eabf-4e9e-85e3-1337b6a7131b	flagged by reference only	Species	Primula elatior	Primula veris	0.979					Plantae;Tracheophyta;NA;Ericales;Primulaceae;Primula;Primula elatior
n5402	5402	port_py3_epang_T2	3714416d-0f4c-4611-a62b-2c9cbe09d0f8	flagged by reference only	Species	NA	Ilex chinensis	0.964					Plantae;Tracheophyta;NA;Aquifoliales;Aquifoliaceae;Ilex;NA
n5402	5402	port_py3_epang_T2	3a9bea8c-2003-4a51-bc5b-f3bd71a29006	flagged by reference only	Species	NA	Primula vulgaris	0.940					Plantae;Tracheophyta;NA;Ericales;Primulaceae;Primula;NA
n5402	5402	port_py3_epang_T2	3bc2fd39-492c-45fb-90ca-2123e59b6a6b	flagged by reference only	Phylum	Ascomycota	NA	0.979					Fungi;Ascomycota;NA;Eurotiales;Aspergillaceae;Aspergillus;NA
n5402	5402	port_py3_epang_T2	3c6b4584-945c-43eb-b023-47dc571558c7	flagged by reference only	Species	Asterochloris irregularis	Asterochloris glomerata	0.433					Plantae;Chlorophyta;NA;Microthamniales;NA;Asterochloris;Asterochloris irregularis
n5402	5402	port_py3_epang_T2	3e2926e5-ee59-43eb-917e-28902cce4097	flagged by reference only	Species	Bipolaris sorokiniana	NA	0.999					Fungi;Ascomycota;NA;Pleosporales;Pleosporaceae;Bipolaris;Bipolaris sorokiniana
n5402	5402	port_py3_epang_T2	3fc66a6e-8cb6-4775-bba6-34a263c36c8a	flagged by reference only	Species	Scorzonera cana	Scorzonera laciniata	0.477					Plantae;Tracheophyta;NA;Asterales;Asteraceae;Scorzonera;Scorzonera cana
n5402	5402	port_py3_epang_T2	40e6c789-8b27-49b5-b2d3-f116be0b9f6d	flagged by reference only	Phylum	Ascomycota	NA	0.979					Fungi;Ascomycota;NA;Eurotiales;Aspergillaceae;Aspergillus;NA
n5402	5402	port_py3_epang_T2	43d1f2da-cd5a-4920-b63c-9cad47de73d6	flagged by reference only	Species	Scorzonera rupicola	NA	0.502					Plantae;Tracheophyta;NA;Asterales;Asteraceae;Scorzonera;Scorzonera rupicola
n5402	5402	port_py3_epang_T2	452f6a8a-c1a5-4fa6-883a-54b6d712f01b	flagged by reference only	Species	Primula poissonii	__TAXCLUSTER16__Primula miyabeana	0.899					Plantae;Tracheophyta;NA;Ericales;Primulaceae;Primula;Primula poissonii
n5402	5402	port_py3_epang_T2	467f2e49-f2a1-4fbe-b785-b7f446063d23	flagged by reference only	Phylum	Ascomycota	NA	0.979					Fungi;Ascomycota;NA;Eurotiales;Aspergillaceae;Aspergillus;NA
n5402	5402	port_py3_epang_T2	46d3f9b1-961a-41e2-983c-769a9c14c552	flagged by reference only	Species	Bouteloua media	Bouteloua warnockii	0.981					Plantae;Tracheophyta;NA;Poales;Poaceae;Bouteloua;Bouteloua media
n5402	5402	port_py3_epang_T2	4799bbd3-6f74-478a-a51c-f7212f1b61a9	flagged by reference only	Species	Primula matthioli	Cortusa matthioli	1.000					Plantae;Tracheophyta;NA;Ericales;Primulaceae;Primula;Primula matthioli
n5402	5402	port_py3_epang_T2	49efd852-fc8c-47f1-b315-403a54e85348	flagged by reference only	Phylum	Basidiomycota	NA	1.000					Fungi;Basidiomycota;NA;Cantharellales;Tulasnellaceae;NA;NA
n5402	5402	port_py3_epang_T2	4b70afd0-e960-4fcd-bdc0-9e4bb7a5cd99	flagged by reference only	Phylum	Ascomycota	NA	0.979					Fungi;Ascomycota;NA;Eurotiales;Aspergillaceae;Aspergillus;NA
n5402	5402	port_py3_epang_T2	4f5a77c5-9ee4-46d5-b095-8a1600ddb6ef	flagged by reference only	Phylum	Ascomycota	NA	0.979					Fungi;Ascomycota;NA;Eurotiales;Aspergillaceae;Aspergillus;NA
n5402	5402	port_py3_epang_T2	4fd4c436-cbab-44bf-956f-f676fcb68535	flagged by reference only	Phylum	Ascomycota	NA	0.979					Fungi;Ascomycota;NA;Eurotiales;Aspergillaceae;Aspergillus;NA
n5402	5402	port_py3_epang_T2	4fdc2d5c-fe5d-4273-908e-6785b6f69cb7	flagged by reference only	Phylum	Ascomycota	NA	0.955					Fungi;Ascomycota;NA;Eurotiales;NA;NA;NA
n5402	5402	port_py3_epang_T2	51702362-1a19-42f3-8fd4-f5abcbbe0310	flagged by reference only	Genus	Scorzonera	Gelasia	0.999					Plantae;Tracheophyta;NA;Asterales;Asteraceae;Scorzonera;NA
n5402	5402	port_py3_epang_T2	5193a508-56a2-4b50-9133-81a981faa97c	flagged by reference only	Species	Actinidia chrysantha	NA	0.460					Plantae;Tracheophyta;NA;Ericales;Actinidiaceae;Actinidia;Actinidia chrysantha
n5402	5402	port_py3_epang_T2	52859559-d389-4c1d-9655-ef166021c9e9	flagged by reference only	Species	NA	Actinidia fulvicoma	0.842					Plantae;Tracheophyta;NA;Ericales;Actinidiaceae;Actinidia;NA
n5402	5402	port_py3_epang_T2	52a54f3b-b2c6-418c-ab0b-09ad1ce64f4f	flagged by reference only	Species	Primula matthioli	Cortusa matthioli	0.999					Plantae;Tracheophyta;NA;Ericales;Primulaceae;Primula;Primula matthioli
n5402	5402	port_py3_epang_T2	53123e18-fd59-4734-9557-fe6d7bf65cff	flagged by reference only	Phylum	Ascomycota	NA	0.979					Fungi;Ascomycota;NA;Eurotiales;Aspergillaceae;Aspergillus;NA
n5402	5402	port_py3_epang_T2	53c36fcc-620d-4a64-977a-e634ec058619	flagged by reference only	Species	Primula dongchuanensis	__TAXCLUSTER10__Primula helodoxa	0.542					Plantae;Tracheophyta;NA;Ericales;Primulaceae;Primula;Primula dongchuanensis
n5402	5402	port_py3_epang_T2	543c8f55-7170-48c2-beee-ea019268da8f	flagged by reference only	Phylum	Ascomycota	NA	0.979					Fungi;Ascomycota;NA;Eurotiales;Aspergillaceae;Aspergillus;NA
n5402	5402	port_py3_epang_T2	55d2e1c1-4323-46f9-8466-f5c06b3de798	flagged by reference only	Species	NA	Asterochloris glomerata	0.433					Plantae;Chlorophyta;NA;Microthamniales;NA;Asterochloris;NA
n5402	5402	port_py3_epang_T2	5695f4e5-3431-47d7-bc75-86221ca53c5d	flagged by reference only	Species	Primula matthioli	Cortusa matthioli	1.000					Plantae;Tracheophyta;NA;Ericales;Primulaceae;Primula;Primula matthioli
n5402	5402	port_py3_epang_T2	570b40f4-c264-4c5f-ab6e-fb17a951573c	flagged by reference only	Species	Actinidia fulvicoma	NA	0.461					Plantae;Tracheophyta;NA;Ericales;Actinidiaceae;Actinidia;Actinidia fulvicoma
n5402	5402	port_py3_epang_T2	5760c42e-ab35-48e7-b496-df3af57d3f42	flagged by reference only	Species	Ilex paraguariensis	__TAXCLUSTER5__Ilex nitida	0.885					Plantae;Tracheophyta;NA;Aquifoliales;Aquifoliaceae;Ilex;Ilex paraguariensis
n5402	5402	port_py3_epang_T2	5b1865a8-3cb9-4d4f-9289-611ed0fc6c7a	flagged by reference only	Phylum	Ascomycota	NA	0.979					Fungi;Ascomycota;NA;Eurotiales;Aspergillaceae;Aspergillus;NA
n5402	5402	port_py3_epang_T2	5fced340-2b94-47b4-b9fd-8a490474abb6	flagged by reference only	Species	Primula handeliana	Primula longipes	0.901					Plantae;Tracheophyta;NA;Ericales;Primulaceae;Primula;Primula handeliana
n5402	5402	port_py3_epang_T2	5ff66743-ac50-4d3e-af55-82adaaf6efdc	flagged by reference only	Phylum	Ascomycota	NA	0.979					Fungi;Ascomycota;NA;Eurotiales;Aspergillaceae;Aspergillus;NA
n5402	5402	port_py3_epang_T2	607930de-d2db-465a-81ac-2cae77b6e726	flagged by reference only	Phylum	Ascomycota	NA	0.979					Fungi;Ascomycota;NA;Eurotiales;Aspergillaceae;Aspergillus;NA
n5402	5402	port_py3_epang_T2	61c76c58-d7ab-426a-b052-a8577bdce8c0	flagged by reference only	Phylum	Ascomycota	NA	0.979					Fungi;Ascomycota;NA;Eurotiales;Aspergillaceae;Aspergillus;NA
n5402	5402	port_py3_epang_T2	620af553-a237-48d9-b2c9-a71465b18490	flagged by reference only	Genus	Eudorina	Pandorina	1.000					Plantae;Chlorophyta;NA;Chlamydomonadales;Volvocaceae;Eudorina;Eudorina elegans
n5402	5402	port_py3_epang_T2	6395c587-d1fa-4afd-927a-b8028547a117	flagged by reference only	Species	Scorzonera meshhedensis	NA	0.736					Plantae;Tracheophyta;NA;Asterales;Asteraceae;Scorzonera;Scorzonera meshhedensis
n5402	5402	port_py3_epang_T2	63d38c90-3385-454d-93d0-7cd78628c5c1	flagged by reference only	Species	Primula handeliana	Primula longipes	0.901					Plantae;Tracheophyta;NA;Ericales;Primulaceae;Primula;Primula handeliana
n5402	5402	port_py3_epang_T2	6595f094-7a95-4453-8e5a-8327d805f98f	flagged by reference only	Species	NA	Asterochloris glomerata	0.433					Plantae;Chlorophyta;NA;Microthamniales;NA;Asterochloris;NA
n5402	5402	port_py3_epang_T2	65e383cb-8ff3-4b15-934b-a35dc2d6e1dc	flagged by reference only	Phylum	Ascomycota	NA	0.990					Fungi;Ascomycota;NA;Eurotiales;Aspergillaceae;Aspergillus;NA
n5402	5402	port_py3_epang_T2	6790a1d9-1b8a-4158-aa57-667b6b58e359	flagged by reference only	Genus	Pseudopodospermum	Scorzonera	0.999					Plantae;Tracheophyta;NA;Asterales;Asteraceae;Pseudopodospermum
n5402	5402	port_py3_epang_T2	68cc08eb-c3cc-43d6-8e36-c77f8041de97	flagged by reference only	Phylum	Ascomycota	NA	0.979					Fungi;Ascomycota;NA;Eurotiales;Aspergillaceae;Aspergillus;NA
n5402	5402	port_py3_epang_T2	694550dc-2464-41d7-8575-b61eb76fb4eb	flagged by reference only	Phylum	Ascomycota	NA	0.979					Fungi;Ascomycota;NA;Eurotiales;Aspergillaceae;Aspergillus;NA
n5402	5402	port_py3_epang_T2	6d801571-9def-47be-9b28-5c7c38b1bc5a	flagged by reference only	Species	NA	Scorzonera laciniata	0.459					Plantae;Tracheophyta;NA;Asterales;Asteraceae;Scorzonera;NA
n5402	5402	port_py3_epang_T2	6d85c0f1-cad0-4143-9d5b-168ffadf4b41	flagged by reference only	Species	Primula blinii	Primula souliei	0.510					Plantae;Tracheophyta;NA;Ericales;Primulaceae;Primula;Primula blinii
n5402	5402	port_py3_epang_T2	701c0311-13ac-443a-8adf-22afa199dda1	flagged by reference only	Species	Gelasia litwinowii	Gelasia aucheriana	0.510					Plantae;Tracheophyta;NA;Asterales;Asteraceae;Gelasia;Gelasia litwinowii
n5402	5402	port_py3_epang_T2	73be8c2d-8d1b-489f-90fe-b08d2d038d09	flagged by reference only	Species	Primula auricula	Primula marginata	0.433					Plantae;Tracheophyta;NA;Ericales;Primulaceae;Primula;Primula auricula
n5402	5402	port_py3_epang_T2	7455c5d8-b492-4954-aa54-f44c8de017cb	flagged by reference only	Species	Ilex ferruginea	Ilex dasyphylla	0.828					Plantae;Tracheophyta;NA;Aquifoliales;Aquifoliaceae;Ilex;Ilex ferruginea
n5402	5402	port_py3_epang_T2	78bc7019-e5e3-42ea-900d-34afdf5c61e8	flagged by reference only	Species	NA	Primula farinosa	0.845					Plantae;Tracheophyta;NA;Ericales;Primulaceae;Primula;NA
n5402	5402	port_py3_epang_T2	7a6af31f-b747-4847-94e7-918fcdcd3620	flagged by reference only	Species	NA	Asterochloris glomerata	0.433					Plantae;Chlorophyta;NA;Microthamniales;NA;Asterochloris;NA
n5402	5402	port_py3_epang_T2	7be002a3-b399-457d-87b3-5ae73374ad31	flagged by reference only	Species	NA	Actinidia fulvicoma	0.753					Plantae;Tracheophyta;NA;Ericales;Actinidiaceae;Actinidia;NA
n5402	5402	port_py3_epang_T2	7dacca45-4667-4ce5-83af-af818e59bc2f	flagged by reference only	Phylum	Ascomycota	NA	0.979					Fungi;Ascomycota;NA;Eurotiales;Aspergillaceae;Aspergillus;NA
n5402	5402	port_py3_epang_T2	7db63b58-98f2-4df8-bddd-941b96ec63c7	flagged by reference only	Phylum	Ascomycota	NA	0.979					Fungi;Ascomycota;NA;Eurotiales;Aspergillaceae;Aspergillus;NA
n5402	5402	port_py3_epang_T2	7db8eea4-eb27-413e-b113-1ab22d18a77c	flagged by reference only	Species	Scorzonera songorica	NA	0.736					Plantae;Tracheophyta;NA;Asterales;Asteraceae;Scorzonera;Scorzonera songorica
n5402	5402	port_py3_epang_T2	7e0cc1a4-3887-4b7c-869b-44f4dd00c766	flagged by reference only	Phylum	Ascomycota	NA	0.979					Fungi;Ascomycota;NA;Eurotiales;Aspergillaceae;Aspergillus;NA
n5402	5402	port_py3_epang_T2	804e6407-347e-4be1-9ed4-e7796c0546c0	flagged by reference only	Species	Actinidia pilosula	NA	0.462					Plantae;Tracheophyta;NA;Ericales;Actinidiaceae;Actinidia;Actinidia pilosula
n5402	5402	port_py3_epang_T2	83b8a334-0438-4b61-a26e-25c9997e2fbe	flagged by reference only	Species	Asterochloris mediterranea	NA	0.734					Plantae;Chlorophyta;NA;Microthamniales;NA;Asterochloris;Asterochloris mediterranea
n5402	5402	port_py3_epang_T2	85019380-437b-475b-a8f1-3ce86f19e2cb	flagged by reference only	Phylum	Ascomycota	NA	0.955					Fungi;Ascomycota;NA;Eurotiales;NA;NA;NA
n5402	5402	port_py3_epang_T2	8a957ac5-7f8d-4d51-bc81-8383ebe8338d	flagged by reference only	Species	NA	Asterochloris irregularis	0.719					Plantae;Chlorophyta;NA;Microthamniales;NA;Asterochloris;NA
n5402	5402	port_py3_epang_T2	8aabd75f-2508-4069-be47-dc664595c211	flagged by reference only	Phylum	Ascomycota	NA	0.955					Fungi;Ascomycota;NA;Eurotiales;NA;NA;NA
n5402	5402	port_py3_epang_T2	9170f2a3-a8f4-41f9-8aa2-3bf0b183bf54	flagged by reference only	Phylum	Ascomycota	NA	0.955					Fungi;Ascomycota;NA;Eurotiales;NA;NA;NA
n5402	5402	port_py3_epang_T2	92073f88-172b-4d9b-898e-a3d71e7ce4b1	flagged by reference only	Species	__TAXCLUSTER17__Primula szechuanica	Primula longipes	0.901					Plantae;Tracheophyta;NA;Ericales;Primulaceae;Primula;__TAXCLUSTER17__Primula szechuanica
n5402	5402	port_py3_epang_T2	94ab3c51-9283-4363-b390-f6f0ca9f7170	flagged by reference only	Phylum	Ascomycota	NA	0.955					Fungi;Ascomycota;NA;Eurotiales;NA;NA;NA
n5402	5402	port_py3_epang_T2	963c8d04-1c92-45b6-ab9f-06420a402b4b	flagged by reference only	Phylum	Ascomycota	NA	0.979					Fungi;Ascomycota;NA;Eurotiales;Aspergillaceae;Aspergillus;NA
n5402	5402	port_py3_epang_T2	9647f17f-d5d9-4085-9293-e57d4c0269d8	flagged by reference only	Phylum	Ascomycota	NA	0.979					Fungi;Ascomycota;NA;Eurotiales;Aspergillaceae;Aspergillus;NA
n5402	5402	port_py3_epang_T2	96801a73-5ffb-4af0-9a01-5607726ebecf	flagged by reference only	Species	Podospermum roseum	Scorzonera purpurea	0.999					Plantae;Tracheophyta;NA;Asterales;Asteraceae;Scorzonera;Podospermum roseum
n5402	5402	port_py3_epang_T2	97311ffc-d825-4d81-96cb-deaa05ae4508	flagged by reference only	Infraorder	Alternaria	Bipolaris	0.987					Fungi;Ascomycota;NA;Pleosporales;Pleosporaceae;Alternaria;NA
n5402	5402	port_py3_epang_T2	9b99a095-c874-4640-b417-89177fac1f99	flagged by reference only	Species	NA	Primula longipes	0.901					Plantae;Tracheophyta;NA;Ericales;Primulaceae;Primula;NA
n5402	5402	port_py3_epang_T2	9c8a9863-6909-4d38-a68a-50c8fe342051	flagged by reference only	Phylum	Ascomycota	NA	0.916					Fungi;Ascomycota;NA;Eurotiales;Aspergillaceae;Aspergillus;NA
n5402	5402	port_py3_epang_T2	a006ece1-ca2b-48d5-ad77-5db17d9a1c3b	flagged by reference only	Species	Primula elatior	Primula veris	0.979					Plantae;Tracheophyta;NA;Ericales;Primulaceae;Primula;Primula elatior
n5402	5402	port_py3_epang_T2	a60576b4-b844-4438-adba-1d63e0b39a85	flagged by reference only	Species	Primula juliae	Primula vulgaris	0.936					Plantae;Tracheophyta;NA;Ericales;Primulaceae;Primula;Primula juliae
n5402	5402	port_py3_epang_T2	a9881588-6d66-42db-a063-d6b62b57a492	flagged by reference only	Genus	Takhtajaniantha	Gelasia	1.000					Plantae;Tracheophyta;NA;Asterales;Asteraceae;Takhtajaniantha;Scorzonera latifolia
n5402	5402	port_py3_epang_T2	a9f98a0a-f713-4d64-8e3b-284123878207	flagged by reference only	Species	NA	Asterochloris irregularis	0.419					Plantae;Chlorophyta;NA;Microthamniales;NA;Asterochloris;NA
n5402	5402	port_py3_epang_T2	acd5be05-1a67-4ace-a021-813759809637	flagged by reference only	Species	Ilex ferruginea	Ilex dasyphylla	0.828					Plantae;Tracheophyta;NA;Aquifoliales;Aquifoliaceae;Ilex;Ilex ferruginea
n5402	5402	port_py3_epang_T2	ace2ad1b-62db-43a8-b9e7-d55611a36437	flagged by reference only	Species	Actinidia pilosula	NA	0.462					Plantae;Tracheophyta;NA;Ericales;Actinidiaceae;Actinidia;Actinidia pilosula
n5402	5402	port_py3_epang_T2	afe0c2ea-eabd-4592-bfc4-418cd425439d	flagged by reference only	Species	Podospermum armenaicum	Scorzonera laciniata	0.513					Plantae;Tracheophyta;NA;Asterales;Asteraceae;Scorzonera;Podospermum armenaicum
n5402	5402	port_py3_epang_T2	b1c9f439-e9e5-49c0-9f44-157be4b25a78	flagged by reference only	Species	Scorzonera cana	NA	0.788					Plantae;Tracheophyta;NA;Asterales;Asteraceae;Scorzonera;Scorzonera cana
n5402	5402	port_py3_epang_T2	b369d4e6-f8f6-49d3-8d21-6dc7684b461f	flagged by reference only	Phylum	Ascomycota	NA	0.961					Fungi;Ascomycota;NA;Eurotiales;Aspergillaceae;Aspergillus;NA
n5402	5402	port_py3_epang_T2	b77bf342-72ce-453b-9753-58721a014e6b	flagged by reference only	Phylum	Ascomycota	NA	0.990					Fungi;Ascomycota;NA;Eurotiales;Aspergillaceae;Aspergillus;NA
n5402	5402	port_py3_epang_T2	b80c258c-729b-4c88-bf50-cbb3d2b86fdd	flagged by reference only	Species	NA	Nymphaea caerulea	0.642					Plantae;Tracheophyta;NA;Nymphaeales;Nymphaeaceae;Nymphaea;NA
n5402	5402	port_py3_epang_T2	b9b7976e-d22b-4c50-aa10-5a2c6c131266	flagged by reference only	Phylum	Ascomycota	NA	0.979					Fungi;Ascomycota;NA;Eurotiales;Aspergillaceae;Aspergillus;NA
n5402	5402	port_py3_epang_T2	bbd4a52a-c334-41c7-afb9-7c68a919ca1f	flagged by reference only	Phylum	Ascomycota	NA	0.979					Fungi;Ascomycota;NA;Eurotiales;Aspergillaceae;Aspergillus;NA
n5402	5402	port_py3_epang_T2	c1ac0826-9f4a-4388-a929-f8f1c27ed151	flagged by reference only	Phylum	Ascomycota	NA	0.904					Fungi;Ascomycota;NA;Eurotiales;Aspergillaceae;Aspergillus;NA
n5402	5402	port_py3_epang_T2	c5b3b83f-30c1-4c6a-81a9-1323c22eb97f	flagged by reference only	Phylum	Ascomycota	NA	0.945					Fungi;Ascomycota;NA;Eurotiales;Aspergillaceae;Aspergillus;NA
n5402	5402	port_py3_epang_T2	c6c5c3e9-52a1-4c92-b9fe-c91a3c11ac98	flagged by reference only	Genus	Eudorina	Pandorina	1.000					Plantae;Chlorophyta;NA;Chlamydomonadales;Volvocaceae;Eudorina
n5402	5402	port_py3_epang_T2	ca36daf6-930d-419d-8d88-5bf2c8893333	flagged by reference only	Species	__TAXCLUSTER17__Primula szechuanica	Primula longipes	0.901					Plantae;Tracheophyta;NA;Ericales;Primulaceae;Primula;__TAXCLUSTER17__Primula szechuanica
n5402	5402	port_py3_epang_T2	ca568fc8-9d1a-4eaf-b692-8da5beb540ab	flagged by reference only	Phylum	Basidiomycota	NA	1.000					Fungi;Basidiomycota;NA;Cantharellales;Tulasnellaceae;NA;NA
n5402	5402	port_py3_epang_T2	ca8578e1-4583-44ed-8ba0-b2239ae20d75	flagged by reference only	Species	__TAXCLUSTER17__Primula szechuanica	Primula longipes	0.901					Plantae;Tracheophyta;NA;Ericales;Primulaceae;Primula;__TAXCLUSTER17__Primula szechuanica
n5402	5402	port_py3_epang_T2	cb56b87c-ce3a-4d4e-ba78-46927b31017f	flagged by reference only	Species	Mucuna bracteata	Mucuna pruriens	0.980					Plantae;Tracheophyta;NA;Fabales;Fabaceae;Mucuna;Mucuna bracteata
n5402	5402	port_py3_epang_T2	ce999006-80dc-4b0a-9311-cd7fa91d5764	flagged by reference only	Infraorder	Alternaria	Bipolaris	0.987					Fungi;Ascomycota;NA;Pleosporales;Pleosporaceae;Alternaria;NA
n5402	5402	port_py3_epang_T2	dcf87a27-390b-4810-afb0-45ff333ac7b9	flagged by reference only	Phylum	Ascomycota	NA	0.955					Fungi;Ascomycota;NA;Eurotiales;NA;NA;NA
n5402	5402	port_py3_epang_T2	dfc2b5cd-a050-4b7b-9f1b-92bccd8e8814	flagged by reference only	Species	Bipolaris bicolor	NA	0.903					Fungi;Ascomycota;NA;Pleosporales;Pleosporaceae;Bipolaris;Bipolaris bicolor
n5402	5402	port_py3_epang_T2	e218e97f-2c1a-4c43-811e-c1b820686d32	flagged by reference only	Phylum	Ascomycota	NA	0.979					Fungi;Ascomycota;NA;Eurotiales;Aspergillaceae;Aspergillus;NA
n5402	5402	port_py3_epang_T2	eec10d11-6f76-4715-80b3-3b8709270780	flagged by reference only	Species	Primula matthioli	Cortusa matthioli	1.000					Plantae;Tracheophyta;NA;Ericales;Primulaceae;Primula;Primula matthioli
n5402	5402	port_py3_epang_T2	f4e6b4af-f2b7-484a-82a1-a94f10036a4e	flagged by reference only	Phylum	Ascomycota	NA	0.935					Fungi;Ascomycota;NA;Eurotiales;Aspergillaceae;Aspergillus;NA
n5402	5402	port_py3_epang_T2	fc2f9287-bd3f-410a-9123-2b316fdec5e9	flagged by reference only	Species	Cortusa matthioli	Primula algida	0.805					Plantae;Tracheophyta;NA;Ericales;Primulaceae;Primula;Cortusa matthioli
n5402	5402	port_py3_epang_T2	000207f5-077d-46d1-9975-6460a726273f	flagged by test only					Species	Pterachaenia stewartii	Pterachaenia codringtonii	0.510	Plantae;Tracheophyta;NA;Asterales;Asteraceae;Pterachaenia;Pterachaenia stewartii
n5402	5402	port_py3_epang_T2	00191c72-2b00-41db-9d09-a49ea3c5ffd9	flagged by test only					Species	Primula algida	Cortusa matthioli	1.000	Plantae;Tracheophyta;NA;Ericales;Primulaceae;Primula;Primula algida
n5402	5402	port_py3_epang_T2	0043ddd3-9e72-4a19-bcfd-47feed13ef05	flagged by test only					Phylum	NA	Ascomycota	1.000	Fungi;NA;NA;NA;NA;NA;NA
n5402	5402	port_py3_epang_T2	016d8e10-e99e-4aa5-878f-90498914c9b8	flagged by test only					Species	Primula kisoana	Primula saxatilis	0.499	Plantae;Tracheophyta;NA;Ericales;Primulaceae;Primula;Primula kisoana
n5402	5402	port_py3_epang_T2	0326d4e3-c803-4299-a077-8d71e9c7ee1f	flagged by test only					Kingdom	Plantae	Fungi	1.000	Plantae;Tracheophyta;NA;Poales;Cyperaceae;Carex;Carex acutiformis
n5402	5402	port_py3_epang_T2	04f17627-601d-4f8f-bb1b-aa3d09da7e32	flagged by test only					Phylum	NA	Ascomycota	1.000	Fungi;NA;NA;NA;NA;NA;NA
n5402	5402	port_py3_epang_T2	05f8157b-9667-459e-8d68-e46c8e4842ff	flagged by test only					Species	Primula kialensis	Primula marginata	0.510	Plantae;Tracheophyta;NA;Ericales;Primulaceae;Primula;Primula kialensis
n5402	5402	port_py3_epang_T2	06c3d543-3c24-4673-afe0-617dffd6391c	flagged by test only					Species	Primula grandis	Primula veris	0.510	Plantae;Tracheophyta;NA;Ericales;Primulaceae;Primula;Primula grandis
n5402	5402	port_py3_epang_T2	06dcde95-2593-4d6f-9a52-d2f36bf02aee	flagged by test only					Species	Ilex integerrima	Ilex canariensis	1.000	Plantae;Tracheophyta;NA;Aquifoliales;Aquifoliaceae;Ilex;Ilex integerrima
n5402	5402	port_py3_epang_T2	07aac45f-752e-494c-82e4-97abc6cb12c1	flagged by test only					Species	Primula auriculata	Primula marginata	0.510	Plantae;Tracheophyta;NA;Ericales;Primulaceae;Primula;Primula auriculata
n5402	5402	port_py3_epang_T2	08162423-be61-4e90-b713-8db105372177	flagged by test only					Species	Ilex venulosa	Ilex khasiana	0.819	Plantae;Tracheophyta;NA;Aquifoliales;Aquifoliaceae;Ilex;Ilex venulosa
n5402	5402	port_py3_epang_T2	09a51f98-0f9b-4eb0-93b1-a18df16fdcdf	flagged by test only					Species	Primula allionii	Primula marginata	1.000	Plantae;Tracheophyta;NA;Ericales;Primulaceae;Primula;Primula allionii
n5402	5402	port_py3_epang_T2	0ad0a660-47a5-4cc8-9f14-5bfc92165579	flagged by test only					Species	Asterochloris irregularis	NA	0.743	Plantae;Chlorophyta;NA;Microthamniales;NA;Asterochloris;Asterochloris irregularis
n5402	5402	port_py3_epang_T2	0bab20ec-0d4d-4271-957f-bb98409dc976	flagged by test only					Family	NA	Aspergillaceae	0.993	Fungi;Ascomycota;NA;Eurotiales;NA;NA;NA
n5402	5402	port_py3_epang_T2	0d7cd37b-76ea-464b-84f4-0b533f12e53a	flagged by test only					Genus	Gelasia	Scorzonera	1.000	Plantae;Tracheophyta;NA;Asterales;Asteraceae;Gelasia
n5402	5402	port_py3_epang_T2	10664ba8-3f6c-48e5-9c9f-aa5940b751bd	flagged by test only					Species	Ilex opaca	Ilex hainanensis	0.510	Plantae;Tracheophyta;NA;Aquifoliales;Aquifoliaceae;Ilex;Ilex opaca
n5402	5402	port_py3_epang_T2	11911fb5-383b-4692-ac57-a6ec792a337d	flagged by test only					Species	Bipolaris sorokiniana	NA	0.952	Fungi;Ascomycota;NA;Pleosporales;Pleosporaceae;Bipolaris;Bipolaris sorokiniana
n5402	5402	port_py3_epang_T2	11bc3933-50e8-4c91-8d8e-7fe36e149352	flagged by test only					Species	Ilex pubescens	Ilex canariensis	1.000	Plantae;Tracheophyta;NA;Aquifoliales;Aquifoliaceae;Ilex;Ilex pubescens
n5402	5402	port_py3_epang_T2	124316c5-cf03-4a4b-801e-e40edfecfc70	flagged by test only					Genus	Dodecatheon	Primula	1.000	Plantae;Tracheophyta;NA;Ericales;Primulaceae;Dodecatheon;Primula meadia
n5402	5402	port_py3_epang_T2	131edb5a-1979-49aa-b38f-414c7b564d40	flagged by test only					Species	Primula chungensis	Primula merrilliana	0.510	Plantae;Tracheophyta;NA;Ericales;Primulaceae;Primula;Primula chungensis
n5402	5402	port_py3_epang_T2	13696475-39a1-416d-8d98-0b7160c3e7e5	flagged by test only					Phylum	NA	Basidiomycota	1.000	Fungi;NA;NA;NA;NA;NA;NA
n5402	5402	port_py3_epang_T2	14d2a3c2-957d-4680-a927-5115fa4e76c0	flagged by test only					Species	Ilex ficoidea	Ilex canariensis	1.000	Plantae;Tracheophyta;NA;Aquifoliales;Aquifoliaceae;Ilex;Ilex ficoidea
n5402	5402	port_py3_epang_T2	1d7d9a48-a7e5-4065-af2c-1030fd3c36fe	flagged by test only					Kingdom	Plantae	Fungi	1.000	Plantae;Tracheophyta;NA;Poales;Cyperaceae;Carex;Carex acutiformis
n5402	5402	port_py3_epang_T2	1ff93911-5ef5-458e-b675-617c8b7ec62d	flagged by test only					Phylum	NA	Basidiomycota	1.000	Fungi;NA;NA;NA;NA;NA;NA
n5402	5402	port_py3_epang_T2	1ffced88-f8a8-4095-9d0e-06751b0cbf0c	flagged by test only					Kingdom	Plantae	Fungi	1.000	Plantae;Tracheophyta;NA;Poales;Cyperaceae;Carex;Carex arcta
n5402	5402	port_py3_epang_T2	21710183-81bf-4b38-a859-502832beca1d	flagged by test only					Species	Actinidia fulvicoma	NA	0.948	Plantae;Tracheophyta;NA;Ericales;Actinidiaceae;Actinidia;Actinidia fulvicoma
n5402	5402	port_py3_epang_T2	25569ec5-197d-4eb1-880e-fc51fddfe299	flagged by test only					Genus	NA	Aspergillus	0.609	Fungi;Ascomycota;NA;Eurotiales;Aspergillaceae;NA;NA
n5402	5402	port_py3_epang_T2	28ee46d0-7f1d-4029-ba54-c23f31bdf87a	flagged by test only					Kingdom	Fungi	Plantae	1.000	Fungi;NA;NA;NA;NA;NA;NA
n5402	5402	port_py3_epang_T2	2a83b556-97c9-4df1-b41f-a15e8611ef14	flagged by test only					Order	Aquifoliales	Ericales	1.000	Plantae;Tracheophyta;NA;Aquifoliales;Aquifoliaceae;Ilex;Ilex crenata
n5402	5402	port_py3_epang_T2	2be6ac95-2b36-4af5-b1e7-e328a842fcbd	flagged by test only					Family	NA	Aspergillaceae	1.000	Fungi;Ascomycota;NA;Eurotiales;NA;NA;NA
n5402	5402	port_py3_epang_T2	2be96a78-62b6-4776-b3f4-d4c43bb500f5	flagged by test only					Kingdom	Fungi	Plantae	1.000	Fungi;NA;NA;NA;NA;NA;NA
n5402	5402	port_py3_epang_T2	2d7824b6-43ce-41e9-adc9-7bb57c18be6a	flagged by test only					Species	Scorzonera tragopogonoides	Scorzonera albicaulis	1.000	Plantae;Tracheophyta;NA;Asterales;Asteraceae;Scorzonera;Scorzonera tragopogonoides
n5402	5402	port_py3_epang_T2	2daca48d-67cf-41a9-b2a8-898626cb179f	flagged by test only					Kingdom	Plantae	Fungi	1.000	Plantae;Tracheophyta;NA;Poales;Cyperaceae;Carex;Carex acutiformis
n5402	5402	port_py3_epang_T2	2e188f33-6f0e-4045-8d86-40a13f23616f	flagged by test only					Phylum	NA	Ascomycota	1.000	Fungi;NA;NA;NA;NA;NA;NA
n5402	5402	port_py3_epang_T2	2e7de12f-3f3d-4495-94ef-9aa14be2f046	flagged by test only					Species	Carex acuta	Carex alba	1.000	Plantae;Tracheophyta;NA;Poales;Cyperaceae;Carex;Carex acuta
n5402	5402	port_py3_epang_T2	2e82f504-47b9-445b-b414-3c9bd39ae9e7	flagged by test only					Species	Carex angustata	Carex alba	1.000	Plantae;Tracheophyta;NA;Poales;Cyperaceae;Carex;Carex angustata
n5402	5402	port_py3_epang_T2	2f65b657-eaa7-42dc-9080-4117ebc28fa3	flagged by test only					Species	Pterachaenia stewartii	Pterachaenia codringtonii	1.000	Plantae;Tracheophyta;NA;Asterales;Asteraceae;Pterachaenia;Pterachaenia stewartii
n5402	5402	port_py3_epang_T2	2f6c1945-4824-40e7-b155-78597c1c1187	flagged by test only					Species	Ilex brevicuspis	Ilex canariensis	1.000	Plantae;Tracheophyta;NA;Aquifoliales;Aquifoliaceae;Ilex;Ilex brevicuspis
n5402	5402	port_py3_epang_T2	2f7c4ab4-a5e4-4269-8d89-2d84dcae2eb6	flagged by test only					Species	Primula hidakana	Primula takedana	0.688	Plantae;Tracheophyta;NA;Ericales;Primulaceae;Primula;Primula hidakana
n5402	5402	port_py3_epang_T2	309ecfa2-450a-422c-baf6-4e47768add66	flagged by test only					Genus	Pandorina	Eudorina	1.000	Plantae;Chlorophyta;NA;Chlamydomonadales;Volvocaceae;Pandorina;Pandorina morum
n5402	5402	port_py3_epang_T2	30ebdfc5-8dcd-42ed-b3ce-40423848ffe3	flagged by test only					Species	Ilex dumosa	Ilex canariensis	1.000	Plantae;Tracheophyta;NA;Aquifoliales;Aquifoliaceae;Ilex;Ilex dumosa
n5402	5402	port_py3_epang_T2	3628ddb3-b4ea-4ed3-bf1c-b56b50cf4c91	flagged by test only					Order	Aquifoliales	Ericales	1.000	Plantae;Tracheophyta;NA;Aquifoliales;Aquifoliaceae;Ilex;Ilex crenata
n5402	5402	port_py3_epang_T2	39044952-aa56-44f1-a6d5-8386ce0c0e6a	flagged by test only					Species	Primula grandis	Primula megaseifolia	0.510	Plantae;Tracheophyta;NA;Ericales;Primulaceae;Primula;Primula grandis
n5402	5402	port_py3_epang_T2	3b7aa83b-3f3f-4572-8abf-a132fc2a19a0	flagged by test only					Species	Actinidia fulvicoma	NA	0.898	Plantae;Tracheophyta;NA;Ericales;Actinidiaceae;Actinidia;Actinidia fulvicoma
n5402	5402	port_py3_epang_T2	3beab120-14a5-48de-9baf-2be5be2a8a4e	flagged by test only					Species	Scenedesmus basiliensis	NA	0.891	Plantae;Chlorophyta;NA;Sphaeropleales;Scenedesmaceae;Scenedesmus;Scenedesmus basiliensis
n5402	5402	port_py3_epang_T2	3bec258e-fd1e-4fd4-8d10-becae65be132	flagged by test only					Species	__TAXCLUSTER21__Ilex suaveolens	Ilex canariensis	1.000	Plantae;Tracheophyta;NA;Aquifoliales;Aquifoliaceae;Ilex;__TAXCLUSTER21__Ilex suaveolens
n5402	5402	port_py3_epang_T2	3f87d9ff-fe10-405c-ba15-05e34f5b999a	flagged by test only					Genus	Gelasia	Scorzonera	0.945	Plantae;Tracheophyta;NA;Asterales;Asteraceae;Gelasia
n5402	5402	port_py3_epang_T2	417101c9-6b03-487f-bab0-126c9283c2d1	flagged by test only					Phylum	NA	Ascomycota	1.000	Fungi;NA;NA;NA;NA;NA;NA
n5402	5402	port_py3_epang_T2	4536f9a1-2250-441d-99c2-007d52e8eacf	flagged by test only					Order	Nymphaeales	Ericales	1.000	Plantae;Tracheophyta;NA;Nymphaeales;Nymphaeaceae;Nymphaea;Nymphaea colorata
n5402	5402	port_py3_epang_T2	4648eaad-6a88-4cd7-876f-c1657c62a8f9	flagged by test only					Species	Primula kisoana	Primula saxatilis	0.499	Plantae;Tracheophyta;NA;Ericales;Primulaceae;Primula;Primula kisoana
n5402	5402	port_py3_epang_T2	4b807b12-05a5-420a-9add-0c70f6f564d0	flagged by test only					Species	Ilex integerrima	Ilex pseudobuxus	1.000	Plantae;Tracheophyta;NA;Aquifoliales;Aquifoliaceae;Ilex;Ilex integerrima
n5402	5402	port_py3_epang_T2	4dad4cd3-c360-4dc9-8951-b19bd5f6cee4	flagged by test only					Species	Nymphaea alba	Nymphaea candida	0.510	Plantae;Tracheophyta;NA;Nymphaeales;Nymphaeaceae;Nymphaea;Nymphaea alba
n5402	5402	port_py3_epang_T2	4e54986c-299e-4d4a-805a-5c518c9b0ce4	flagged by test only					Kingdom	Plantae	Fungi	1.000	Plantae;Tracheophyta;NA;Poales;Cyperaceae;Carex;Carex annectens
n5402	5402	port_py3_epang_T2	4e72a671-d288-4aaa-a025-e8c53b472038	flagged by test only					Species	Primula elatior	Primula megaseifolia	0.510	Plantae;Tracheophyta;NA;Ericales;Primulaceae;Primula;Primula elatior
n5402	5402	port_py3_epang_T2	504cefd8-c2cf-4b49-aad1-5a7008b258bd	flagged by test only					Species	Primula elatior	Primula megaseifolia	0.510	Plantae;Tracheophyta;NA;Ericales;Primulaceae;Primula;Primula elatior
n5402	5402	port_py3_epang_T2	51accbf2-4b92-4f94-9c40-d49682b93734	flagged by test only					Phylum	NA	Ascomycota	1.000	Fungi;NA;NA;NA;NA;NA;NA
n5402	5402	port_py3_epang_T2	55ef84a9-53be-4026-988e-22807a42ba0f	flagged by test only					Species	Carex arcta	Carex alba	1.000	Plantae;Tracheophyta;NA;Poales;Cyperaceae;Carex;Carex arcta
n5402	5402	port_py3_epang_T2	569d128a-d4c0-4085-9fbe-296b9743a456	flagged by test only					Species	Ilex microdonta	Ilex canariensis	1.000	Plantae;Tracheophyta;NA;Aquifoliales;Aquifoliaceae;Ilex;Ilex microdonta
n5402	5402	port_py3_epang_T2	56fbcbf4-22c8-47a1-a1d4-f510612b2617	flagged by test only					Species	NA	__TAXCLUSTER9__Ilex verticillata	0.450	Plantae;Tracheophyta;NA;Aquifoliales;Aquifoliaceae;Ilex;NA
n5402	5402	port_py3_epang_T2	57077e79-77d6-44a9-9b0c-773000cf137d	flagged by test only					Phylum	NA	Basidiomycota	1.000	Fungi;NA;NA;NA;NA;NA;NA
n5402	5402	port_py3_epang_T2	589b3a41-77a5-4c51-a891-5b2540853ccb	flagged by test only					Genus	NA	Carex	1.000	Plantae;Tracheophyta;NA;Poales;Cyperaceae;NA;NA
n5402	5402	port_py3_epang_T2	5b857735-356b-4fd7-b60a-b24e699067ae	flagged by test only					Species	NA	Ilex canariensis	1.000	Plantae;Tracheophyta;NA;Aquifoliales;Aquifoliaceae;Ilex;NA
n5402	5402	port_py3_epang_T2	5bd2c352-f26b-49b2-9226-01371136eec4	flagged by test only					Species	__TAXCLUSTER14__Ilex lohfauensis	Ilex canariensis	1.000	Plantae;Tracheophyta;NA;Aquifoliales;Aquifoliaceae;Ilex;__TAXCLUSTER14__Ilex lohfauensis
n5402	5402	port_py3_epang_T2	5d3d21bd-207d-41e1-aea7-fc5ec33b1187	flagged by test only					Phylum	NA	Ascomycota	1.000	Fungi;NA;NA;NA;NA;NA;NA
n5402	5402	port_py3_epang_T2	5dbebef9-9795-4235-9551-bf24eb528f4c	flagged by test only					Species	Ilex pubescens	Ilex crenata	0.557	Plantae;Tracheophyta;NA;Aquifoliales;Aquifoliaceae;Ilex;Ilex pubescens
n5402	5402	port_py3_epang_T2	60f61185-b905-4503-beb6-6765f1ada7ef	flagged by test only					Species	Ilex cornuta	Ilex canariensis	1.000	Plantae;Tracheophyta;NA;Aquifoliales;Aquifoliaceae;Ilex;Ilex cornuta
n5402	5402	port_py3_epang_T2	61e37d62-c280-40fb-ae41-3d27ea4c1aa9	flagged by test only					Species	Ilex tsoi	Ilex ficifolia	0.485	Plantae;Tracheophyta;NA;Aquifoliales;Aquifoliaceae;Ilex;Ilex tsoi
n5402	5402	port_py3_epang_T2	631d5a8f-e617-4d3d-ba0a-4081b882115e	flagged by test only					Family	NA	Aspergillaceae	0.993	Fungi;Ascomycota;NA;Eurotiales;NA;NA;NA
n5402	5402	port_py3_epang_T2	63225a2c-4ff9-45f4-947b-e55ab4c0778b	flagged by test only					Species	Scorzonera laciniata	NA	0.740	Plantae;Tracheophyta;NA;Asterales;Asteraceae;Scorzonera;Scorzonera laciniata
n5402	5402	port_py3_epang_T2	640310f0-df15-4f23-a2df-5cb7ac543786	flagged by test only					Genus	Pandorina	Eudorina	1.000	Plantae;Chlorophyta;NA;Chlamydomonadales;Volvocaceae;Pandorina;Pandorina morum
n5402	5402	port_py3_epang_T2	6567099c-e803-47e8-8f0c-cead60d41f35	flagged by test only					Kingdom	Plantae	Fungi	1.000	Plantae;Tracheophyta;NA;Poales;Cyperaceae;Carex;Carex annectens
n5402	5402	port_py3_epang_T2	65751a9a-8018-4a46-abec-525cd7a5e65b	flagged by test only					Family	NA	Aspergillaceae	0.860	Fungi;Ascomycota;NA;Eurotiales;NA;NA;NA
n5402	5402	port_py3_epang_T2	657eab65-d53e-4a3a-ab79-3d90c64e8d5f	flagged by test only					Phylum	Chytridiomycota	Basidiomycota	0.986	Fungi;Chytridiomycota;NA;NA;NA;NA;NA
n5402	5402	port_py3_epang_T2	686f72a8-899a-44f7-9cdd-83684c68186b	flagged by test only					Order	Caryophyllales	Ericales	1.000	Plantae;Tracheophyta;NA;Caryophyllales;Caryophyllaceae;Acanthophyllum;Acanthophyllum pungens
n5402	5402	port_py3_epang_T2	69debbc0-4206-49bb-8690-f0cb6029c71c	flagged by test only					Species	Ilex brevicuspis	Ilex pseudobuxus	0.470	Plantae;Tracheophyta;NA;Aquifoliales;Aquifoliaceae;Ilex;Ilex brevicuspis
n5402	5402	port_py3_epang_T2	6aaa63af-eb47-4c53-94ed-365f7cc4504e	flagged by test only					Species	NA	Primula egaliksensis	0.558	Plantae;Tracheophyta;NA;Ericales;Primulaceae;Primula;NA
n5402	5402	port_py3_epang_T2	6d461fc8-1820-4836-b1af-46f3aefae397	flagged by test only					Species	Primula algida	Cortusa matthioli	1.000	Plantae;Tracheophyta;NA;Ericales;Primulaceae;Primula;Primula algida
n5402	5402	port_py3_epang_T2	6e9bd1dd-4180-4e61-8718-7f0c64393f17	flagged by test only					Kingdom	Plantae	Fungi	1.000	Plantae;Tracheophyta;NA;Poales;Cyperaceae;Carex;Carex acuta
n5402	5402	port_py3_epang_T2	70913d12-9889-4a42-b4f6-b9a7c9dfa49b	flagged by test only					Species	Primula hidakana	Primula takedana	0.688	Plantae;Tracheophyta;NA;Ericales;Primulaceae;Primula;Primula hidakana
n5402	5402	port_py3_epang_T2	70bfe58d-2fca-4a84-8b0d-d0653ddc954b	flagged by test only					Species	Carex acuta	Carex alba	0.626	Plantae;Tracheophyta;NA;Poales;Cyperaceae;Carex;Carex acuta
n5402	5402	port_py3_epang_T2	712af03e-b0e6-4cf6-8dc6-8e9f5b00c22f	flagged by test only					Species	Aspergillus penicillioides	NA	0.884	Fungi;Ascomycota;NA;Eurotiales;Aspergillaceae;Aspergillus;Aspergillus penicillioides
n5402	5402	port_py3_epang_T2	718a9b63-81a8-4ca8-99dc-42e9dac2bcf2	flagged by test only					Species	Primula egaliksensis	Primula marginata	0.510	Plantae;Tracheophyta;NA;Ericales;Primulaceae;Primula;Primula egaliksensis
n5402	5402	port_py3_epang_T2	72282719-4d36-46d1-bd73-137bb8d14a92	flagged by test only					Phylum	NA	Ascomycota	1.000	Fungi;NA;NA;NA;NA;NA;NA
n5402	5402	port_py3_epang_T2	764f0c96-bcad-4d5e-be11-14e59cdb1c41	flagged by test only					Species	Gelasia aucheriana	Gelasia litwinowii	0.587	Plantae;Tracheophyta;NA;Asterales;Asteraceae;Gelasia;Gelasia aucheriana
n5402	5402	port_py3_epang_T2	7803cf41-086a-4589-9c93-94199bbfe8af	flagged by test only					Species	Ilex pubescens	Ilex crenata	0.557	Plantae;Tracheophyta;NA;Aquifoliales;Aquifoliaceae;Ilex;Ilex pubescens
n5402	5402	port_py3_epang_T2	7809e608-7534-4dbe-998c-7e6c817f4d17	flagged by test only					Species	Nymphaea alba	Nymphaea candida	0.510	Plantae;Tracheophyta;NA;Nymphaeales;Nymphaeaceae;Nymphaea;Nymphaea alba
n5402	5402	port_py3_epang_T2	79fabe1e-076a-4b15-988d-c0358d41a54f	flagged by test only					Species	Ilex hippocrateoides	Ilex dumosa	0.555	Plantae;Tracheophyta;NA;Aquifoliales;Aquifoliaceae;Ilex;Ilex hippocrateoides
n5402	5402	port_py3_epang_T2	7a4f65ad-f1f1-4f8e-a7a7-859ff196d621	flagged by test only					Species	Mucuna samarensis	Mucuna gigantea	0.993	Plantae;Tracheophyta;NA;Fabales;Fabaceae;Mucuna;Mucuna samarensis
n5402	5402	port_py3_epang_T2	7a8b992e-efa4-48fb-97bc-13db6a964c3a	flagged by test only					Species	Ilex microdonta	Ilex canariensis	1.000	Plantae;Tracheophyta;NA;Aquifoliales;Aquifoliaceae;Ilex;Ilex microdonta
n5402	5402	port_py3_epang_T2	801c97ab-36c6-4255-afd4-186b5edbb5e9	flagged by test only					Species	Primula fasciculata	NA	0.436	Plantae;Tracheophyta;NA;Ericales;Primulaceae;Primula;Primula fasciculata
n5402	5402	port_py3_epang_T2	81551828-2e97-4ebf-8618-de1dbdc05828	flagged by test only					Order	Trebouxiales	Microthamniales	1.000	Plantae;Chlorophyta;NA;Trebouxiales;Trebouxiaceae;Trebouxia;NA
n5402	5402	port_py3_epang_T2	81590eee-b900-410f-b745-f25f7d86406b	flagged by test only					Species	Scorzonera laciniata	NA	0.740	Plantae;Tracheophyta;NA;Asterales;Asteraceae;Scorzonera;Scorzonera laciniata
n5402	5402	port_py3_epang_T2	82c02d6a-5853-4127-b41f-fdb35080e0ae	flagged by test only					Species	Ilex brasiliensis	Ilex pseudobuxus	1.000	Plantae;Tracheophyta;NA;Aquifoliales;Aquifoliaceae;Ilex;Ilex brasiliensis
n5402	5402	port_py3_epang_T2	82dfda4f-dc61-4f81-8b8a-65477c94251c	flagged by test only					Species	__TAXCLUSTER2__Ilex macrocarpa	Ilex canariensis	1.000	Plantae;Tracheophyta;NA;Aquifoliales;Aquifoliaceae;Ilex;__TAXCLUSTER2__Ilex macrocarpa
n5402	5402	port_py3_epang_T2	85120cc9-7941-4575-98c2-f8f848338738	flagged by test only					Species	Ilex pseudobuxus	Ilex canariensis	1.000	Plantae;Tracheophyta;NA;Aquifoliales;Aquifoliaceae;Ilex;Ilex pseudobuxus
n5402	5402	port_py3_epang_T2	891ec3a8-5537-4fd3-8463-e3eac6a06413	flagged by test only					Species	Ilex integerrima	Ilex pseudobuxus	1.000	Plantae;Tracheophyta;NA;Aquifoliales;Aquifoliaceae;Ilex;Ilex integerrima
n5402	5402	port_py3_epang_T2	8b29a212-dd7e-4cd5-9a4c-9bc4f5a229f8	flagged by test only					Species	Ilex dumosa	Ilex canariensis	1.000	Plantae;Tracheophyta;NA;Aquifoliales;Aquifoliaceae;Ilex;Ilex dumosa
n5402	5402	port_py3_epang_T2	8b76cfa6-c284-4e30-8646-ad838a07d1a2	flagged by test only					Phylum	NA	Ascomycota	0.992	Fungi;NA;NA;NA;NA;NA;NA
n5402	5402	port_py3_epang_T2	8bc648e5-071e-4335-8f0b-687d4e595128	flagged by test only					Genus	NA	Carex	1.000	Plantae;Tracheophyta;NA;Poales;Cyperaceae;NA;NA
n5402	5402	port_py3_epang_T2	8cca4641-2551-48de-926e-0d5c0882a04f	flagged by test only					Species	NA	Bipolaris sorokiniana	0.889	Fungi;Ascomycota;NA;Pleosporales;Pleosporaceae;Bipolaris;NA
n5402	5402	port_py3_epang_T2	8cd0077e-bd61-4cad-b37e-835761af0979	flagged by test only					Species	Primula moupinensis	__TAXCLUSTER10__Primula helodoxa	0.863	Plantae;Tracheophyta;NA;Ericales;Primulaceae;Primula;Primula moupinensis
n5402	5402	port_py3_epang_T2	8e67bf12-83de-4019-a7df-f065ec3f0046	flagged by test only					Kingdom	Plantae	Fungi	1.000	Plantae;Tracheophyta;NA;Poales;Cyperaceae;Carex;Carex arcta
n5402	5402	port_py3_epang_T2	8ea50d64-853c-4891-b59a-bcbc0f71ccb6	flagged by test only					Species	Ilex integerrima	Ilex canariensis	1.000	Plantae;Tracheophyta;NA;Aquifoliales;Aquifoliaceae;Ilex;Ilex integerrima
n5402	5402	port_py3_epang_T2	90d9a6dc-da1b-49ab-88cc-9291d0575249	flagged by test only					Species	Bipolaris sorokiniana	NA	1.000	Fungi;Ascomycota;NA;Pleosporales;Pleosporaceae;Bipolaris;Bipolaris sorokiniana
n5402	5402	port_py3_epang_T2	91a68433-01a4-4e03-9d8c-866f43a43484	flagged by test only					Species	Ilex pubescens	Ilex crenata	0.557	Plantae;Tracheophyta;NA;Aquifoliales;Aquifoliaceae;Ilex;Ilex pubescens
n5402	5402	port_py3_epang_T2	91dac453-2ea6-47ef-af0c-320dd2bc26a0	flagged by test only					Species	Ilex venulosa	Ilex khasiana	0.819	Plantae;Tracheophyta;NA;Aquifoliales;Aquifoliaceae;Ilex;Ilex venulosa
n5402	5402	port_py3_epang_T2	9352596d-2fe2-4cf4-9042-9a0ba709198d	flagged by test only					Species	Bipolaris sacchari	Bipolaris sorokiniana	0.825	Fungi;Ascomycota;NA;Pleosporales;Pleosporaceae;Bipolaris;Bipolaris sacchari
n5402	5402	port_py3_epang_T2	93b03229-92b3-49ee-8326-4280a23ac3b5	flagged by test only					Species	Scorzonera laciniata	NA	0.550	Plantae;Tracheophyta;NA;Asterales;Asteraceae;Scorzonera;Scorzonera laciniata
n5402	5402	port_py3_epang_T2	941d10d9-701c-451f-bc40-0d8c856862ef	flagged by test only					Species	Actinidia hemsleyana	Actinidia rufa	0.509	Plantae;Tracheophyta;NA;Ericales;Actinidiaceae;Actinidia;Actinidia hemsleyana
n5402	5402	port_py3_epang_T2	97d30008-10f7-4225-9b4c-e5bc42d2f7c1	flagged by test only					Species	Ilex micrococca	Ilex canariensis	1.000	Plantae;Tracheophyta;NA;Aquifoliales;Aquifoliaceae;Ilex;Ilex micrococca
n5402	5402	port_py3_epang_T2	97f0611a-3880-4841-8ab7-624a9b2c3f8c	flagged by test only					Kingdom	Plantae	Fungi	1.000	Plantae;Tracheophyta;NA;Poales;Cyperaceae;Carex;Carex acuta
n5402	5402	port_py3_epang_T2	97f25c77-22f3-4bc3-b53f-c1e9033a9736	flagged by test only					Species	Mucuna samarensis	Mucuna gigantea	0.993	Plantae;Tracheophyta;NA;Fabales;Fabaceae;Mucuna;Mucuna samarensis
n5402	5402	port_py3_epang_T2	9cc6abec-4a39-4923-b3e4-0c2e9c2e9c89	flagged by test only					Family	NA	Aspergillaceae	0.860	Fungi;Ascomycota;NA;Eurotiales;NA;NA;NA
n5402	5402	port_py3_epang_T2	9cd1e107-404e-4c74-a73b-7ea345e9497e	flagged by test only					Species	Ilex hippocrateoides	Ilex dumosa	0.555	Plantae;Tracheophyta;NA;Aquifoliales;Aquifoliaceae;Ilex;Ilex hippocrateoides
n5402	5402	port_py3_epang_T2	9d4b22f7-024c-4524-8036-5220a2b665f4	flagged by test only					Kingdom	Plantae	Fungi	1.000	Plantae;Chlorophyta;NA;Chlamydomonadales;Chlamydomonadaceae;Chlamydomonas
n5402	5402	port_py3_epang_T2	a2611942-3783-4cd8-8fc9-fcad4bd99af3	flagged by test only					Species	NA	Nymphaea odorata	1.000	Plantae;Tracheophyta;NA;Nymphaeales;Nymphaeaceae;Nymphaea;NA
n5402	5402	port_py3_epang_T2	a50adb88-9deb-44bc-9799-b0a4e697a640	flagged by test only					Species	Ilex ficoidea	Ilex canariensis	1.000	Plantae;Tracheophyta;NA;Aquifoliales;Aquifoliaceae;Ilex;Ilex ficoidea
n5402	5402	port_py3_epang_T2	a5c3105a-bb21-4de5-b0f6-02842a4890e1	flagged by test only					Species	Primula algida	Cortusa matthioli	1.000	Plantae;Tracheophyta;NA;Ericales;Primulaceae;Primula;Primula algida
n5402	5402	port_py3_epang_T2	a824afba-bc21-468f-b735-7243e29a04f0	flagged by test only					Species	Ilex pseudobuxus	Ilex canariensis	1.000	Plantae;Tracheophyta;NA;Aquifoliales;Aquifoliaceae;Ilex;Ilex pseudobuxus
n5402	5402	port_py3_epang_T2	a978ee1b-d8d2-49a6-a534-b823abf82774	flagged by test only					Phylum	NA	Ascomycota	1.000	Fungi;NA;NA;NA;NA;NA;NA
n5402	5402	port_py3_epang_T2	abc0c41f-0a5b-488a-b4b0-7ac175fbe93c	flagged by test only					Phylum	NA	Ascomycota	0.992	Fungi;NA;NA;NA;NA;NA;NA
n5402	5402	port_py3_epang_T2	b19d309d-00ab-428c-b57b-1a9754934ead	flagged by test only					Kingdom	Fungi	Plantae	1.000	Fungi;NA;NA;NA;NA;NA;NA
n5402	5402	port_py3_epang_T2	b32efed4-00ba-4bfc-9cdd-a78cdbad4eba	flagged by test only					Species	Primula chungensis	Primula merrilliana	0.510	Plantae;Tracheophyta;NA;Ericales;Primulaceae;Primula;Primula chungensis
n5402	5402	port_py3_epang_T2	b4262165-c53a-44ae-8890-9a8f33b2b88d	flagged by test only					Genus	Gelasia	Scorzonera	1.000	Plantae;Tracheophyta;NA;Asterales;Asteraceae;Gelasia
n5402	5402	port_py3_epang_T2	b546cfd2-80aa-417d-831f-5417c7bbe5be	flagged by test only					Kingdom	Fungi	Plantae	1.000	Fungi;NA;NA;NA;NA;NA;NA
n5402	5402	port_py3_epang_T2	bae76422-d061-4798-a28d-8c1d9e3bdd82	flagged by test only					Species	Bipolaris sorokiniana	NA	1.000	Fungi;Ascomycota;NA;Pleosporales;Pleosporaceae;Bipolaris;Bipolaris sorokiniana
n5402	5402	port_py3_epang_T2	bebd605a-537e-43ec-a745-504fc697054a	flagged by test only					Species	NA	__TAXCLUSTER14__Ilex lohfauensis	0.838	Plantae;Tracheophyta;NA;Aquifoliales;Aquifoliaceae;Ilex;NA
n5402	5402	port_py3_epang_T2	bfe0b73e-c402-4d9e-a93f-a121bf41644b	flagged by test only					Species	Ilex dumosa	Ilex canariensis	1.000	Plantae;Tracheophyta;NA;Aquifoliales;Aquifoliaceae;Ilex;Ilex dumosa
n5402	5402	port_py3_epang_T2	c374a931-2950-482d-98be-4bc6dc0dd66e	flagged by test only					Order	Nymphaeales	Ericales	1.000	Plantae;Tracheophyta;NA;Nymphaeales;Nymphaeaceae;Nymphaea;Nymphaea colorata
n5402	5402	port_py3_epang_T2	c4f9584a-ec7a-4088-9fef-86e6d7ad9249	flagged by test only					Species	Ilex pseudobuxus	Ilex microdonta	0.580	Plantae;Tracheophyta;NA;Aquifoliales;Aquifoliaceae;Ilex;Ilex pseudobuxus
n5402	5402	port_py3_epang_T2	c5110d63-8c70-4b82-963d-b04fb554b21b	flagged by test only					Species	Ilex khasiana	Ilex hainanensis	0.510	Plantae;Tracheophyta;NA;Aquifoliales;Aquifoliaceae;Ilex;Ilex khasiana
n5402	5402	port_py3_epang_T2	c87e46f3-3d7b-4b19-aef7-a5e12844bec4	flagged by test only					Phylum	NA	Ascomycota	1.000	Fungi;NA;NA;NA;NA;NA;NA
n5402	5402	port_py3_epang_T2	cc5010c5-5d72-4200-b889-b1a810113468	flagged by test only					Phylum	NA	Ascomycota	1.000	Fungi;NA;NA;NA;NA;NA;NA
n5402	5402	port_py3_epang_T2	cd163a3c-377a-40f6-90a5-6d133c5743d0	flagged by test only					Species	Primula moupinensis	__TAXCLUSTER10__Primula helodoxa	0.825	Plantae;Tracheophyta;NA;Ericales;Primulaceae;Primula;Primula moupinensis
n5402	5402	port_py3_epang_T2	cf97ea73-785a-42ff-8d69-7e8550709569	flagged by test only					Species	Primula latifolia	Primula marginata	1.000	Plantae;Tracheophyta;NA;Ericales;Primulaceae;Primula;Primula latifolia
n5402	5402	port_py3_epang_T2	d1ec4ad5-520b-4410-8e28-bea482f8498b	flagged by test only					Species	Bipolaris bicolor	NA	0.952	Fungi;Ascomycota;NA;Pleosporales;Pleosporaceae;Bipolaris;Bipolaris bicolor
n5402	5402	port_py3_epang_T2	d4331726-bc8f-48bf-a19e-1e5cf5701314	flagged by test only					Species	__TAXCLUSTER21__Ilex suaveolens	Ilex canariensis	1.000	Plantae;Tracheophyta;NA;Aquifoliales;Aquifoliaceae;Ilex;__TAXCLUSTER21__Ilex suaveolens
n5402	5402	port_py3_epang_T2	d4e326a4-78ba-4884-920d-5df7177e6abf	flagged by test only					Species	Ilex cochinchinensis	__TAXCLUSTER9__Ilex verticillata	0.450	Plantae;Tracheophyta;NA;Aquifoliales;Aquifoliaceae;Ilex;Ilex cochinchinensis
n5402	5402	port_py3_epang_T2	db1f584c-f3d4-4780-ad3e-76e4eca73d40	flagged by test only					Species	Ilex brasiliensis	Ilex pseudobuxus	1.000	Plantae;Tracheophyta;NA;Aquifoliales;Aquifoliaceae;Ilex;Ilex brasiliensis
n5402	5402	port_py3_epang_T2	dc78e940-a731-4224-8e54-2a8a5137fa9d	flagged by test only					Family	NA	Aspergillaceae	1.000	Fungi;Ascomycota;NA;Eurotiales;NA;NA;NA
n5402	5402	port_py3_epang_T2	de9e5304-b1cf-4b34-b848-8dd054541d93	flagged by test only					Species	Asterochloris irregularis	NA	0.743	Plantae;Chlorophyta;NA;Microthamniales;NA;Asterochloris;Asterochloris irregularis
n5402	5402	port_py3_epang_T2	e42c4c5b-b070-4e9f-b57e-31393155e70c	flagged by test only					Species	Scenedesmus basiliensis	NA	0.891	Plantae;Chlorophyta;NA;Sphaeropleales;Scenedesmaceae;Scenedesmus;Scenedesmus basiliensis
n5402	5402	port_py3_epang_T2	e68f9041-91fb-4252-8e25-68b758bf5555	flagged by test only					Phylum	NA	Ascomycota	1.000	Fungi;NA;NA;NA;NA;NA;NA
n5402	5402	port_py3_epang_T2	eb839d67-c3e2-43b8-ae28-d4fc38c62a39	flagged by test only					Kingdom	Plantae	Fungi	1.000	Plantae;Tracheophyta;NA;Poales;Cyperaceae;Carex;Carex acutiformis
n5402	5402	port_py3_epang_T2	edd2429a-216d-4e65-aee9-ba781ed01f88	flagged by test only					Species	Bipolaris sacchari	Bipolaris sorokiniana	0.825	Fungi;Ascomycota;NA;Pleosporales;Pleosporaceae;Bipolaris;Bipolaris sacchari
n5402	5402	port_py3_epang_T2	eea84bc7-417b-43f8-b7e0-dd6d5fa18070	flagged by test only					Species	Ilex cochinchinensis	__TAXCLUSTER9__Ilex verticillata	0.450	Plantae;Tracheophyta;NA;Aquifoliales;Aquifoliaceae;Ilex;Ilex cochinchinensis
n5402	5402	port_py3_epang_T2	f05d5498-bf33-420d-bd43-4c4190720f64	flagged by test only					Species	Primula algida	Cortusa matthioli	1.000	Plantae;Tracheophyta;NA;Ericales;Primulaceae;Primula;Primula algida
n5402	5402	port_py3_epang_T2	f1c3d30e-ec8e-4ef4-8d9b-0bfc4aec585e	flagged by test only					Phylum	NA	Ascomycota	1.000	Fungi;NA;NA;NA;NA;NA;NA
n5402	5402	port_py3_epang_T2	f6a20e51-3b38-46c4-9b35-cda4706b148a	flagged by test only					Species	NA	Nymphaea odorata	1.000	Plantae;Tracheophyta;NA;Nymphaeales;Nymphaeaceae;Nymphaea;NA
n5402	5402	port_py3_epang_T2	fa7b9820-6dd1-4496-b573-66927e998ba7	flagged by test only					Species	NA	__TAXCLUSTER14__Ilex lohfauensis	0.838	Plantae;Tracheophyta;NA;Aquifoliales;Aquifoliaceae;Ilex;NA
n5402	5402	port_py3_epang_T4	05bd1843-22da-4c7a-be34-c341622261bb	same rank, other proposal	Species	__TAXCLUSTER7__Scorzonera alpigena	Scorzonera laciniata	0.501	Species	__TAXCLUSTER7__Scorzonera alpigena	NA	0.544	Plantae;Tracheophyta;NA;Asterales;Asteraceae;Scorzonera;__TAXCLUSTER7__Scorzonera alpigena
n5402	5402	port_py3_epang_T4	078e8af4-d147-40ec-92aa-d3bad38c19d3	rank differs	Species	Ilex pubescens	Ilex crenata	1.000	Order	Aquifoliales	Ericales	1.000	Plantae;Tracheophyta;NA;Aquifoliales;Aquifoliaceae;Ilex;Ilex pubescens
n5402	5402	port_py3_epang_T4	08aa7f7b-5658-49b6-83d5-469223baad9e	same rank, other proposal	Species	Scorzonera cana	Scorzonera laciniata	0.501	Species	Scorzonera cana	NA	0.544	Plantae;Tracheophyta;NA;Asterales;Asteraceae;Scorzonera;Scorzonera cana
n5402	5402	port_py3_epang_T4	0a203e5c-1a0d-4d8d-9ed3-28f79a23e777	rank differs	Phylum	Ascomycota	NA	0.979	Family	NA	Aspergillaceae	1.000	Fungi;Ascomycota;NA;Eurotiales;NA;NA;NA
n5402	5402	port_py3_epang_T4	0b7d5e7e-6c0b-4b4f-8ec0-e3134ba5d7ab	rank differs	Species	Ilex kaushue	Ilex crenata	1.000	Order	Aquifoliales	Ericales	1.000	Plantae;Tracheophyta;NA;Aquifoliales;Aquifoliaceae;Ilex;Ilex kaushue
n5402	5402	port_py3_epang_T4	0bbb8054-db0f-4d6a-8602-ab0955279993	same rank, other proposal	Species	NA	Ilex pseudobuxus	0.810	Species	NA	Ilex microdonta	0.580	Plantae;Tracheophyta;NA;Aquifoliales;Aquifoliaceae;Ilex;NA
n5402	5402	port_py3_epang_T4	0c1db646-f2ad-4dad-99a8-0a9e175bd235	same rank, other proposal	Species	NA	Primula veris	0.979	Species	NA	Primula x uzungolensis	1.000	Plantae;Tracheophyta;NA;Ericales;Primulaceae;Primula;NA
n5402	5402	port_py3_epang_T4	0fbcec05-2139-4f90-86ca-d6156da61682	rank differs	Phylum	Ascomycota	NA	0.979	Genus	NA	Aspergillus	1.000	Fungi;Ascomycota;NA;Eurotiales;Aspergillaceae;NA;NA
n5402	5402	port_py3_epang_T4	0fc404e0-10c3-4178-b611-e127391f3978	same rank, other proposal	Phylum	NA	Rozellomycota	0.833	Phylum	NA	Basidiomycota	1.000	Fungi;NA;NA;NA;NA;NA;NA
n5402	5402	port_py3_epang_T4	12e2abec-726f-41a5-b391-af17d8ceee0a	rank differs	Species	Ilex vomitoria	Ilex crenata	1.000	Order	Aquifoliales	Ericales	1.000	Plantae;Tracheophyta;NA;Aquifoliales;Aquifoliaceae;Ilex;Ilex vomitoria
n5402	5402	port_py3_epang_T4	1725da22-c0dc-4cc9-b78a-398764d5ffdd	rank differs	Phylum	Ascomycota	NA	0.955	Family	Aspergillaceae	NA	0.970	Fungi;Ascomycota;NA;Eurotiales;Aspergillaceae;Aspergillus;NA
n5402	5402	port_py3_epang_T4	182bd40a-8685-4983-b0b4-91db409ba8b7	rank differs	Species	Ilex asprella	Ilex crenata	1.000	Order	Aquifoliales	Ericales	1.000	Plantae;Tracheophyta;NA;Aquifoliales;Aquifoliaceae;Ilex;Ilex asprella
n5402	5402	port_py3_epang_T4	1843d5a8-d171-4269-bab8-3b107f9fe3f7	rank differs	Species	__TAXCLUSTER6__Ilex lihuaiensis	Ilex crenata	1.000	Order	Aquifoliales	Ericales	1.000	Plantae;Tracheophyta;NA;Aquifoliales;Aquifoliaceae;Ilex;__TAXCLUSTER6__Ilex lihuaiensis
n5402	5402	port_py3_epang_T4	1ebef10b-e0c3-473f-b096-28593bacb8a0	rank differs	Species	Scorzonera humilis	NA	0.480	Genus	Scorzonera	Avellara	0.474	Plantae;Tracheophyta;NA;Asterales;Asteraceae;Scorzonera;Scorzonera humilis
n5402	5402	port_py3_epang_T4	1f5a8bd7-dfaf-435c-bf95-cf12f60d07c5	same rank, other proposal	Order	Asterales	Aquifoliales	0.993	Order	Asterales	Ericales	1.000	Plantae;Tracheophyta;NA;Asterales;Asteraceae;Scorzonera;Scorzonera mongolica
n5402	5402	port_py3_epang_T4	213df940-1c78-4d7b-b0e7-9f349fe330e7	rank differs	Species	Scorzonera hirsuta	Gelasia caespitosa	0.509	Genus	Gelasia	Scorzonera	1.000	Plantae;Tracheophyta;NA;Asterales;Asteraceae;Gelasia;Scorzonera hirsuta
n5402	5402	port_py3_epang_T4	21e7049f-da4a-4160-9460-94526c710175	rank differs	Phylum	Ascomycota	NA	0.979	Genus	NA	Aspergillus	1.000	Fungi;Ascomycota;NA;Eurotiales;Aspergillaceae;NA;NA
n5402	5402	port_py3_epang_T4	220c0935-d999-4046-beb0-5c85b36955c9	same rank, other proposal	Species	Ilex kunthiana	Ilex dumosa	0.741	Species	Ilex kunthiana	Ilex canariensis	1.000	Plantae;Tracheophyta;NA;Aquifoliales;Aquifoliaceae;Ilex;Ilex kunthiana
n5402	5402	port_py3_epang_T4	227576b0-4698-4add-9e64-c0916b04df57	rank differs	Species	Ilex pubilimba	Ilex crenata	1.000	Order	Aquifoliales	Ericales	1.000	Plantae;Tracheophyta;NA;Aquifoliales;Aquifoliaceae;Ilex;Ilex pubilimba
n5402	5402	port_py3_epang_T4	2570e0d5-a798-4f03-a215-866c1f10ff35	same rank, other proposal	Species	Primula scotica	Primula farinosa	0.712	Species	Primula scotica	NA	0.959	Plantae;Tracheophyta;NA;Ericales;Primulaceae;Primula;Primula scotica
n5402	5402	port_py3_epang_T4	273b6209-05d7-45f9-8c64-c0bec9d1e371	same rank, other proposal	Species	Scorzonera grossheimii	Scorzonera laciniata	0.501	Species	Scorzonera grossheimii	NA	0.544	Plantae;Tracheophyta;NA;Asterales;Asteraceae;Scorzonera;Scorzonera grossheimii
n5402	5402	port_py3_epang_T4	2ec4062a-2809-4004-865d-def13ca02814	same rank, other proposal	Species	NA	Primula elatior	0.980	Species	NA	Primula x uzungolensis	1.000	Plantae;Tracheophyta;NA;Ericales;Primulaceae;Primula;NA
n5402	5402	port_py3_epang_T4	305639da-85cd-49ef-91d9-f4d119c01724	rank differs	Phylum	Ascomycota	NA	0.979	Family	NA	Aspergillaceae	1.000	Fungi;Ascomycota;NA;Eurotiales;NA;NA;NA
n5402	5402	port_py3_epang_T4	340ecea6-e835-4bdb-a975-2a1cf50d575b	same rank, other proposal	Species	NA	Primula kisoana	0.747	Species	NA	Primula saxatilis	0.499	Plantae;Tracheophyta;NA;Ericales;Primulaceae;Primula;NA
n5402	5402	port_py3_epang_T4	34565678-fd21-43bc-bdfd-81857813d66b	rank differs	Phylum	Ascomycota	NA	0.979	Family	NA	Aspergillaceae	1.000	Fungi;Ascomycota;NA;Eurotiales;NA;NA;NA
n5402	5402	port_py3_epang_T4	34ca8033-eabf-4e9e-85e3-1337b6a7131b	same rank, other proposal	Species	Primula elatior	Primula veris	0.979	Species	Primula elatior	Primula x uzungolensis	1.000	Plantae;Tracheophyta;NA;Ericales;Primulaceae;Primula;Primula elatior
n5402	5402	port_py3_epang_T4	35a682cd-60a0-4657-9fa6-873150bbc104	same rank, other proposal	Species	Primula elatior	Primula vulgaris	0.912	Species	Primula elatior	Primula x uzungolensis	1.000	Plantae;Tracheophyta;NA;Ericales;Primulaceae;Primula;Primula elatior
n5402	5402	port_py3_epang_T4	3664c370-2674-4557-8f11-f9dc7a68fef7	same rank, other proposal	Species	Bouteloua reflexa	Bouteloua warnockii	0.981	Species	Bouteloua reflexa	Bouteloua media	0.972	Plantae;Tracheophyta;NA;Poales;Poaceae;Bouteloua;Bouteloua reflexa
n5402	5402	port_py3_epang_T4	3958b67b-d016-42ed-a0ac-8b1723a9c5c6	same rank, other proposal	Species	Primula veris	Primula elatior	0.979	Species	Primula veris	Primula x uzungolensis	1.000	Plantae;Tracheophyta;NA;Ericales;Primulaceae;Primula;Primula veris
n5402	5402	port_py3_epang_T4	39d999e3-3059-4282-9311-cce17771d95e	same rank, other proposal	Species	Scorzonera hirsuta	Gelasia sandrasica	0.509	Species	Scorzonera hirsuta	Gelasia doriae	0.505	Plantae;Tracheophyta;NA;Asterales;Asteraceae;Gelasia;Scorzonera hirsuta
n5402	5402	port_py3_epang_T4	3a9bea8c-2003-4a51-bc5b-f3bd71a29006	same rank, other proposal	Species	NA	Primula vulgaris	0.940	Species	NA	Primula x uzungolensis	1.000	Plantae;Tracheophyta;NA;Ericales;Primulaceae;Primula;NA
n5402	5402	port_py3_epang_T4	3f6abd7f-f0d5-443f-a389-a6eee27f6f9c	same rank, other proposal	Species	Primula kialensis	Primula auriculata	0.855	Species	Primula kialensis	NA	0.617	Plantae;Tracheophyta;NA;Ericales;Primulaceae;Primula;Primula kialensis
n5402	5402	port_py3_epang_T4	42a9c432-23cb-47a3-b43b-99f3dfa459d2	rank differs	Genus	Scorzonera	Gelasia	0.999	Species	Scorzonera pseudolanata	NA	0.533	Plantae;Tracheophyta;NA;Asterales;Asteraceae;Scorzonera;Scorzonera pseudolanata
n5402	5402	port_py3_epang_T4	43fe052b-33c4-438e-8b4b-ef63fd2f3580	rank differs	Species	__TAXCLUSTER1__Ilex sugerokii	Ilex crenata	1.000	Order	Aquifoliales	Ericales	1.000	Plantae;Tracheophyta;NA;Aquifoliales;Aquifoliaceae;Ilex;__TAXCLUSTER1__Ilex sugerokii
n5402	5402	port_py3_epang_T4	47c27189-c720-45d4-82ae-1156544c899c	same rank, other proposal	Order	Caryophyllales	Aquifoliales	1.000	Order	Caryophyllales	Ericales	1.000	Plantae;Tracheophyta;NA;Caryophyllales;Caryophyllaceae;Saponaria;Saponaria officinalis
n5402	5402	port_py3_epang_T4	4927ad31-95e2-47c5-acc2-e15d6dabac3d	same rank, other proposal	Species	Scorzonera cana	Scorzonera laciniata	0.501	Species	Scorzonera cana	NA	0.544	Plantae;Tracheophyta;NA;Asterales;Asteraceae;Scorzonera;Scorzonera cana
n5402	5402	port_py3_epang_T4	49b03b88-ea7d-4272-a021-e022a3956e26	same rank, other proposal	Species	Scorzonera meyeri	Scorzonera laciniata	0.505	Species	Scorzonera meyeri	NA	0.549	Plantae;Tracheophyta;NA;Asterales;Asteraceae;Scorzonera;Scorzonera meyeri
n5402	5402	port_py3_epang_T4	4d80381b-695e-4280-bc97-49c12f8a19b6	same rank, other proposal	Species	Ilex kunthiana	Ilex dumosa	0.741	Species	Ilex kunthiana	Ilex canariensis	1.000	Plantae;Tracheophyta;NA;Aquifoliales;Aquifoliaceae;Ilex;Ilex kunthiana
n5402	5402	port_py3_epang_T4	53584a46-159d-4857-86fb-41e26873c3bb	same rank, other proposal	Order	Asterales	Aquifoliales	1.000	Order	Asterales	Ericales	1.000	Plantae;Tracheophyta;NA;Asterales;Asteraceae;Koelpinia;Koelpinia linearis
n5402	5402	port_py3_epang_T4	560fd394-29fa-472d-9609-bb92d7f82113	same rank, other proposal	Species	Nymphaea caerulea	Nymphaea thermarum	0.499	Species	Nymphaea caerulea	NA	0.771	Plantae;Tracheophyta;NA;Nymphaeales;Nymphaeaceae;Nymphaea;Nymphaea caerulea
n5402	5402	port_py3_epang_T4	575cae70-a08a-4ff5-8aa5-48605c5605e6	same rank, other proposal	Genus	Scorzonera	Gelasia	0.417	Genus	Scorzonera	Takhtajaniantha	0.508	Plantae;Tracheophyta;NA;Asterales;Asteraceae;Scorzonera;Scorzonera pseudolanata
n5402	5402	port_py3_epang_T4	5c4c7b4d-3a48-41e6-aa23-16fd38952d2b	rank differs	Phylum	Ascomycota	NA	0.955	Family	Aspergillaceae	NA	0.970	Fungi;Ascomycota;NA;Eurotiales;Aspergillaceae;Aspergillus;NA
n5402	5402	port_py3_epang_T4	5eeac631-a697-4b10-915c-8942b9d0e229	rank differs	Order	Ericales	Aquifoliales	0.995	Family	Actinidiaceae	Primulaceae	1.000	Plantae;Tracheophyta;NA;Ericales;Actinidiaceae;Actinidia;Actinidia valvata
n5402	5402	port_py3_epang_T4	6072c3d3-27f2-4254-b369-2512e90d8d14	same rank, other proposal	Species	__TAXCLUSTER7__Scorzonera alpigena	Scorzonera laciniata	0.501	Species	__TAXCLUSTER7__Scorzonera alpigena	NA	0.544	Plantae;Tracheophyta;NA;Asterales;Asteraceae;Scorzonera;__TAXCLUSTER7__Scorzonera alpigena
n5402	5402	port_py3_epang_T4	637cc4d6-fd74-4920-ac5f-b8df30a53a36	rank differs	Phylum	Marchantiophyta	Tracheophyta	0.814	Kingdom	Plantae	Fungi	1.000	Plantae;Marchantiophyta;NA
n5402	5402	port_py3_epang_T4	6624c4e2-ddf6-463a-bb87-55ad83adf28f	rank differs	Phylum	Ascomycota	NA	0.979	Family	NA	Aspergillaceae	1.000	Fungi;Ascomycota;NA;Eurotiales;NA;NA;NA
n5402	5402	port_py3_epang_T4	69baaf6f-5d3e-4b03-af8e-1c931b920d5e	rank differs	Species	Ilex hirsuta	Ilex crenata	1.000	Order	Aquifoliales	Ericales	1.000	Plantae;Tracheophyta;NA;Aquifoliales;Aquifoliaceae;Ilex;Ilex hirsuta
n5402	5402	port_py3_epang_T4	77429ba3-a76a-41c4-9265-c1547151eb44	rank differs	Order	Ericales	Aquifoliales	0.640	Family	Actinidiaceae	Primulaceae	1.000	Plantae;Tracheophyta;NA;Ericales;Actinidiaceae;Actinidia;Actinidia hemsleyana
n5402	5402	port_py3_epang_T4	82161f98-69aa-4b58-a88a-bb51dc9d4839	rank differs	Phylum	Ascomycota	NA	0.979	Genus	NA	Aspergillus	1.000	Fungi;Ascomycota;NA;Eurotiales;Aspergillaceae;NA;NA
n5402	5402	port_py3_epang_T4	837dbf19-2f7f-4701-8404-f7a8f028d034	rank differs	Phylum	Ascomycota	NA	0.979	Genus	NA	Aspergillus	1.000	Fungi;Ascomycota;NA;Eurotiales;Aspergillaceae;NA;NA
n5402	5402	port_py3_epang_T4	87ff8bcc-1e93-4eda-8ed7-c4769d033b38	rank differs	Phylum	Ascomycota	NA	0.979	Family	NA	Aspergillaceae	1.000	Fungi;Ascomycota;NA;Eurotiales;NA;NA;NA
n5402	5402	port_py3_epang_T4	880bdd32-9d7b-4ab4-89db-8bbe9f1e43c2	same rank, other proposal	Genus	Takhtajaniantha	Gelasia	0.997	Genus	Takhtajaniantha	Scorzonera	0.984	Plantae;Tracheophyta;NA;Asterales;Asteraceae;Takhtajaniantha;Scorzonera latifolia
n5402	5402	port_py3_epang_T4	8c05a66f-5f15-4683-9bfc-dc04343e34c1	rank differs	Species	Ilex serrata	Ilex crenata	1.000	Order	Aquifoliales	Ericales	1.000	Plantae;Tracheophyta;NA;Aquifoliales;Aquifoliaceae;Ilex;Ilex serrata
n5402	5402	port_py3_epang_T4	8c5fca7c-cf67-439d-b0f3-805967bebfcf	rank differs	Order	Ericales	Aquifoliales	0.886	Family	Actinidiaceae	Primulaceae	1.000	Plantae;Tracheophyta;NA;Ericales;Actinidiaceae;Actinidia;Actinidia chrysantha
n5402	5402	port_py3_epang_T4	8cd0e442-47b3-49ee-bd90-4884f9affaba	same rank, other proposal	Species	NA	Nymphaea alba	0.751	Species	NA	Nymphaea candida	0.510	Plantae;Tracheophyta;NA;Nymphaeales;Nymphaeaceae;Nymphaea;NA
n5402	5402	port_py3_epang_T4	93f229cf-1874-48a6-b99f-15d7babd7526	rank differs	Genus	Scorzonera	Gelasia	0.988	Species	Scorzonera virgata	Scorzonera schweinfurthii	0.424	Plantae;Tracheophyta;NA;Asterales;Asteraceae;Scorzonera;Scorzonera virgata
n5402	5402	port_py3_epang_T4	93f887af-fd8f-4f96-968f-32cccdca8a3f	same rank, other proposal	Species	Ilex brevicuspis	Ilex integerrima	0.528	Species	Ilex brevicuspis	Ilex pseudobuxus	1.000	Plantae;Tracheophyta;NA;Aquifoliales;Aquifoliaceae;Ilex;Ilex brevicuspis
n5402	5402	port_py3_epang_T4	9a3f7c67-f7d6-400a-9d3d-91a27b0f34a3	same rank, other proposal	Species	Ilex micrococca	Ilex kwangtungensis	0.816	Species	Ilex micrococca	Ilex canariensis	1.000	Plantae;Tracheophyta;NA;Aquifoliales;Aquifoliaceae;Ilex;Ilex micrococca
n5402	5402	port_py3_epang_T4	9ab4c695-afe7-4ef5-bc35-b49f03885557	rank differs	Phylum	Ascomycota	NA	0.979	Genus	NA	Aspergillus	1.000	Fungi;Ascomycota;NA;Eurotiales;Aspergillaceae;NA;NA
n5402	5402	port_py3_epang_T4	9c27cf65-ba28-47ed-96b7-8f6f8d99ae71	rank differs	Species	Ilex serrata	Ilex crenata	1.000	Order	Aquifoliales	Ericales	1.000	Plantae;Tracheophyta;NA;Aquifoliales;Aquifoliaceae;Ilex;Ilex serrata
n5402	5402	port_py3_epang_T4	9dbad80d-47c7-45ce-ad81-f127aa3a15c0	same rank, other proposal	Species	Primula juliae	Primula vulgaris	0.940	Species	Primula juliae	Primula x uzungolensis	1.000	Plantae;Tracheophyta;NA;Ericales;Primulaceae;Primula;Primula juliae
n5402	5402	port_py3_epang_T4	9f0fc14d-aa4e-42c3-99aa-8d3bce2a1f2e	rank differs	Phylum	Ascomycota	NA	0.979	Genus	NA	Aspergillus	1.000	Fungi;Ascomycota;NA;Eurotiales;Aspergillaceae;NA;NA
n5402	5402	port_py3_epang_T4	a006ece1-ca2b-48d5-ad77-5db17d9a1c3b	same rank, other proposal	Species	Primula elatior	Primula veris	0.979	Species	Primula elatior	Primula x uzungolensis	1.000	Plantae;Tracheophyta;NA;Ericales;Primulaceae;Primula;Primula elatior
n5402	5402	port_py3_epang_T4	a60576b4-b844-4438-adba-1d63e0b39a85	same rank, other proposal	Species	Primula juliae	Primula vulgaris	0.936	Species	Primula juliae	Primula x uzungolensis	1.000	Plantae;Tracheophyta;NA;Ericales;Primulaceae;Primula;Primula juliae
n5402	5402	port_py3_epang_T4	ad6947f1-91f4-4f8d-996d-efc91eff31fc	rank differs	Species	Ilex wuiana	Ilex crenata	1.000	Order	Aquifoliales	Ericales	1.000	Plantae;Tracheophyta;NA;Aquifoliales;Aquifoliaceae;Ilex;Ilex wuiana
n5402	5402	port_py3_epang_T4	af9c2d3b-b6b1-435a-ad27-032c32995a67	rank differs	Species	Ilex chingiana	Ilex crenata	1.000	Order	Aquifoliales	Ericales	1.000	Plantae;Tracheophyta;NA;Aquifoliales;Aquifoliaceae;Ilex;Ilex chingiana
n5402	5402	port_py3_epang_T4	b077ef98-702d-44fd-bf59-dce3a60feb28	same rank, other proposal	Species	Ilex rotunda	Ilex chapaensis	0.505	Species	Ilex rotunda	Ilex canariensis	1.000	Plantae;Tracheophyta;NA;Aquifoliales;Aquifoliaceae;Ilex;Ilex rotunda
n5402	5402	port_py3_epang_T4	b3618231-edc4-4300-a683-5a8bd1c90740	same rank, other proposal	Species	NA	Nymphaea alba	0.751	Species	NA	Nymphaea candida	0.510	Plantae;Tracheophyta;NA;Nymphaeales;Nymphaeaceae;Nymphaea;NA
n5402	5402	port_py3_epang_T4	b4701a75-4e2c-431d-b754-6b6f3ae316ac	same rank, other proposal	Species	Asterochloris irregularis	Asterochloris glomerata	0.433	Species	Asterochloris irregularis	NA	0.476	Plantae;Chlorophyta;NA;Microthamniales;NA;Asterochloris;Asterochloris irregularis
n5402	5402	port_py3_epang_T4	b5563c97-428d-4eda-a643-59ff263f09ef	rank differs	Order	Ericales	Aquifoliales	0.995	Family	Actinidiaceae	Primulaceae	1.000	Plantae;Tracheophyta;NA;Ericales;Actinidiaceae;Actinidia;Actinidia macrosperma
n5402	5402	port_py3_epang_T4	b570e38a-d475-4089-b7d3-522005613173	rank differs	Species	Ilex opaca	Ilex crenata	1.000	Order	Aquifoliales	Ericales	1.000	Plantae;Tracheophyta;NA;Aquifoliales;Aquifoliaceae;Ilex;Ilex opaca
n5402	5402	port_py3_epang_T4	b6d8728e-79f1-4161-a00d-e44d0d55b6f9	same rank, other proposal	Species	Scorzonera laciniata	NA	0.731	Species	Scorzonera laciniata	Scorzonera cana	1.000	Plantae;Tracheophyta;NA;Asterales;Asteraceae;Scorzonera;Scorzonera laciniata
n5402	5402	port_py3_epang_T4	bde14395-f274-48a3-bc79-04715c5e53a4	rank differs	Phylum	Ascomycota	NA	0.955	Family	Aspergillaceae	NA	0.970	Fungi;Ascomycota;NA;Eurotiales;Aspergillaceae;Aspergillus;NA
n5402	5402	port_py3_epang_T4	c53a3dc1-f43c-4d83-8903-b38499f3e58b	same rank, other proposal	Species	Primula stricta	Primula farinosa	0.845	Species	Primula stricta	NA	0.862	Plantae;Tracheophyta;NA;Ericales;Primulaceae;Primula;Primula stricta
n5402	5402	port_py3_epang_T4	cd4e2083-973a-4df4-a7d0-ee6cda500a7e	rank differs	Species	Ilex corallina	Ilex crenata	1.000	Order	Aquifoliales	Ericales	1.000	Plantae;Tracheophyta;NA;Aquifoliales;Aquifoliaceae;Ilex;Ilex corallina
n5402	5402	port_py3_epang_T4	d4f2401d-c954-41b4-ad91-5ed39944a1c7	same rank, other proposal	Species	Primula elatior	Primula vulgaris	0.920	Species	Primula elatior	Primula x uzungolensis	1.000	Plantae;Tracheophyta;NA;Ericales;Primulaceae;Primula;Primula elatior
n5402	5402	port_py3_epang_T4	d5331c5d-abaa-44fe-b433-8bd111bd6103	rank differs	Phylum	Ascomycota	NA	0.979	Family	NA	Aspergillaceae	1.000	Fungi;Ascomycota;NA;Eurotiales;NA;NA;NA
n5402	5402	port_py3_epang_T4	d6853e3d-024f-428a-b996-63416a4745a0	same rank, other proposal	Species	Nymphaea micrantha	Nymphaea thermarum	0.499	Species	Nymphaea micrantha	NA	0.771	Plantae;Tracheophyta;NA;Nymphaeales;Nymphaeaceae;Nymphaea;Nymphaea micrantha
n5402	5402	port_py3_epang_T4	d70864c5-a547-42b6-924d-f0c3ea568f80	rank differs	Phylum	Ascomycota	NA	0.979	Family	NA	Aspergillaceae	1.000	Fungi;Ascomycota;NA;Eurotiales;NA;NA;NA
n5402	5402	port_py3_epang_T4	d752c6a7-ab58-446f-b557-83e0b9eee760	rank differs	Species	Ilex cornuta	Ilex crenata	1.000	Order	Aquifoliales	Ericales	1.000	Plantae;Tracheophyta;NA;Aquifoliales;Aquifoliaceae;Ilex;Ilex cornuta
n5402	5402	port_py3_epang_T4	e0232502-b64b-400a-b811-195e793921e8	rank differs	Order	Ericales	Aquifoliales	0.997	Family	Actinidiaceae	Primulaceae	1.000	Plantae;Tracheophyta;NA;Ericales;Actinidiaceae;Actinidia;Actinidia callosa
n5402	5402	port_py3_epang_T4	ece734cb-2da2-4219-b034-e2ab73f6e576	rank differs	Phylum	Ascomycota	NA	0.979	Genus	NA	Aspergillus	1.000	Fungi;Ascomycota;NA;Eurotiales;Aspergillaceae;NA;NA
n5402	5402	port_py3_epang_T4	f3f227ed-3771-471b-954a-acc803114547	same rank, other proposal	Species	Primula handeliana	Primula longipes	0.977	Species	Primula handeliana	Primula dongchuanensis	0.998	Plantae;Tracheophyta;NA;Ericales;Primulaceae;Primula;Primula handeliana
n5402	5402	port_py3_epang_T4	f40f2308-6c0a-49cc-ae56-22a3fcff4a31	rank differs	Phylum	Ascomycota	NA	0.979	Genus	NA	Aspergillus	1.000	Fungi;Ascomycota;NA;Eurotiales;Aspergillaceae;NA;NA
n5402	5402	port_py3_epang_T4	f56e8933-d80f-47a1-ac4b-a2f99f04421c	same rank, other proposal	Species	Scorzonera cana	Scorzonera laciniata	0.505	Species	Scorzonera cana	NA	0.594	Plantae;Tracheophyta;NA;Asterales;Asteraceae;Scorzonera;Scorzonera cana
n5402	5402	port_py3_epang_T4	f7b3c537-4569-4dd7-aa46-bf88b8da640f	rank differs	Species	Ilex formosana	Ilex crenata	1.000	Order	Aquifoliales	Ericales	1.000	Plantae;Tracheophyta;NA;Aquifoliales;Aquifoliaceae;Ilex;Ilex formosana
n5402	5402	port_py3_epang_T4	00ae642b-996d-4801-bb89-c60dad5ab8f8	flagged by reference only	Species	Primula elatior	Primula vulgaris	0.932					Plantae;Tracheophyta;NA;Ericales;Primulaceae;Primula;Primula elatior
n5402	5402	port_py3_epang_T4	03dcd463-dc0a-442f-b02b-3b118fcc9f89	flagged by reference only	Phylum	Ascomycota	NA	0.957					Fungi;Ascomycota;NA;Eurotiales;Aspergillaceae;Aspergillus;NA
n5402	5402	port_py3_epang_T4	04e0400c-1490-4903-9170-5ba14564f7dd	flagged by reference only	Species	Actinidia eriantha	NA	0.600					Plantae;Tracheophyta;NA;Ericales;Actinidiaceae;Actinidia;Actinidia eriantha
n5402	5402	port_py3_epang_T4	05791ae8-96c4-4ca4-862f-42c63d15dba5	flagged by reference only	Species	Bouteloua media	Bouteloua warnockii	0.981					Plantae;Tracheophyta;NA;Poales;Poaceae;Bouteloua;Bouteloua media
n5402	5402	port_py3_epang_T4	071049b9-39fd-4ac9-8713-e574cae880cc	flagged by reference only	Species	NA	Ilex dumosa	0.893					Plantae;Tracheophyta;NA;Aquifoliales;Aquifoliaceae;Ilex;NA
n5402	5402	port_py3_epang_T4	076e5bc3-e127-40cd-a368-db48acd30a11	flagged by reference only	Phylum	Ascomycota	NA	0.990					Fungi;Ascomycota;NA;Eurotiales;Aspergillaceae;Aspergillus;NA
n5402	5402	port_py3_epang_T4	07cc3234-f742-4db1-9602-5aac4c2e1bb6	flagged by reference only	Phylum	Ascomycota	NA	0.979					Fungi;Ascomycota;NA;Eurotiales;Aspergillaceae;Aspergillus;NA
n5402	5402	port_py3_epang_T4	0fdf9944-6815-4705-b17e-f89ce31ad9dc	flagged by reference only	Phylum	Ascomycota	NA	0.979					Fungi;Ascomycota;NA;Eurotiales;Aspergillaceae;Aspergillus;NA
n5402	5402	port_py3_epang_T4	0ff9deda-1c0e-4bc0-bbdc-47daf655941a	flagged by reference only	Phylum	Ascomycota	NA	0.979					Fungi;Ascomycota;NA;Eurotiales;Aspergillaceae;Aspergillus;NA
n5402	5402	port_py3_epang_T4	11e94f0c-7474-4915-9292-eb3f363dbf47	flagged by reference only	Species	Ilex tsoi	Ilex macropoda	0.444					Plantae;Tracheophyta;NA;Aquifoliales;Aquifoliaceae;Ilex;Ilex tsoi
n5402	5402	port_py3_epang_T4	1397aac3-68bb-4c5b-97c4-1719b63228f4	flagged by reference only	Phylum	Ascomycota	NA	0.959					Fungi;Ascomycota;NA;Eurotiales;Aspergillaceae;Aspergillus;NA
n5402	5402	port_py3_epang_T4	14644f0d-0820-4736-a717-f9f0971b1550	flagged by reference only	Species	NA	Ilex latifolia	0.712					Plantae;Tracheophyta;NA;Aquifoliales;Aquifoliaceae;Ilex;NA
n5402	5402	port_py3_epang_T4	14da7cc7-2cc6-4a54-ba9a-da5f612eb809	flagged by reference only	Phylum	Ascomycota	NA	0.957					Fungi;Ascomycota;NA;Eurotiales;Aspergillaceae;Aspergillus;NA
n5402	5402	port_py3_epang_T4	15fe320a-bd05-43c5-9350-d2f7d015b976	flagged by reference only	Species	Scorzonera meshhedensis	NA	0.650					Plantae;Tracheophyta;NA;Asterales;Asteraceae;Scorzonera;Scorzonera meshhedensis
n5402	5402	port_py3_epang_T4	16abc43e-c596-428d-902e-68dbebad42fe	flagged by reference only	Order	Eurotiales	Caliciales	0.482					Fungi;Ascomycota;NA;Eurotiales;Aspergillaceae;Aspergillus;NA
n5402	5402	port_py3_epang_T4	1a36c39a-4914-4d75-a7b3-380c13e5d468	flagged by reference only	Phylum	Ascomycota	NA	0.979					Fungi;Ascomycota;NA;Eurotiales;Aspergillaceae;Aspergillus;NA
n5402	5402	port_py3_epang_T4	1aaace59-026a-4b50-9666-12fe244cd256	flagged by reference only	Species	Scorzonera cana	Scorzonera laciniata	0.505					Plantae;Tracheophyta;NA;Asterales;Asteraceae;Scorzonera;Scorzonera cana
n5402	5402	port_py3_epang_T4	1ac1131b-fc44-4a7f-b4c9-39aef53aacd6	flagged by reference only	Phylum	Ascomycota	NA	0.979					Fungi;Ascomycota;NA;Eurotiales;Aspergillaceae;Aspergillus;NA
n5402	5402	port_py3_epang_T4	1b439a0b-ec06-491e-bbea-3c918fa05089	flagged by reference only	Phylum	Ascomycota	NA	0.946					Fungi;Ascomycota;NA;Eurotiales;Aspergillaceae;Aspergillus;NA
n5402	5402	port_py3_epang_T4	1b5f2ed7-24db-4c38-a313-02f216154b3d	flagged by reference only	Phylum	Ascomycota	NA	0.979					Fungi;Ascomycota;NA;Eurotiales;Aspergillaceae;Aspergillus;NA
n5402	5402	port_py3_epang_T4	1ce6e2e4-35e9-437d-8f63-2e53e508cb1c	flagged by reference only	Species	Nymphaea odorata	Nymphaea mexicana	0.510					Plantae;Tracheophyta;NA;Nymphaeales;Nymphaeaceae;Nymphaea;Nymphaea odorata
n5402	5402	port_py3_epang_T4	1f07f72d-8296-485a-9c1b-df0e328b1968	flagged by reference only	Species	Ilex crenata	Ilex venusta	0.755					Plantae;Tracheophyta;NA;Aquifoliales;Aquifoliaceae;Ilex;Ilex crenata
n5402	5402	port_py3_epang_T4	23d0cbcd-95ec-4424-887b-a8de64e50d49	flagged by reference only	Species	Primula elatior	Primula vulgaris	0.822					Plantae;Tracheophyta;NA;Ericales;Primulaceae;Primula;Primula elatior
n5402	5402	port_py3_epang_T4	26a97b41-adb7-419e-b846-9fc2766b44a6	flagged by reference only	Phylum	Ascomycota	NA	0.979					Fungi;Ascomycota;NA;Eurotiales;Aspergillaceae;Aspergillus;NA
n5402	5402	port_py3_epang_T4	2cefc528-3e88-4f9c-99cd-de22c20a2745	flagged by reference only	Species	NA	Primula auriculata	0.834					Plantae;Tracheophyta;NA;Ericales;Primulaceae;Primula;NA
n5402	5402	port_py3_epang_T4	3094c049-8a9f-48f0-a1e3-5187aac72b2b	flagged by reference only	Phylum	Ascomycota	NA	0.961					Fungi;Ascomycota;NA;Eurotiales;Aspergillaceae;Aspergillus;NA
n5402	5402	port_py3_epang_T4	32566fde-00ff-4522-b9f2-d20abdfabb4a	flagged by reference only	Species	NA	Scorzonera laciniata	0.501					Plantae;Tracheophyta;NA;Asterales;Asteraceae;Scorzonera;NA
n5402	5402	port_py3_epang_T4	328ba0a4-5b74-48b5-8dd9-fc49e27c76df	flagged by reference only	Species	Primula reinii	Primula jesoana	0.848					Plantae;Tracheophyta;NA;Ericales;Primulaceae;Primula;Primula reinii
n5402	5402	port_py3_epang_T4	334f9b2a-c11d-4004-8187-c57495f32044	flagged by reference only	Species	Primula nivalis	Primula longipes	0.901					Plantae;Tracheophyta;NA;Ericales;Primulaceae;Primula;Primula nivalis
n5402	5402	port_py3_epang_T4	33c1c868-a488-4696-b41c-d711dff0b706	flagged by reference only	Phylum	Ascomycota	NA	0.979					Fungi;Ascomycota;NA;Eurotiales;Aspergillaceae;Aspergillus;NA
n5402	5402	port_py3_epang_T4	3714416d-0f4c-4611-a62b-2c9cbe09d0f8	flagged by reference only	Species	NA	Ilex chinensis	0.964					Plantae;Tracheophyta;NA;Aquifoliales;Aquifoliaceae;Ilex;NA
n5402	5402	port_py3_epang_T4	3bc2fd39-492c-45fb-90ca-2123e59b6a6b	flagged by reference only	Phylum	Ascomycota	NA	0.979					Fungi;Ascomycota;NA;Eurotiales;Aspergillaceae;Aspergillus;NA
n5402	5402	port_py3_epang_T4	3c6b4584-945c-43eb-b023-47dc571558c7	flagged by reference only	Species	Asterochloris irregularis	Asterochloris glomerata	0.433					Plantae;Chlorophyta;NA;Microthamniales;NA;Asterochloris;Asterochloris irregularis
n5402	5402	port_py3_epang_T4	3e2926e5-ee59-43eb-917e-28902cce4097	flagged by reference only	Species	Bipolaris sorokiniana	NA	0.999					Fungi;Ascomycota;NA;Pleosporales;Pleosporaceae;Bipolaris;Bipolaris sorokiniana
n5402	5402	port_py3_epang_T4	3fc66a6e-8cb6-4775-bba6-34a263c36c8a	flagged by reference only	Species	Scorzonera cana	Scorzonera laciniata	0.477					Plantae;Tracheophyta;NA;Asterales;Asteraceae;Scorzonera;Scorzonera cana
n5402	5402	port_py3_epang_T4	40e6c789-8b27-49b5-b2d3-f116be0b9f6d	flagged by reference only	Phylum	Ascomycota	NA	0.979					Fungi;Ascomycota;NA;Eurotiales;Aspergillaceae;Aspergillus;NA
n5402	5402	port_py3_epang_T4	43d1f2da-cd5a-4920-b63c-9cad47de73d6	flagged by reference only	Species	Scorzonera rupicola	NA	0.502					Plantae;Tracheophyta;NA;Asterales;Asteraceae;Scorzonera;Scorzonera rupicola
n5402	5402	port_py3_epang_T4	452f6a8a-c1a5-4fa6-883a-54b6d712f01b	flagged by reference only	Species	Primula poissonii	__TAXCLUSTER16__Primula miyabeana	0.899					Plantae;Tracheophyta;NA;Ericales;Primulaceae;Primula;Primula poissonii
n5402	5402	port_py3_epang_T4	467f2e49-f2a1-4fbe-b785-b7f446063d23	flagged by reference only	Phylum	Ascomycota	NA	0.979					Fungi;Ascomycota;NA;Eurotiales;Aspergillaceae;Aspergillus;NA
n5402	5402	port_py3_epang_T4	46d3f9b1-961a-41e2-983c-769a9c14c552	flagged by reference only	Species	Bouteloua media	Bouteloua warnockii	0.981					Plantae;Tracheophyta;NA;Poales;Poaceae;Bouteloua;Bouteloua media
n5402	5402	port_py3_epang_T4	4799bbd3-6f74-478a-a51c-f7212f1b61a9	flagged by reference only	Species	Primula matthioli	Cortusa matthioli	1.000					Plantae;Tracheophyta;NA;Ericales;Primulaceae;Primula;Primula matthioli
n5402	5402	port_py3_epang_T4	48a13c9c-9be2-49d3-bfce-402636c5db17	flagged by reference only	Species	NA	Ilex chapaensis	0.505					Plantae;Tracheophyta;NA;Aquifoliales;Aquifoliaceae;Ilex;NA
n5402	5402	port_py3_epang_T4	49efd852-fc8c-47f1-b315-403a54e85348	flagged by reference only	Phylum	Basidiomycota	NA	1.000					Fungi;Basidiomycota;NA;Cantharellales;Tulasnellaceae;NA;NA
n5402	5402	port_py3_epang_T4	4b70afd0-e960-4fcd-bdc0-9e4bb7a5cd99	flagged by reference only	Phylum	Ascomycota	NA	0.979					Fungi;Ascomycota;NA;Eurotiales;Aspergillaceae;Aspergillus;NA
n5402	5402	port_py3_epang_T4	4c58a234-9a0a-4052-b074-618b7c5ea398	flagged by reference only	Species	Primula auricula	Primula marginata	0.440					Plantae;Tracheophyta;NA;Ericales;Primulaceae;Primula;Primula auricula
n5402	5402	port_py3_epang_T4	4f5a77c5-9ee4-46d5-b095-8a1600ddb6ef	flagged by reference only	Phylum	Ascomycota	NA	0.979					Fungi;Ascomycota;NA;Eurotiales;Aspergillaceae;Aspergillus;NA
n5402	5402	port_py3_epang_T4	4fd4c436-cbab-44bf-956f-f676fcb68535	flagged by reference only	Phylum	Ascomycota	NA	0.979					Fungi;Ascomycota;NA;Eurotiales;Aspergillaceae;Aspergillus;NA
n5402	5402	port_py3_epang_T4	4fdc2d5c-fe5d-4273-908e-6785b6f69cb7	flagged by reference only	Phylum	Ascomycota	NA	0.955					Fungi;Ascomycota;NA;Eurotiales;NA;NA;NA
n5402	5402	port_py3_epang_T4	51702362-1a19-42f3-8fd4-f5abcbbe0310	flagged by reference only	Genus	Scorzonera	Gelasia	0.999					Plantae;Tracheophyta;NA;Asterales;Asteraceae;Scorzonera;NA
n5402	5402	port_py3_epang_T4	5193a508-56a2-4b50-9133-81a981faa97c	flagged by reference only	Species	Actinidia chrysantha	NA	0.460					Plantae;Tracheophyta;NA;Ericales;Actinidiaceae;Actinidia;Actinidia chrysantha
n5402	5402	port_py3_epang_T4	52859559-d389-4c1d-9655-ef166021c9e9	flagged by reference only	Species	NA	Actinidia fulvicoma	0.842					Plantae;Tracheophyta;NA;Ericales;Actinidiaceae;Actinidia;NA
n5402	5402	port_py3_epang_T4	52a54f3b-b2c6-418c-ab0b-09ad1ce64f4f	flagged by reference only	Species	Primula matthioli	Cortusa matthioli	0.999					Plantae;Tracheophyta;NA;Ericales;Primulaceae;Primula;Primula matthioli
n5402	5402	port_py3_epang_T4	53123e18-fd59-4734-9557-fe6d7bf65cff	flagged by reference only	Phylum	Ascomycota	NA	0.979					Fungi;Ascomycota;NA;Eurotiales;Aspergillaceae;Aspergillus;NA
n5402	5402	port_py3_epang_T4	53c36fcc-620d-4a64-977a-e634ec058619	flagged by reference only	Species	Primula dongchuanensis	__TAXCLUSTER10__Primula helodoxa	0.542					Plantae;Tracheophyta;NA;Ericales;Primulaceae;Primula;Primula dongchuanensis
n5402	5402	port_py3_epang_T4	543c8f55-7170-48c2-beee-ea019268da8f	flagged by reference only	Phylum	Ascomycota	NA	0.979					Fungi;Ascomycota;NA;Eurotiales;Aspergillaceae;Aspergillus;NA
n5402	5402	port_py3_epang_T4	55d2e1c1-4323-46f9-8466-f5c06b3de798	flagged by reference only	Species	NA	Asterochloris glomerata	0.433					Plantae;Chlorophyta;NA;Microthamniales;NA;Asterochloris;NA
n5402	5402	port_py3_epang_T4	5695f4e5-3431-47d7-bc75-86221ca53c5d	flagged by reference only	Species	Primula matthioli	Cortusa matthioli	1.000					Plantae;Tracheophyta;NA;Ericales;Primulaceae;Primula;Primula matthioli
n5402	5402	port_py3_epang_T4	570b40f4-c264-4c5f-ab6e-fb17a951573c	flagged by reference only	Species	Actinidia fulvicoma	NA	0.461					Plantae;Tracheophyta;NA;Ericales;Actinidiaceae;Actinidia;Actinidia fulvicoma
n5402	5402	port_py3_epang_T4	5760c42e-ab35-48e7-b496-df3af57d3f42	flagged by reference only	Species	Ilex paraguariensis	__TAXCLUSTER5__Ilex nitida	0.885					Plantae;Tracheophyta;NA;Aquifoliales;Aquifoliaceae;Ilex;Ilex paraguariensis
n5402	5402	port_py3_epang_T4	5b1865a8-3cb9-4d4f-9289-611ed0fc6c7a	flagged by reference only	Phylum	Ascomycota	NA	0.979					Fungi;Ascomycota;NA;Eurotiales;Aspergillaceae;Aspergillus;NA
n5402	5402	port_py3_epang_T4	5fced340-2b94-47b4-b9fd-8a490474abb6	flagged by reference only	Species	Primula handeliana	Primula longipes	0.901					Plantae;Tracheophyta;NA;Ericales;Primulaceae;Primula;Primula handeliana
n5402	5402	port_py3_epang_T4	5ff66743-ac50-4d3e-af55-82adaaf6efdc	flagged by reference only	Phylum	Ascomycota	NA	0.979					Fungi;Ascomycota;NA;Eurotiales;Aspergillaceae;Aspergillus;NA
n5402	5402	port_py3_epang_T4	607930de-d2db-465a-81ac-2cae77b6e726	flagged by reference only	Phylum	Ascomycota	NA	0.979					Fungi;Ascomycota;NA;Eurotiales;Aspergillaceae;Aspergillus;NA
n5402	5402	port_py3_epang_T4	61c76c58-d7ab-426a-b052-a8577bdce8c0	flagged by reference only	Phylum	Ascomycota	NA	0.979					Fungi;Ascomycota;NA;Eurotiales;Aspergillaceae;Aspergillus;NA
n5402	5402	port_py3_epang_T4	620af553-a237-48d9-b2c9-a71465b18490	flagged by reference only	Genus	Eudorina	Pandorina	1.000					Plantae;Chlorophyta;NA;Chlamydomonadales;Volvocaceae;Eudorina;Eudorina elegans
n5402	5402	port_py3_epang_T4	6395c587-d1fa-4afd-927a-b8028547a117	flagged by reference only	Species	Scorzonera meshhedensis	NA	0.736					Plantae;Tracheophyta;NA;Asterales;Asteraceae;Scorzonera;Scorzonera meshhedensis
n5402	5402	port_py3_epang_T4	63d38c90-3385-454d-93d0-7cd78628c5c1	flagged by reference only	Species	Primula handeliana	Primula longipes	0.901					Plantae;Tracheophyta;NA;Ericales;Primulaceae;Primula;Primula handeliana
n5402	5402	port_py3_epang_T4	6595f094-7a95-4453-8e5a-8327d805f98f	flagged by reference only	Species	NA	Asterochloris glomerata	0.433					Plantae;Chlorophyta;NA;Microthamniales;NA;Asterochloris;NA
n5402	5402	port_py3_epang_T4	65e383cb-8ff3-4b15-934b-a35dc2d6e1dc	flagged by reference only	Phylum	Ascomycota	NA	0.990					Fungi;Ascomycota;NA;Eurotiales;Aspergillaceae;Aspergillus;NA
n5402	5402	port_py3_epang_T4	6790a1d9-1b8a-4158-aa57-667b6b58e359	flagged by reference only	Genus	Pseudopodospermum	Scorzonera	0.999					Plantae;Tracheophyta;NA;Asterales;Asteraceae;Pseudopodospermum
n5402	5402	port_py3_epang_T4	68cc08eb-c3cc-43d6-8e36-c77f8041de97	flagged by reference only	Phylum	Ascomycota	NA	0.979					Fungi;Ascomycota;NA;Eurotiales;Aspergillaceae;Aspergillus;NA
n5402	5402	port_py3_epang_T4	694550dc-2464-41d7-8575-b61eb76fb4eb	flagged by reference only	Phylum	Ascomycota	NA	0.979					Fungi;Ascomycota;NA;Eurotiales;Aspergillaceae;Aspergillus;NA
n5402	5402	port_py3_epang_T4	6d801571-9def-47be-9b28-5c7c38b1bc5a	flagged by reference only	Species	NA	Scorzonera laciniata	0.459					Plantae;Tracheophyta;NA;Asterales;Asteraceae;Scorzonera;NA
n5402	5402	port_py3_epang_T4	6d85c0f1-cad0-4143-9d5b-168ffadf4b41	flagged by reference only	Species	Primula blinii	Primula souliei	0.510					Plantae;Tracheophyta;NA;Ericales;Primulaceae;Primula;Primula blinii
n5402	5402	port_py3_epang_T4	701c0311-13ac-443a-8adf-22afa199dda1	flagged by reference only	Species	Gelasia litwinowii	Gelasia aucheriana	0.510					Plantae;Tracheophyta;NA;Asterales;Asteraceae;Gelasia;Gelasia litwinowii
n5402	5402	port_py3_epang_T4	73b983f2-ef79-45f8-ba0c-99aba358b3c8	flagged by reference only	Species	Aspergillus penicillioides	NA	0.989					Fungi;Ascomycota;NA;Eurotiales;Aspergillaceae;Aspergillus;Aspergillus penicillioides
n5402	5402	port_py3_epang_T4	73be8c2d-8d1b-489f-90fe-b08d2d038d09	flagged by reference only	Species	Primula auricula	Primula marginata	0.433					Plantae;Tracheophyta;NA;Ericales;Primulaceae;Primula;Primula auricula
n5402	5402	port_py3_epang_T4	7455c5d8-b492-4954-aa54-f44c8de017cb	flagged by reference only	Species	Ilex ferruginea	Ilex dasyphylla	0.828					Plantae;Tracheophyta;NA;Aquifoliales;Aquifoliaceae;Ilex;Ilex ferruginea
n5402	5402	port_py3_epang_T4	78bc7019-e5e3-42ea-900d-34afdf5c61e8	flagged by reference only	Species	NA	Primula farinosa	0.845					Plantae;Tracheophyta;NA;Ericales;Primulaceae;Primula;NA
n5402	5402	port_py3_epang_T4	7a6af31f-b747-4847-94e7-918fcdcd3620	flagged by reference only	Species	NA	Asterochloris glomerata	0.433					Plantae;Chlorophyta;NA;Microthamniales;NA;Asterochloris;NA
n5402	5402	port_py3_epang_T4	7be002a3-b399-457d-87b3-5ae73374ad31	flagged by reference only	Species	NA	Actinidia fulvicoma	0.753					Plantae;Tracheophyta;NA;Ericales;Actinidiaceae;Actinidia;NA
n5402	5402	port_py3_epang_T4	7dacca45-4667-4ce5-83af-af818e59bc2f	flagged by reference only	Phylum	Ascomycota	NA	0.979					Fungi;Ascomycota;NA;Eurotiales;Aspergillaceae;Aspergillus;NA
n5402	5402	port_py3_epang_T4	7db63b58-98f2-4df8-bddd-941b96ec63c7	flagged by reference only	Phylum	Ascomycota	NA	0.979					Fungi;Ascomycota;NA;Eurotiales;Aspergillaceae;Aspergillus;NA
n5402	5402	port_py3_epang_T4	7db8eea4-eb27-413e-b113-1ab22d18a77c	flagged by reference only	Species	Scorzonera songorica	NA	0.736					Plantae;Tracheophyta;NA;Asterales;Asteraceae;Scorzonera;Scorzonera songorica
n5402	5402	port_py3_epang_T4	7e0cc1a4-3887-4b7c-869b-44f4dd00c766	flagged by reference only	Phylum	Ascomycota	NA	0.979					Fungi;Ascomycota;NA;Eurotiales;Aspergillaceae;Aspergillus;NA
n5402	5402	port_py3_epang_T4	804e6407-347e-4be1-9ed4-e7796c0546c0	flagged by reference only	Species	Actinidia pilosula	NA	0.462					Plantae;Tracheophyta;NA;Ericales;Actinidiaceae;Actinidia;Actinidia pilosula
n5402	5402	port_py3_epang_T4	83b8a334-0438-4b61-a26e-25c9997e2fbe	flagged by reference only	Species	Asterochloris mediterranea	NA	0.734					Plantae;Chlorophyta;NA;Microthamniales;NA;Asterochloris;Asterochloris mediterranea
n5402	5402	port_py3_epang_T4	85019380-437b-475b-a8f1-3ce86f19e2cb	flagged by reference only	Phylum	Ascomycota	NA	0.955					Fungi;Ascomycota;NA;Eurotiales;NA;NA;NA
n5402	5402	port_py3_epang_T4	8680bb75-da19-415f-a7b1-4efc1d967cfd	flagged by reference only	Species	Primula nutans	Primula eximia	0.499					Plantae;Tracheophyta;NA;Ericales;Primulaceae;Primula;Primula nutans
n5402	5402	port_py3_epang_T4	8a957ac5-7f8d-4d51-bc81-8383ebe8338d	flagged by reference only	Species	NA	Asterochloris irregularis	0.719					Plantae;Chlorophyta;NA;Microthamniales;NA;Asterochloris;NA
n5402	5402	port_py3_epang_T4	8aabd75f-2508-4069-be47-dc664595c211	flagged by reference only	Phylum	Ascomycota	NA	0.955					Fungi;Ascomycota;NA;Eurotiales;NA;NA;NA
n5402	5402	port_py3_epang_T4	9170f2a3-a8f4-41f9-8aa2-3bf0b183bf54	flagged by reference only	Phylum	Ascomycota	NA	0.955					Fungi;Ascomycota;NA;Eurotiales;NA;NA;NA
n5402	5402	port_py3_epang_T4	92073f88-172b-4d9b-898e-a3d71e7ce4b1	flagged by reference only	Species	__TAXCLUSTER17__Primula szechuanica	Primula longipes	0.901					Plantae;Tracheophyta;NA;Ericales;Primulaceae;Primula;__TAXCLUSTER17__Primula szechuanica
n5402	5402	port_py3_epang_T4	94ab3c51-9283-4363-b390-f6f0ca9f7170	flagged by reference only	Phylum	Ascomycota	NA	0.955					Fungi;Ascomycota;NA;Eurotiales;NA;NA;NA
n5402	5402	port_py3_epang_T4	963c8d04-1c92-45b6-ab9f-06420a402b4b	flagged by reference only	Phylum	Ascomycota	NA	0.979					Fungi;Ascomycota;NA;Eurotiales;Aspergillaceae;Aspergillus;NA
n5402	5402	port_py3_epang_T4	9647f17f-d5d9-4085-9293-e57d4c0269d8	flagged by reference only	Phylum	Ascomycota	NA	0.979					Fungi;Ascomycota;NA;Eurotiales;Aspergillaceae;Aspergillus;NA
n5402	5402	port_py3_epang_T4	96801a73-5ffb-4af0-9a01-5607726ebecf	flagged by reference only	Species	Podospermum roseum	Scorzonera purpurea	0.999					Plantae;Tracheophyta;NA;Asterales;Asteraceae;Scorzonera;Podospermum roseum
n5402	5402	port_py3_epang_T4	97311ffc-d825-4d81-96cb-deaa05ae4508	flagged by reference only	Infraorder	Alternaria	Bipolaris	0.987					Fungi;Ascomycota;NA;Pleosporales;Pleosporaceae;Alternaria;NA
n5402	5402	port_py3_epang_T4	9b99a095-c874-4640-b417-89177fac1f99	flagged by reference only	Species	NA	Primula longipes	0.901					Plantae;Tracheophyta;NA;Ericales;Primulaceae;Primula;NA
n5402	5402	port_py3_epang_T4	9c8a9863-6909-4d38-a68a-50c8fe342051	flagged by reference only	Phylum	Ascomycota	NA	0.916					Fungi;Ascomycota;NA;Eurotiales;Aspergillaceae;Aspergillus;NA
n5402	5402	port_py3_epang_T4	a9881588-6d66-42db-a063-d6b62b57a492	flagged by reference only	Genus	Takhtajaniantha	Gelasia	1.000					Plantae;Tracheophyta;NA;Asterales;Asteraceae;Takhtajaniantha;Scorzonera latifolia
n5402	5402	port_py3_epang_T4	a9f98a0a-f713-4d64-8e3b-284123878207	flagged by reference only	Species	NA	Asterochloris irregularis	0.419					Plantae;Chlorophyta;NA;Microthamniales;NA;Asterochloris;NA
n5402	5402	port_py3_epang_T4	acd5be05-1a67-4ace-a021-813759809637	flagged by reference only	Species	Ilex ferruginea	Ilex dasyphylla	0.828					Plantae;Tracheophyta;NA;Aquifoliales;Aquifoliaceae;Ilex;Ilex ferruginea
n5402	5402	port_py3_epang_T4	ace2ad1b-62db-43a8-b9e7-d55611a36437	flagged by reference only	Species	Actinidia pilosula	NA	0.462					Plantae;Tracheophyta;NA;Ericales;Actinidiaceae;Actinidia;Actinidia pilosula
n5402	5402	port_py3_epang_T4	afe0c2ea-eabd-4592-bfc4-418cd425439d	flagged by reference only	Species	Podospermum armenaicum	Scorzonera laciniata	0.513					Plantae;Tracheophyta;NA;Asterales;Asteraceae;Scorzonera;Podospermum armenaicum
n5402	5402	port_py3_epang_T4	b1c9f439-e9e5-49c0-9f44-157be4b25a78	flagged by reference only	Species	Scorzonera cana	NA	0.788					Plantae;Tracheophyta;NA;Asterales;Asteraceae;Scorzonera;Scorzonera cana
n5402	5402	port_py3_epang_T4	b369d4e6-f8f6-49d3-8d21-6dc7684b461f	flagged by reference only	Phylum	Ascomycota	NA	0.961					Fungi;Ascomycota;NA;Eurotiales;Aspergillaceae;Aspergillus;NA
n5402	5402	port_py3_epang_T4	b77bf342-72ce-453b-9753-58721a014e6b	flagged by reference only	Phylum	Ascomycota	NA	0.990					Fungi;Ascomycota;NA;Eurotiales;Aspergillaceae;Aspergillus;NA
n5402	5402	port_py3_epang_T4	b80c258c-729b-4c88-bf50-cbb3d2b86fdd	flagged by reference only	Species	NA	Nymphaea caerulea	0.642					Plantae;Tracheophyta;NA;Nymphaeales;Nymphaeaceae;Nymphaea;NA
n5402	5402	port_py3_epang_T4	b9b7976e-d22b-4c50-aa10-5a2c6c131266	flagged by reference only	Phylum	Ascomycota	NA	0.979					Fungi;Ascomycota;NA;Eurotiales;Aspergillaceae;Aspergillus;NA
n5402	5402	port_py3_epang_T4	bbd4a52a-c334-41c7-afb9-7c68a919ca1f	flagged by reference only	Phylum	Ascomycota	NA	0.979					Fungi;Ascomycota;NA;Eurotiales;Aspergillaceae;Aspergillus;NA
n5402	5402	port_py3_epang_T4	c1ac0826-9f4a-4388-a929-f8f1c27ed151	flagged by reference only	Phylum	Ascomycota	NA	0.904					Fungi;Ascomycota;NA;Eurotiales;Aspergillaceae;Aspergillus;NA
n5402	5402	port_py3_epang_T4	c5b3b83f-30c1-4c6a-81a9-1323c22eb97f	flagged by reference only	Phylum	Ascomycota	NA	0.945					Fungi;Ascomycota;NA;Eurotiales;Aspergillaceae;Aspergillus;NA
n5402	5402	port_py3_epang_T4	c6c5c3e9-52a1-4c92-b9fe-c91a3c11ac98	flagged by reference only	Genus	Eudorina	Pandorina	1.000					Plantae;Chlorophyta;NA;Chlamydomonadales;Volvocaceae;Eudorina
n5402	5402	port_py3_epang_T4	ca36daf6-930d-419d-8d88-5bf2c8893333	flagged by reference only	Species	__TAXCLUSTER17__Primula szechuanica	Primula longipes	0.901					Plantae;Tracheophyta;NA;Ericales;Primulaceae;Primula;__TAXCLUSTER17__Primula szechuanica
n5402	5402	port_py3_epang_T4	ca568fc8-9d1a-4eaf-b692-8da5beb540ab	flagged by reference only	Phylum	Basidiomycota	NA	1.000					Fungi;Basidiomycota;NA;Cantharellales;Tulasnellaceae;NA;NA
n5402	5402	port_py3_epang_T4	ca8578e1-4583-44ed-8ba0-b2239ae20d75	flagged by reference only	Species	__TAXCLUSTER17__Primula szechuanica	Primula longipes	0.901					Plantae;Tracheophyta;NA;Ericales;Primulaceae;Primula;__TAXCLUSTER17__Primula szechuanica
n5402	5402	port_py3_epang_T4	cb56b87c-ce3a-4d4e-ba78-46927b31017f	flagged by reference only	Species	Mucuna bracteata	Mucuna pruriens	0.980					Plantae;Tracheophyta;NA;Fabales;Fabaceae;Mucuna;Mucuna bracteata
n5402	5402	port_py3_epang_T4	ce999006-80dc-4b0a-9311-cd7fa91d5764	flagged by reference only	Infraorder	Alternaria	Bipolaris	0.987					Fungi;Ascomycota;NA;Pleosporales;Pleosporaceae;Alternaria;NA
n5402	5402	port_py3_epang_T4	dcf87a27-390b-4810-afb0-45ff333ac7b9	flagged by reference only	Phylum	Ascomycota	NA	0.955					Fungi;Ascomycota;NA;Eurotiales;NA;NA;NA
n5402	5402	port_py3_epang_T4	dfc2b5cd-a050-4b7b-9f1b-92bccd8e8814	flagged by reference only	Species	Bipolaris bicolor	NA	0.903					Fungi;Ascomycota;NA;Pleosporales;Pleosporaceae;Bipolaris;Bipolaris bicolor
n5402	5402	port_py3_epang_T4	e218e97f-2c1a-4c43-811e-c1b820686d32	flagged by reference only	Phylum	Ascomycota	NA	0.979					Fungi;Ascomycota;NA;Eurotiales;Aspergillaceae;Aspergillus;NA
n5402	5402	port_py3_epang_T4	ee5718a9-cb16-4a89-9049-6c966052724e	flagged by reference only	Species	Ilex theezans	Ilex brasiliensis	0.956					Plantae;Tracheophyta;NA;Aquifoliales;Aquifoliaceae;Ilex;Ilex theezans
n5402	5402	port_py3_epang_T4	eec10d11-6f76-4715-80b3-3b8709270780	flagged by reference only	Species	Primula matthioli	Cortusa matthioli	1.000					Plantae;Tracheophyta;NA;Ericales;Primulaceae;Primula;Primula matthioli
n5402	5402	port_py3_epang_T4	f4e6b4af-f2b7-484a-82a1-a94f10036a4e	flagged by reference only	Phylum	Ascomycota	NA	0.935					Fungi;Ascomycota;NA;Eurotiales;Aspergillaceae;Aspergillus;NA
n5402	5402	port_py3_epang_T4	fc2f9287-bd3f-410a-9123-2b316fdec5e9	flagged by reference only	Species	Cortusa matthioli	Primula algida	0.805					Plantae;Tracheophyta;NA;Ericales;Primulaceae;Primula;Cortusa matthioli
n5402	5402	port_py3_epang_T4	00191c72-2b00-41db-9d09-a49ea3c5ffd9	flagged by test only					Species	Primula algida	Cortusa matthioli	1.000	Plantae;Tracheophyta;NA;Ericales;Primulaceae;Primula;Primula algida
n5402	5402	port_py3_epang_T4	0043ddd3-9e72-4a19-bcfd-47feed13ef05	flagged by test only					Phylum	NA	Ascomycota	1.000	Fungi;NA;NA;NA;NA;NA;NA
n5402	5402	port_py3_epang_T4	016d8e10-e99e-4aa5-878f-90498914c9b8	flagged by test only					Species	Primula kisoana	Primula saxatilis	0.499	Plantae;Tracheophyta;NA;Ericales;Primulaceae;Primula;Primula kisoana
n5402	5402	port_py3_epang_T4	0326d4e3-c803-4299-a077-8d71e9c7ee1f	flagged by test only					Kingdom	Plantae	Fungi	1.000	Plantae;Tracheophyta;NA;Poales;Cyperaceae;Carex;Carex acutiformis
n5402	5402	port_py3_epang_T4	04b64c7b-7d13-44a1-b73a-a1f3489d706a	flagged by test only					Species	Primula elatior	Primula x uzungolensis	1.000	Plantae;Tracheophyta;NA;Ericales;Primulaceae;Primula;Primula elatior
n5402	5402	port_py3_epang_T4	04f17627-601d-4f8f-bb1b-aa3d09da7e32	flagged by test only					Phylum	NA	Ascomycota	1.000	Fungi;NA;NA;NA;NA;NA;NA
n5402	5402	port_py3_epang_T4	06c3d543-3c24-4673-afe0-617dffd6391c	flagged by test only					Species	Primula grandis	Primula elatior	0.949	Plantae;Tracheophyta;NA;Ericales;Primulaceae;Primula;Primula grandis
n5402	5402	port_py3_epang_T4	06dcde95-2593-4d6f-9a52-d2f36bf02aee	flagged by test only					Species	Ilex integerrima	Ilex canariensis	1.000	Plantae;Tracheophyta;NA;Aquifoliales;Aquifoliaceae;Ilex;Ilex integerrima
n5402	5402	port_py3_epang_T4	08162423-be61-4e90-b713-8db105372177	flagged by test only					Species	Ilex venulosa	Ilex khasiana	0.892	Plantae;Tracheophyta;NA;Aquifoliales;Aquifoliaceae;Ilex;Ilex venulosa
n5402	5402	port_py3_epang_T4	0ad0a660-47a5-4cc8-9f14-5bfc92165579	flagged by test only					Species	Asterochloris irregularis	NA	0.743	Plantae;Chlorophyta;NA;Microthamniales;NA;Asterochloris;Asterochloris irregularis
n5402	5402	port_py3_epang_T4	0bab20ec-0d4d-4271-957f-bb98409dc976	flagged by test only					Family	NA	Aspergillaceae	0.993	Fungi;Ascomycota;NA;Eurotiales;NA;NA;NA
n5402	5402	port_py3_epang_T4	0d7cd37b-76ea-464b-84f4-0b533f12e53a	flagged by test only					Genus	Gelasia	Scorzonera	1.000	Plantae;Tracheophyta;NA;Asterales;Asteraceae;Gelasia
n5402	5402	port_py3_epang_T4	11911fb5-383b-4692-ac57-a6ec792a337d	flagged by test only					Species	Bipolaris sorokiniana	NA	0.952	Fungi;Ascomycota;NA;Pleosporales;Pleosporaceae;Bipolaris;Bipolaris sorokiniana
n5402	5402	port_py3_epang_T4	11bc3933-50e8-4c91-8d8e-7fe36e149352	flagged by test only					Species	Ilex pubescens	Ilex canariensis	1.000	Plantae;Tracheophyta;NA;Aquifoliales;Aquifoliaceae;Ilex;Ilex pubescens
n5402	5402	port_py3_epang_T4	124316c5-cf03-4a4b-801e-e40edfecfc70	flagged by test only					Genus	Dodecatheon	Primula	1.000	Plantae;Tracheophyta;NA;Ericales;Primulaceae;Dodecatheon;Primula meadia
n5402	5402	port_py3_epang_T4	13696475-39a1-416d-8d98-0b7160c3e7e5	flagged by test only					Phylum	NA	Basidiomycota	1.000	Fungi;NA;NA;NA;NA;NA;NA
n5402	5402	port_py3_epang_T4	1a544f15-be09-4d5e-89b4-b4ac38a77144	flagged by test only					Species	Primula elatior	Primula x uzungolensis	1.000	Plantae;Tracheophyta;NA;Ericales;Primulaceae;Primula;Primula elatior
n5402	5402	port_py3_epang_T4	1d7d9a48-a7e5-4065-af2c-1030fd3c36fe	flagged by test only					Kingdom	Plantae	Fungi	1.000	Plantae;Tracheophyta;NA;Poales;Cyperaceae;Carex;Carex acutiformis
n5402	5402	port_py3_epang_T4	1ff93911-5ef5-458e-b675-617c8b7ec62d	flagged by test only					Phylum	NA	Basidiomycota	1.000	Fungi;NA;NA;NA;NA;NA;NA
n5402	5402	port_py3_epang_T4	1ffced88-f8a8-4095-9d0e-06751b0cbf0c	flagged by test only					Kingdom	Plantae	Fungi	1.000	Plantae;Tracheophyta;NA;Poales;Cyperaceae;Carex;Carex arcta
n5402	5402	port_py3_epang_T4	21710183-81bf-4b38-a859-502832beca1d	flagged by test only					Species	Actinidia fulvicoma	NA	0.947	Plantae;Tracheophyta;NA;Ericales;Actinidiaceae;Actinidia;Actinidia fulvicoma
n5402	5402	port_py3_epang_T4	25569ec5-197d-4eb1-880e-fc51fddfe299	flagged by test only					Genus	NA	Aspergillus	0.620	Fungi;Ascomycota;NA;Eurotiales;Aspergillaceae;NA;NA
n5402	5402	port_py3_epang_T4	28ee46d0-7f1d-4029-ba54-c23f31bdf87a	flagged by test only					Kingdom	Fungi	Plantae	1.000	Fungi;NA;NA;NA;NA;NA;NA
n5402	5402	port_py3_epang_T4	2a83b556-97c9-4df1-b41f-a15e8611ef14	flagged by test only					Order	Aquifoliales	Ericales	1.000	Plantae;Tracheophyta;NA;Aquifoliales;Aquifoliaceae;Ilex;Ilex crenata
n5402	5402	port_py3_epang_T4	2be6ac95-2b36-4af5-b1e7-e328a842fcbd	flagged by test only					Family	NA	Aspergillaceae	1.000	Fungi;Ascomycota;NA;Eurotiales;NA;NA;NA
n5402	5402	port_py3_epang_T4	2be96a78-62b6-4776-b3f4-d4c43bb500f5	flagged by test only					Kingdom	Fungi	Plantae	1.000	Fungi;NA;NA;NA;NA;NA;NA
n5402	5402	port_py3_epang_T4	2d7824b6-43ce-41e9-adc9-7bb57c18be6a	flagged by test only					Species	Scorzonera tragopogonoides	Scorzonera albicaulis	1.000	Plantae;Tracheophyta;NA;Asterales;Asteraceae;Scorzonera;Scorzonera tragopogonoides
n5402	5402	port_py3_epang_T4	2daca48d-67cf-41a9-b2a8-898626cb179f	flagged by test only					Kingdom	Plantae	Fungi	1.000	Plantae;Tracheophyta;NA;Poales;Cyperaceae;Carex;Carex acutiformis
n5402	5402	port_py3_epang_T4	2e188f33-6f0e-4045-8d86-40a13f23616f	flagged by test only					Phylum	NA	Ascomycota	1.000	Fungi;NA;NA;NA;NA;NA;NA
n5402	5402	port_py3_epang_T4	2e7de12f-3f3d-4495-94ef-9aa14be2f046	flagged by test only					Species	Carex acuta	Carex alba	1.000	Plantae;Tracheophyta;NA;Poales;Cyperaceae;Carex;Carex acuta
n5402	5402	port_py3_epang_T4	2e82f504-47b9-445b-b414-3c9bd39ae9e7	flagged by test only					Species	Carex angustata	Carex alba	1.000	Plantae;Tracheophyta;NA;Poales;Cyperaceae;Carex;Carex angustata
n5402	5402	port_py3_epang_T4	2f65b657-eaa7-42dc-9080-4117ebc28fa3	flagged by test only					Species	Pterachaenia stewartii	Pterachaenia codringtonii	1.000	Plantae;Tracheophyta;NA;Asterales;Asteraceae;Pterachaenia;Pterachaenia stewartii
n5402	5402	port_py3_epang_T4	2f6c1945-4824-40e7-b155-78597c1c1187	flagged by test only					Species	Ilex brevicuspis	Ilex anomala	0.479	Plantae;Tracheophyta;NA;Aquifoliales;Aquifoliaceae;Ilex;Ilex brevicuspis
n5402	5402	port_py3_epang_T4	2f7c4ab4-a5e4-4269-8d89-2d84dcae2eb6	flagged by test only					Species	Primula hidakana	Primula takedana	0.688	Plantae;Tracheophyta;NA;Ericales;Primulaceae;Primula;Primula hidakana
n5402	5402	port_py3_epang_T4	309ecfa2-450a-422c-baf6-4e47768add66	flagged by test only					Genus	Pandorina	Eudorina	1.000	Plantae;Chlorophyta;NA;Chlamydomonadales;Volvocaceae;Pandorina;Pandorina morum
n5402	5402	port_py3_epang_T4	30ebdfc5-8dcd-42ed-b3ce-40423848ffe3	flagged by test only					Species	Ilex dumosa	Ilex canariensis	1.000	Plantae;Tracheophyta;NA;Aquifoliales;Aquifoliaceae;Ilex;Ilex dumosa
n5402	5402	port_py3_epang_T4	328e92bb-8397-4a4a-ba1d-ca491de8d28a	flagged by test only					Species	Primula veris	Primula x uzungolensis	1.000	Plantae;Tracheophyta;NA;Ericales;Primulaceae;Primula;Primula veris
n5402	5402	port_py3_epang_T4	334e0ff6-08a0-494c-83e8-2216c95a2957	flagged by test only					Species	Carex angustata	Carex alba	1.000	Plantae;Tracheophyta;NA;Poales;Cyperaceae;Carex;Carex angustata
n5402	5402	port_py3_epang_T4	3628ddb3-b4ea-4ed3-bf1c-b56b50cf4c91	flagged by test only					Order	Aquifoliales	Ericales	1.000	Plantae;Tracheophyta;NA;Aquifoliales;Aquifoliaceae;Ilex;Ilex crenata
n5402	5402	port_py3_epang_T4	375249a2-9a0f-462f-aae7-d5e4559d8922	flagged by test only					Genus	Koelpinia	Scorzonera	0.510	Plantae;Tracheophyta;NA;Asterales;Asteraceae;Koelpinia
n5402	5402	port_py3_epang_T4	39044952-aa56-44f1-a6d5-8386ce0c0e6a	flagged by test only					Species	Primula grandis	Primula x uzungolensis	1.000	Plantae;Tracheophyta;NA;Ericales;Primulaceae;Primula;Primula grandis
n5402	5402	port_py3_epang_T4	3b7aa83b-3f3f-4572-8abf-a132fc2a19a0	flagged by test only					Species	Actinidia fulvicoma	NA	0.898	Plantae;Tracheophyta;NA;Ericales;Actinidiaceae;Actinidia;Actinidia fulvicoma
n5402	5402	port_py3_epang_T4	3beab120-14a5-48de-9baf-2be5be2a8a4e	flagged by test only					Species	Scenedesmus basiliensis	NA	0.891	Plantae;Chlorophyta;NA;Sphaeropleales;Scenedesmaceae;Scenedesmus;Scenedesmus basiliensis
n5402	5402	port_py3_epang_T4	3c77e22f-4f56-47a2-bcff-55a68f27f1eb	flagged by test only					Species	Primula veris	Primula x uzungolensis	1.000	Plantae;Tracheophyta;NA;Ericales;Primulaceae;Primula;Primula veris
n5402	5402	port_py3_epang_T4	3f87d9ff-fe10-405c-ba15-05e34f5b999a	flagged by test only					Genus	Gelasia	Scorzonera	0.977	Plantae;Tracheophyta;NA;Asterales;Asteraceae;Gelasia
n5402	5402	port_py3_epang_T4	3f934579-ae9b-4322-8384-2bc5c04e0122	flagged by test only					Genus	Gelasia	Scorzonera	1.000	Plantae;Tracheophyta;NA;Asterales;Asteraceae;Gelasia;Gelasia litwinowii
n5402	5402	port_py3_epang_T4	3fff2f84-6dae-410a-9c69-88ecbd565f3a	flagged by test only					Species	Primula veris	Primula x uzungolensis	1.000	Plantae;Tracheophyta;NA;Ericales;Primulaceae;Primula;Primula veris
n5402	5402	port_py3_epang_T4	417101c9-6b03-487f-bab0-126c9283c2d1	flagged by test only					Phylum	NA	Ascomycota	1.000	Fungi;NA;NA;NA;NA;NA;NA
n5402	5402	port_py3_epang_T4	44a402a7-af14-4adc-9378-eebd072b17d0	flagged by test only					Species	Primula vulgaris	Primula x uzungolensis	1.000	Plantae;Tracheophyta;NA;Ericales;Primulaceae;Primula;Primula vulgaris
n5402	5402	port_py3_epang_T4	4536f9a1-2250-441d-99c2-007d52e8eacf	flagged by test only					Order	Nymphaeales	Ericales	1.000	Plantae;Tracheophyta;NA;Nymphaeales;Nymphaeaceae;Nymphaea;Nymphaea colorata
n5402	5402	port_py3_epang_T4	4648eaad-6a88-4cd7-876f-c1657c62a8f9	flagged by test only					Species	Primula kisoana	Primula saxatilis	0.499	Plantae;Tracheophyta;NA;Ericales;Primulaceae;Primula;Primula kisoana
n5402	5402	port_py3_epang_T4	4b807b12-05a5-420a-9add-0c70f6f564d0	flagged by test only					Species	Ilex integerrima	Ilex pseudobuxus	1.000	Plantae;Tracheophyta;NA;Aquifoliales;Aquifoliaceae;Ilex;Ilex integerrima
n5402	5402	port_py3_epang_T4	4dad4cd3-c360-4dc9-8951-b19bd5f6cee4	flagged by test only					Species	Nymphaea alba	Nymphaea candida	0.510	Plantae;Tracheophyta;NA;Nymphaeales;Nymphaeaceae;Nymphaea;Nymphaea alba
n5402	5402	port_py3_epang_T4	4e54986c-299e-4d4a-805a-5c518c9b0ce4	flagged by test only					Kingdom	Plantae	Fungi	1.000	Plantae;Tracheophyta;NA;Poales;Cyperaceae;Carex;Carex annectens
n5402	5402	port_py3_epang_T4	4e72a671-d288-4aaa-a025-e8c53b472038	flagged by test only					Species	Primula elatior	Primula x uzungolensis	0.993	Plantae;Tracheophyta;NA;Ericales;Primulaceae;Primula;Primula elatior
n5402	5402	port_py3_epang_T4	504cefd8-c2cf-4b49-aad1-5a7008b258bd	flagged by test only					Species	Primula elatior	Primula x uzungolensis	0.993	Plantae;Tracheophyta;NA;Ericales;Primulaceae;Primula;Primula elatior
n5402	5402	port_py3_epang_T4	51accbf2-4b92-4f94-9c40-d49682b93734	flagged by test only					Phylum	NA	Ascomycota	1.000	Fungi;NA;NA;NA;NA;NA;NA
n5402	5402	port_py3_epang_T4	569d128a-d4c0-4085-9fbe-296b9743a456	flagged by test only					Species	Ilex microdonta	Ilex canariensis	1.000	Plantae;Tracheophyta;NA;Aquifoliales;Aquifoliaceae;Ilex;Ilex microdonta
n5402	5402	port_py3_epang_T4	56a9e1c8-821c-4e7f-8db3-163e25910c5d	flagged by test only					Species	Ilex dumosa	Ilex canariensis	1.000	Plantae;Tracheophyta;NA;Aquifoliales;Aquifoliaceae;Ilex;Ilex dumosa
n5402	5402	port_py3_epang_T4	56fbcbf4-22c8-47a1-a1d4-f510612b2617	flagged by test only					Species	NA	__TAXCLUSTER9__Ilex verticillata	0.450	Plantae;Tracheophyta;NA;Aquifoliales;Aquifoliaceae;Ilex;NA
n5402	5402	port_py3_epang_T4	57077e79-77d6-44a9-9b0c-773000cf137d	flagged by test only					Phylum	NA	Basidiomycota	1.000	Fungi;NA;NA;NA;NA;NA;NA
n5402	5402	port_py3_epang_T4	589b3a41-77a5-4c51-a891-5b2540853ccb	flagged by test only					Genus	NA	Carex	1.000	Plantae;Tracheophyta;NA;Poales;Cyperaceae;NA;NA
n5402	5402	port_py3_epang_T4	5bd2c352-f26b-49b2-9226-01371136eec4	flagged by test only					Species	__TAXCLUSTER14__Ilex lohfauensis	Ilex rotunda	1.000	Plantae;Tracheophyta;NA;Aquifoliales;Aquifoliaceae;Ilex;__TAXCLUSTER14__Ilex lohfauensis
n5402	5402	port_py3_epang_T4	5d3d21bd-207d-41e1-aea7-fc5ec33b1187	flagged by test only					Phylum	NA	Ascomycota	1.000	Fungi;NA;NA;NA;NA;NA;NA
n5402	5402	port_py3_epang_T4	5dbebef9-9795-4235-9551-bf24eb528f4c	flagged by test only					Species	Ilex pubescens	Ilex crenata	0.557	Plantae;Tracheophyta;NA;Aquifoliales;Aquifoliaceae;Ilex;Ilex pubescens
n5402	5402	port_py3_epang_T4	5f5edad4-2f3a-4be2-a348-c5a7ffb68dda	flagged by test only					Species	Primula elatior	Primula x uzungolensis	1.000	Plantae;Tracheophyta;NA;Ericales;Primulaceae;Primula;Primula elatior
n5402	5402	port_py3_epang_T4	5f9a00e3-05e3-4c74-ba1e-274644ee72cf	flagged by test only					Species	Primula vulgaris	Primula x uzungolensis	1.000	Plantae;Tracheophyta;NA;Ericales;Primulaceae;Primula;Primula vulgaris
n5402	5402	port_py3_epang_T4	61e37d62-c280-40fb-ae41-3d27ea4c1aa9	flagged by test only					Species	Ilex tsoi	Ilex ficifolia	0.486	Plantae;Tracheophyta;NA;Aquifoliales;Aquifoliaceae;Ilex;Ilex tsoi
n5402	5402	port_py3_epang_T4	631d5a8f-e617-4d3d-ba0a-4081b882115e	flagged by test only					Family	NA	Aspergillaceae	0.993	Fungi;Ascomycota;NA;Eurotiales;NA;NA;NA
n5402	5402	port_py3_epang_T4	63225a2c-4ff9-45f4-947b-e55ab4c0778b	flagged by test only					Species	Scorzonera laciniata	NA	0.743	Plantae;Tracheophyta;NA;Asterales;Asteraceae;Scorzonera;Scorzonera laciniata
n5402	5402	port_py3_epang_T4	640310f0-df15-4f23-a2df-5cb7ac543786	flagged by test only					Genus	Pandorina	Eudorina	1.000	Plantae;Chlorophyta;NA;Chlamydomonadales;Volvocaceae;Pandorina;Pandorina morum
n5402	5402	port_py3_epang_T4	64a10e95-7f75-430a-a3bb-54fe8420528b	flagged by test only					Species	Primula elatior	Primula x uzungolensis	1.000	Plantae;Tracheophyta;NA;Ericales;Primulaceae;Primula;Primula elatior
n5402	5402	port_py3_epang_T4	6567099c-e803-47e8-8f0c-cead60d41f35	flagged by test only					Kingdom	Plantae	Fungi	1.000	Plantae;Tracheophyta;NA;Poales;Cyperaceae;Carex;Carex annectens
n5402	5402	port_py3_epang_T4	65751a9a-8018-4a46-abec-525cd7a5e65b	flagged by test only					Family	NA	Aspergillaceae	0.863	Fungi;Ascomycota;NA;Eurotiales;NA;NA;NA
n5402	5402	port_py3_epang_T4	657eab65-d53e-4a3a-ab79-3d90c64e8d5f	flagged by test only					Phylum	Chytridiomycota	Basidiomycota	0.986	Fungi;Chytridiomycota;NA;NA;NA;NA;NA
n5402	5402	port_py3_epang_T4	686f72a8-899a-44f7-9cdd-83684c68186b	flagged by test only					Order	Caryophyllales	Ericales	1.000	Plantae;Tracheophyta;NA;Caryophyllales;Caryophyllaceae;Acanthophyllum;Acanthophyllum pungens
n5402	5402	port_py3_epang_T4	69debbc0-4206-49bb-8690-f0cb6029c71c	flagged by test only					Species	Ilex brevicuspis	Ilex canariensis	1.000	Plantae;Tracheophyta;NA;Aquifoliales;Aquifoliaceae;Ilex;Ilex brevicuspis
n5402	5402	port_py3_epang_T4	6aaa63af-eb47-4c53-94ed-365f7cc4504e	flagged by test only					Species	NA	Primula egaliksensis	0.565	Plantae;Tracheophyta;NA;Ericales;Primulaceae;Primula;NA
n5402	5402	port_py3_epang_T4	6c5fc730-6042-4259-adca-b4b427000d3b	flagged by test only					Species	Primula vulgaris	Primula x uzungolensis	1.000	Plantae;Tracheophyta;NA;Ericales;Primulaceae;Primula;Primula vulgaris
n5402	5402	port_py3_epang_T4	6d461fc8-1820-4836-b1af-46f3aefae397	flagged by test only					Species	Primula algida	Cortusa matthioli	1.000	Plantae;Tracheophyta;NA;Ericales;Primulaceae;Primula;Primula algida
n5402	5402	port_py3_epang_T4	6e9bd1dd-4180-4e61-8718-7f0c64393f17	flagged by test only					Kingdom	Plantae	Fungi	1.000	Plantae;Tracheophyta;NA;Poales;Cyperaceae;Carex;Carex acuta
n5402	5402	port_py3_epang_T4	70913d12-9889-4a42-b4f6-b9a7c9dfa49b	flagged by test only					Species	Primula hidakana	Primula takedana	0.688	Plantae;Tracheophyta;NA;Ericales;Primulaceae;Primula;Primula hidakana
n5402	5402	port_py3_epang_T4	70bfe58d-2fca-4a84-8b0d-d0653ddc954b	flagged by test only					Species	Carex acuta	Carex alba	0.626	Plantae;Tracheophyta;NA;Poales;Cyperaceae;Carex;Carex acuta
n5402	5402	port_py3_epang_T4	712af03e-b0e6-4cf6-8dc6-8e9f5b00c22f	flagged by test only					Species	Aspergillus penicillioides	NA	0.887	Fungi;Ascomycota;NA;Eurotiales;Aspergillaceae;Aspergillus;Aspergillus penicillioides
n5402	5402	port_py3_epang_T4	72282719-4d36-46d1-bd73-137bb8d14a92	flagged by test only					Phylum	NA	Ascomycota	1.000	Fungi;NA;NA;NA;NA;NA;NA
n5402	5402	port_py3_epang_T4	7803cf41-086a-4589-9c93-94199bbfe8af	flagged by test only					Species	Ilex pubescens	Ilex crenata	0.557	Plantae;Tracheophyta;NA;Aquifoliales;Aquifoliaceae;Ilex;Ilex pubescens
n5402	5402	port_py3_epang_T4	7809e608-7534-4dbe-998c-7e6c817f4d17	flagged by test only					Species	Nymphaea alba	Nymphaea candida	0.510	Plantae;Tracheophyta;NA;Nymphaeales;Nymphaeaceae;Nymphaea;Nymphaea alba
n5402	5402	port_py3_epang_T4	79fabe1e-076a-4b15-988d-c0358d41a54f	flagged by test only					Species	Ilex hippocrateoides	Ilex dumosa	0.562	Plantae;Tracheophyta;NA;Aquifoliales;Aquifoliaceae;Ilex;Ilex hippocrateoides
n5402	5402	port_py3_epang_T4	7a4f65ad-f1f1-4f8e-a7a7-859ff196d621	flagged by test only					Species	Mucuna samarensis	Mucuna gigantea	0.993	Plantae;Tracheophyta;NA;Fabales;Fabaceae;Mucuna;Mucuna samarensis
n5402	5402	port_py3_epang_T4	7a8b992e-efa4-48fb-97bc-13db6a964c3a	flagged by test only					Species	Ilex microdonta	Ilex canariensis	1.000	Plantae;Tracheophyta;NA;Aquifoliales;Aquifoliaceae;Ilex;Ilex microdonta
n5402	5402	port_py3_epang_T4	7abd353e-a5f7-4f56-acc9-b2879925a218	flagged by test only					Species	Primula veris	Primula x uzungolensis	1.000	Plantae;Tracheophyta;NA;Ericales;Primulaceae;Primula;Primula veris
n5402	5402	port_py3_epang_T4	81551828-2e97-4ebf-8618-de1dbdc05828	flagged by test only					Order	Trebouxiales	Microthamniales	1.000	Plantae;Chlorophyta;NA;Trebouxiales;Trebouxiaceae;Trebouxia;NA
n5402	5402	port_py3_epang_T4	81590eee-b900-410f-b745-f25f7d86406b	flagged by test only					Species	Scorzonera laciniata	NA	0.743	Plantae;Tracheophyta;NA;Asterales;Asteraceae;Scorzonera;Scorzonera laciniata
n5402	5402	port_py3_epang_T4	82a10728-b624-4e33-9c32-62435035e484	flagged by test only					Species	Primula vulgaris	Primula x uzungolensis	1.000	Plantae;Tracheophyta;NA;Ericales;Primulaceae;Primula;Primula vulgaris
n5402	5402	port_py3_epang_T4	82c02d6a-5853-4127-b41f-fdb35080e0ae	flagged by test only					Species	Ilex brasiliensis	Ilex pseudobuxus	1.000	Plantae;Tracheophyta;NA;Aquifoliales;Aquifoliaceae;Ilex;Ilex brasiliensis
n5402	5402	port_py3_epang_T4	82dfda4f-dc61-4f81-8b8a-65477c94251c	flagged by test only					Species	__TAXCLUSTER2__Ilex macrocarpa	Ilex canariensis	1.000	Plantae;Tracheophyta;NA;Aquifoliales;Aquifoliaceae;Ilex;__TAXCLUSTER2__Ilex macrocarpa
n5402	5402	port_py3_epang_T4	85120cc9-7941-4575-98c2-f8f848338738	flagged by test only					Species	Ilex pseudobuxus	Ilex canariensis	1.000	Plantae;Tracheophyta;NA;Aquifoliales;Aquifoliaceae;Ilex;Ilex pseudobuxus
n5402	5402	port_py3_epang_T4	891ec3a8-5537-4fd3-8463-e3eac6a06413	flagged by test only					Species	Ilex integerrima	Ilex pseudobuxus	1.000	Plantae;Tracheophyta;NA;Aquifoliales;Aquifoliaceae;Ilex;Ilex integerrima
n5402	5402	port_py3_epang_T4	8b29a212-dd7e-4cd5-9a4c-9bc4f5a229f8	flagged by test only					Species	Ilex dumosa	Ilex canariensis	1.000	Plantae;Tracheophyta;NA;Aquifoliales;Aquifoliaceae;Ilex;Ilex dumosa
n5402	5402	port_py3_epang_T4	8b76cfa6-c284-4e30-8646-ad838a07d1a2	flagged by test only					Phylum	NA	Ascomycota	0.992	Fungi;NA;NA;NA;NA;NA;NA
n5402	5402	port_py3_epang_T4	8bc648e5-071e-4335-8f0b-687d4e595128	flagged by test only					Genus	NA	Carex	1.000	Plantae;Tracheophyta;NA;Poales;Cyperaceae;NA;NA
n5402	5402	port_py3_epang_T4	8cca4641-2551-48de-926e-0d5c0882a04f	flagged by test only					Species	NA	Bipolaris sorokiniana	0.889	Fungi;Ascomycota;NA;Pleosporales;Pleosporaceae;Bipolaris;NA
n5402	5402	port_py3_epang_T4	8cd0077e-bd61-4cad-b37e-835761af0979	flagged by test only					Species	Primula moupinensis	__TAXCLUSTER10__Primula helodoxa	0.863	Plantae;Tracheophyta;NA;Ericales;Primulaceae;Primula;Primula moupinensis
n5402	5402	port_py3_epang_T4	8d3a96c9-bafc-4014-8341-c0661878e7d0	flagged by test only					Species	Primula vulgaris	Primula x uzungolensis	1.000	Plantae;Tracheophyta;NA;Ericales;Primulaceae;Primula;Primula vulgaris
n5402	5402	port_py3_epang_T4	8e67bf12-83de-4019-a7df-f065ec3f0046	flagged by test only					Kingdom	Plantae	Fungi	1.000	Plantae;Tracheophyta;NA;Poales;Cyperaceae;Carex;Carex arcta
n5402	5402	port_py3_epang_T4	8ea50d64-853c-4891-b59a-bcbc0f71ccb6	flagged by test only					Species	Ilex integerrima	Ilex canariensis	1.000	Plantae;Tracheophyta;NA;Aquifoliales;Aquifoliaceae;Ilex;Ilex integerrima
n5402	5402	port_py3_epang_T4	9089bd0b-38fe-411b-9a46-11f80b35ae77	flagged by test only					Species	Nuphar lutea	Nuphar pumila	0.477	Plantae;Tracheophyta;NA;Nymphaeales;Nymphaeaceae;Nuphar;Nuphar lutea
n5402	5402	port_py3_epang_T4	90d9a6dc-da1b-49ab-88cc-9291d0575249	flagged by test only					Species	Bipolaris sorokiniana	NA	1.000	Fungi;Ascomycota;NA;Pleosporales;Pleosporaceae;Bipolaris;Bipolaris sorokiniana
n5402	5402	port_py3_epang_T4	91a68433-01a4-4e03-9d8c-866f43a43484	flagged by test only					Species	Ilex pubescens	Ilex crenata	0.557	Plantae;Tracheophyta;NA;Aquifoliales;Aquifoliaceae;Ilex;Ilex pubescens
n5402	5402	port_py3_epang_T4	91dac453-2ea6-47ef-af0c-320dd2bc26a0	flagged by test only					Species	Ilex venulosa	Ilex khasiana	0.892	Plantae;Tracheophyta;NA;Aquifoliales;Aquifoliaceae;Ilex;Ilex venulosa
n5402	5402	port_py3_epang_T4	9352596d-2fe2-4cf4-9042-9a0ba709198d	flagged by test only					Species	Bipolaris sacchari	Bipolaris sorokiniana	0.825	Fungi;Ascomycota;NA;Pleosporales;Pleosporaceae;Bipolaris;Bipolaris sacchari
n5402	5402	port_py3_epang_T4	93b03229-92b3-49ee-8326-4280a23ac3b5	flagged by test only					Species	Scorzonera laciniata	NA	0.544	Plantae;Tracheophyta;NA;Asterales;Asteraceae;Scorzonera;Scorzonera laciniata
n5402	5402	port_py3_epang_T4	941d10d9-701c-451f-bc40-0d8c856862ef	flagged by test only					Species	Actinidia hemsleyana	Actinidia rufa	0.509	Plantae;Tracheophyta;NA;Ericales;Actinidiaceae;Actinidia;Actinidia hemsleyana
n5402	5402	port_py3_epang_T4	97f0611a-3880-4841-8ab7-624a9b2c3f8c	flagged by test only					Kingdom	Plantae	Fungi	1.000	Plantae;Tracheophyta;NA;Poales;Cyperaceae;Carex;Carex acuta
n5402	5402	port_py3_epang_T4	97f25c77-22f3-4bc3-b53f-c1e9033a9736	flagged by test only					Species	Mucuna samarensis	Mucuna gigantea	0.993	Plantae;Tracheophyta;NA;Fabales;Fabaceae;Mucuna;Mucuna samarensis
n5402	5402	port_py3_epang_T4	9cc6abec-4a39-4923-b3e4-0c2e9c2e9c89	flagged by test only					Family	NA	Aspergillaceae	0.863	Fungi;Ascomycota;NA;Eurotiales;NA;NA;NA
n5402	5402	port_py3_epang_T4	9cd1e107-404e-4c74-a73b-7ea345e9497e	flagged by test only					Species	Ilex hippocrateoides	Ilex dumosa	0.562	Plantae;Tracheophyta;NA;Aquifoliales;Aquifoliaceae;Ilex;Ilex hippocrateoides
n5402	5402	port_py3_epang_T4	9d4b22f7-024c-4524-8036-5220a2b665f4	flagged by test only					Kingdom	Plantae	Fungi	1.000	Plantae;Chlorophyta;NA;Chlamydomonadales;Chlamydomonadaceae;Chlamydomonas
n5402	5402	port_py3_epang_T4	a2611942-3783-4cd8-8fc9-fcad4bd99af3	flagged by test only					Species	NA	Nymphaea candida	0.510	Plantae;Tracheophyta;NA;Nymphaeales;Nymphaeaceae;Nymphaea;NA
n5402	5402	port_py3_epang_T4	a50adb88-9deb-44bc-9799-b0a4e697a640	flagged by test only					Species	Ilex ficoidea	Ilex rotunda	1.000	Plantae;Tracheophyta;NA;Aquifoliales;Aquifoliaceae;Ilex;Ilex ficoidea
n5402	5402	port_py3_epang_T4	a5c3105a-bb21-4de5-b0f6-02842a4890e1	flagged by test only					Species	Primula algida	Cortusa matthioli	1.000	Plantae;Tracheophyta;NA;Ericales;Primulaceae;Primula;Primula algida
n5402	5402	port_py3_epang_T4	a824afba-bc21-468f-b735-7243e29a04f0	flagged by test only					Species	Ilex pseudobuxus	Ilex canariensis	1.000	Plantae;Tracheophyta;NA;Aquifoliales;Aquifoliaceae;Ilex;Ilex pseudobuxus
n5402	5402	port_py3_epang_T4	a978ee1b-d8d2-49a6-a534-b823abf82774	flagged by test only					Phylum	NA	Ascomycota	1.000	Fungi;NA;NA;NA;NA;NA;NA
n5402	5402	port_py3_epang_T4	abc0c41f-0a5b-488a-b4b0-7ac175fbe93c	flagged by test only					Phylum	NA	Ascomycota	0.992	Fungi;NA;NA;NA;NA;NA;NA
n5402	5402	port_py3_epang_T4	b19d309d-00ab-428c-b57b-1a9754934ead	flagged by test only					Kingdom	Fungi	Plantae	1.000	Fungi;NA;NA;NA;NA;NA;NA
n5402	5402	port_py3_epang_T4	b546cfd2-80aa-417d-831f-5417c7bbe5be	flagged by test only					Kingdom	Fungi	Plantae	1.000	Fungi;NA;NA;NA;NA;NA;NA
n5402	5402	port_py3_epang_T4	bae76422-d061-4798-a28d-8c1d9e3bdd82	flagged by test only					Species	Bipolaris sorokiniana	NA	1.000	Fungi;Ascomycota;NA;Pleosporales;Pleosporaceae;Bipolaris;Bipolaris sorokiniana
n5402	5402	port_py3_epang_T4	bebd605a-537e-43ec-a745-504fc697054a	flagged by test only					Species	NA	__TAXCLUSTER14__Ilex lohfauensis	0.838	Plantae;Tracheophyta;NA;Aquifoliales;Aquifoliaceae;Ilex;NA
n5402	5402	port_py3_epang_T4	bfe0b73e-c402-4d9e-a93f-a121bf41644b	flagged by test only					Species	Ilex dumosa	Ilex canariensis	1.000	Plantae;Tracheophyta;NA;Aquifoliales;Aquifoliaceae;Ilex;Ilex dumosa
n5402	5402	port_py3_epang_T4	c374a931-2950-482d-98be-4bc6dc0dd66e	flagged by test only					Order	Nymphaeales	Ericales	1.000	Plantae;Tracheophyta;NA;Nymphaeales;Nymphaeaceae;Nymphaea;Nymphaea colorata
n5402	5402	port_py3_epang_T4	c4f9584a-ec7a-4088-9fef-86e6d7ad9249	flagged by test only					Species	Ilex pseudobuxus	Ilex microdonta	0.580	Plantae;Tracheophyta;NA;Aquifoliales;Aquifoliaceae;Ilex;Ilex pseudobuxus
n5402	5402	port_py3_epang_T4	c87e46f3-3d7b-4b19-aef7-a5e12844bec4	flagged by test only					Phylum	NA	Ascomycota	1.000	Fungi;NA;NA;NA;NA;NA;NA
n5402	5402	port_py3_epang_T4	cc5010c5-5d72-4200-b889-b1a810113468	flagged by test only					Phylum	NA	Ascomycota	1.000	Fungi;NA;NA;NA;NA;NA;NA
n5402	5402	port_py3_epang_T4	cd163a3c-377a-40f6-90a5-6d133c5743d0	flagged by test only					Species	Primula moupinensis	__TAXCLUSTER10__Primula helodoxa	0.825	Plantae;Tracheophyta;NA;Ericales;Primulaceae;Primula;Primula moupinensis
n5402	5402	port_py3_epang_T4	cf97ea73-785a-42ff-8d69-7e8550709569	flagged by test only					Species	Primula latifolia	Primula marginata	0.510	Plantae;Tracheophyta;NA;Ericales;Primulaceae;Primula;Primula latifolia
n5402	5402	port_py3_epang_T4	d1ec4ad5-520b-4410-8e28-bea482f8498b	flagged by test only					Species	Bipolaris bicolor	NA	0.952	Fungi;Ascomycota;NA;Pleosporales;Pleosporaceae;Bipolaris;Bipolaris bicolor
n5402	5402	port_py3_epang_T4	d4e326a4-78ba-4884-920d-5df7177e6abf	flagged by test only					Species	Ilex cochinchinensis	__TAXCLUSTER9__Ilex verticillata	0.450	Plantae;Tracheophyta;NA;Aquifoliales;Aquifoliaceae;Ilex;Ilex cochinchinensis
n5402	5402	port_py3_epang_T4	db1f584c-f3d4-4780-ad3e-76e4eca73d40	flagged by test only					Species	Ilex brasiliensis	Ilex pseudobuxus	1.000	Plantae;Tracheophyta;NA;Aquifoliales;Aquifoliaceae;Ilex;Ilex brasiliensis
n5402	5402	port_py3_epang_T4	dc78e940-a731-4224-8e54-2a8a5137fa9d	flagged by test only					Family	NA	Aspergillaceae	1.000	Fungi;Ascomycota;NA;Eurotiales;NA;NA;NA
n5402	5402	port_py3_epang_T4	de9e5304-b1cf-4b34-b848-8dd054541d93	flagged by test only					Species	Asterochloris irregularis	NA	0.743	Plantae;Chlorophyta;NA;Microthamniales;NA;Asterochloris;Asterochloris irregularis
n5402	5402	port_py3_epang_T4	e42c4c5b-b070-4e9f-b57e-31393155e70c	flagged by test only					Species	Scenedesmus basiliensis	NA	0.891	Plantae;Chlorophyta;NA;Sphaeropleales;Scenedesmaceae;Scenedesmus;Scenedesmus basiliensis
n5402	5402	port_py3_epang_T4	e68f9041-91fb-4252-8e25-68b758bf5555	flagged by test only					Phylum	NA	Ascomycota	1.000	Fungi;NA;NA;NA;NA;NA;NA
n5402	5402	port_py3_epang_T4	eb839d67-c3e2-43b8-ae28-d4fc38c62a39	flagged by test only					Kingdom	Plantae	Fungi	1.000	Plantae;Tracheophyta;NA;Poales;Cyperaceae;Carex;Carex acutiformis
n5402	5402	port_py3_epang_T4	edd2429a-216d-4e65-aee9-ba781ed01f88	flagged by test only					Species	Bipolaris sacchari	Bipolaris sorokiniana	0.825	Fungi;Ascomycota;NA;Pleosporales;Pleosporaceae;Bipolaris;Bipolaris sacchari
n5402	5402	port_py3_epang_T4	eea84bc7-417b-43f8-b7e0-dd6d5fa18070	flagged by test only					Species	Ilex cochinchinensis	__TAXCLUSTER9__Ilex verticillata	0.450	Plantae;Tracheophyta;NA;Aquifoliales;Aquifoliaceae;Ilex;Ilex cochinchinensis
n5402	5402	port_py3_epang_T4	f05d5498-bf33-420d-bd43-4c4190720f64	flagged by test only					Species	Primula algida	Cortusa matthioli	1.000	Plantae;Tracheophyta;NA;Ericales;Primulaceae;Primula;Primula algida
n5402	5402	port_py3_epang_T4	f1c3d30e-ec8e-4ef4-8d9b-0bfc4aec585e	flagged by test only					Phylum	NA	Ascomycota	1.000	Fungi;NA;NA;NA;NA;NA;NA
n5402	5402	port_py3_epang_T4	f6a20e51-3b38-46c4-9b35-cda4706b148a	flagged by test only					Species	NA	Nymphaea candida	0.510	Plantae;Tracheophyta;NA;Nymphaeales;Nymphaeaceae;Nymphaea;NA
n5402	5402	port_py3_epang_T4	fa7b9820-6dd1-4496-b573-66927e998ba7	flagged by test only					Species	NA	__TAXCLUSTER14__Ilex lohfauensis	0.838	Plantae;Tracheophyta;NA;Aquifoliales;Aquifoliaceae;Ilex;NA
n5402	5402	port_py3_epang_T8	05bd1843-22da-4c7a-be34-c341622261bb	same rank, other proposal	Species	__TAXCLUSTER7__Scorzonera alpigena	Scorzonera laciniata	0.501	Species	__TAXCLUSTER7__Scorzonera alpigena	NA	0.544	Plantae;Tracheophyta;NA;Asterales;Asteraceae;Scorzonera;__TAXCLUSTER7__Scorzonera alpigena
n5402	5402	port_py3_epang_T8	078e8af4-d147-40ec-92aa-d3bad38c19d3	rank differs	Species	Ilex pubescens	Ilex crenata	1.000	Order	Aquifoliales	Ericales	1.000	Plantae;Tracheophyta;NA;Aquifoliales;Aquifoliaceae;Ilex;Ilex pubescens
n5402	5402	port_py3_epang_T8	08aa7f7b-5658-49b6-83d5-469223baad9e	same rank, other proposal	Species	Scorzonera cana	Scorzonera laciniata	0.501	Species	Scorzonera cana	NA	0.544	Plantae;Tracheophyta;NA;Asterales;Asteraceae;Scorzonera;Scorzonera cana
n5402	5402	port_py3_epang_T8	0a203e5c-1a0d-4d8d-9ed3-28f79a23e777	rank differs	Phylum	Ascomycota	NA	0.979	Family	NA	Aspergillaceae	1.000	Fungi;Ascomycota;NA;Eurotiales;NA;NA;NA
n5402	5402	port_py3_epang_T8	0b7d5e7e-6c0b-4b4f-8ec0-e3134ba5d7ab	rank differs	Species	Ilex kaushue	Ilex crenata	1.000	Order	Aquifoliales	Ericales	1.000	Plantae;Tracheophyta;NA;Aquifoliales;Aquifoliaceae;Ilex;Ilex kaushue
n5402	5402	port_py3_epang_T8	0bbb8054-db0f-4d6a-8602-ab0955279993	same rank, other proposal	Species	NA	Ilex pseudobuxus	0.810	Species	NA	Ilex microdonta	0.580	Plantae;Tracheophyta;NA;Aquifoliales;Aquifoliaceae;Ilex;NA
n5402	5402	port_py3_epang_T8	0c1db646-f2ad-4dad-99a8-0a9e175bd235	same rank, other proposal	Species	NA	Primula veris	0.979	Species	NA	Primula x uzungolensis	1.000	Plantae;Tracheophyta;NA;Ericales;Primulaceae;Primula;NA
n5402	5402	port_py3_epang_T8	0fbcec05-2139-4f90-86ca-d6156da61682	rank differs	Phylum	Ascomycota	NA	0.979	Genus	NA	Aspergillus	1.000	Fungi;Ascomycota;NA;Eurotiales;Aspergillaceae;NA;NA
n5402	5402	port_py3_epang_T8	0fc404e0-10c3-4178-b611-e127391f3978	same rank, other proposal	Phylum	NA	Rozellomycota	0.833	Phylum	NA	Basidiomycota	1.000	Fungi;NA;NA;NA;NA;NA;NA
n5402	5402	port_py3_epang_T8	12e2abec-726f-41a5-b391-af17d8ceee0a	rank differs	Species	Ilex vomitoria	Ilex crenata	1.000	Order	Aquifoliales	Ericales	1.000	Plantae;Tracheophyta;NA;Aquifoliales;Aquifoliaceae;Ilex;Ilex vomitoria
n5402	5402	port_py3_epang_T8	1725da22-c0dc-4cc9-b78a-398764d5ffdd	rank differs	Phylum	Ascomycota	NA	0.955	Family	Aspergillaceae	NA	0.970	Fungi;Ascomycota;NA;Eurotiales;Aspergillaceae;Aspergillus;NA
n5402	5402	port_py3_epang_T8	182bd40a-8685-4983-b0b4-91db409ba8b7	rank differs	Species	Ilex asprella	Ilex crenata	1.000	Order	Aquifoliales	Ericales	1.000	Plantae;Tracheophyta;NA;Aquifoliales;Aquifoliaceae;Ilex;Ilex asprella
n5402	5402	port_py3_epang_T8	1843d5a8-d171-4269-bab8-3b107f9fe3f7	rank differs	Species	__TAXCLUSTER6__Ilex lihuaiensis	Ilex crenata	1.000	Order	Aquifoliales	Ericales	1.000	Plantae;Tracheophyta;NA;Aquifoliales;Aquifoliaceae;Ilex;__TAXCLUSTER6__Ilex lihuaiensis
n5402	5402	port_py3_epang_T8	1ebef10b-e0c3-473f-b096-28593bacb8a0	rank differs	Species	Scorzonera humilis	NA	0.480	Genus	Scorzonera	Avellara	0.474	Plantae;Tracheophyta;NA;Asterales;Asteraceae;Scorzonera;Scorzonera humilis
n5402	5402	port_py3_epang_T8	1f5a8bd7-dfaf-435c-bf95-cf12f60d07c5	same rank, other proposal	Order	Asterales	Aquifoliales	0.993	Order	Asterales	Ericales	1.000	Plantae;Tracheophyta;NA;Asterales;Asteraceae;Scorzonera;Scorzonera mongolica
n5402	5402	port_py3_epang_T8	213df940-1c78-4d7b-b0e7-9f349fe330e7	rank differs	Species	Scorzonera hirsuta	Gelasia caespitosa	0.509	Genus	Gelasia	Scorzonera	1.000	Plantae;Tracheophyta;NA;Asterales;Asteraceae;Gelasia;Scorzonera hirsuta
n5402	5402	port_py3_epang_T8	21e7049f-da4a-4160-9460-94526c710175	rank differs	Phylum	Ascomycota	NA	0.979	Genus	NA	Aspergillus	1.000	Fungi;Ascomycota;NA;Eurotiales;Aspergillaceae;NA;NA
n5402	5402	port_py3_epang_T8	220c0935-d999-4046-beb0-5c85b36955c9	same rank, other proposal	Species	Ilex kunthiana	Ilex dumosa	0.741	Species	Ilex kunthiana	Ilex canariensis	1.000	Plantae;Tracheophyta;NA;Aquifoliales;Aquifoliaceae;Ilex;Ilex kunthiana
n5402	5402	port_py3_epang_T8	227576b0-4698-4add-9e64-c0916b04df57	rank differs	Species	Ilex pubilimba	Ilex crenata	1.000	Order	Aquifoliales	Ericales	1.000	Plantae;Tracheophyta;NA;Aquifoliales;Aquifoliaceae;Ilex;Ilex pubilimba
n5402	5402	port_py3_epang_T8	2570e0d5-a798-4f03-a215-866c1f10ff35	same rank, other proposal	Species	Primula scotica	Primula farinosa	0.712	Species	Primula scotica	NA	0.959	Plantae;Tracheophyta;NA;Ericales;Primulaceae;Primula;Primula scotica
n5402	5402	port_py3_epang_T8	273b6209-05d7-45f9-8c64-c0bec9d1e371	same rank, other proposal	Species	Scorzonera grossheimii	Scorzonera laciniata	0.501	Species	Scorzonera grossheimii	NA	0.544	Plantae;Tracheophyta;NA;Asterales;Asteraceae;Scorzonera;Scorzonera grossheimii
n5402	5402	port_py3_epang_T8	2ec4062a-2809-4004-865d-def13ca02814	same rank, other proposal	Species	NA	Primula elatior	0.980	Species	NA	Primula x uzungolensis	1.000	Plantae;Tracheophyta;NA;Ericales;Primulaceae;Primula;NA
n5402	5402	port_py3_epang_T8	305639da-85cd-49ef-91d9-f4d119c01724	rank differs	Phylum	Ascomycota	NA	0.979	Family	NA	Aspergillaceae	1.000	Fungi;Ascomycota;NA;Eurotiales;NA;NA;NA
n5402	5402	port_py3_epang_T8	340ecea6-e835-4bdb-a975-2a1cf50d575b	same rank, other proposal	Species	NA	Primula kisoana	0.747	Species	NA	Primula saxatilis	0.499	Plantae;Tracheophyta;NA;Ericales;Primulaceae;Primula;NA
n5402	5402	port_py3_epang_T8	34565678-fd21-43bc-bdfd-81857813d66b	rank differs	Phylum	Ascomycota	NA	0.979	Family	NA	Aspergillaceae	1.000	Fungi;Ascomycota;NA;Eurotiales;NA;NA;NA
n5402	5402	port_py3_epang_T8	34ca8033-eabf-4e9e-85e3-1337b6a7131b	same rank, other proposal	Species	Primula elatior	Primula veris	0.979	Species	Primula elatior	Primula x uzungolensis	1.000	Plantae;Tracheophyta;NA;Ericales;Primulaceae;Primula;Primula elatior
n5402	5402	port_py3_epang_T8	35a682cd-60a0-4657-9fa6-873150bbc104	same rank, other proposal	Species	Primula elatior	Primula vulgaris	0.912	Species	Primula elatior	Primula x uzungolensis	1.000	Plantae;Tracheophyta;NA;Ericales;Primulaceae;Primula;Primula elatior
n5402	5402	port_py3_epang_T8	3664c370-2674-4557-8f11-f9dc7a68fef7	same rank, other proposal	Species	Bouteloua reflexa	Bouteloua warnockii	0.981	Species	Bouteloua reflexa	Bouteloua media	0.972	Plantae;Tracheophyta;NA;Poales;Poaceae;Bouteloua;Bouteloua reflexa
n5402	5402	port_py3_epang_T8	3958b67b-d016-42ed-a0ac-8b1723a9c5c6	same rank, other proposal	Species	Primula veris	Primula elatior	0.979	Species	Primula veris	Primula x uzungolensis	1.000	Plantae;Tracheophyta;NA;Ericales;Primulaceae;Primula;Primula veris
n5402	5402	port_py3_epang_T8	39d999e3-3059-4282-9311-cce17771d95e	same rank, other proposal	Species	Scorzonera hirsuta	Gelasia sandrasica	0.509	Species	Scorzonera hirsuta	Gelasia doriae	0.505	Plantae;Tracheophyta;NA;Asterales;Asteraceae;Gelasia;Scorzonera hirsuta
n5402	5402	port_py3_epang_T8	3a9bea8c-2003-4a51-bc5b-f3bd71a29006	same rank, other proposal	Species	NA	Primula vulgaris	0.940	Species	NA	Primula x uzungolensis	1.000	Plantae;Tracheophyta;NA;Ericales;Primulaceae;Primula;NA
n5402	5402	port_py3_epang_T8	3f6abd7f-f0d5-443f-a389-a6eee27f6f9c	same rank, other proposal	Species	Primula kialensis	Primula auriculata	0.855	Species	Primula kialensis	NA	0.617	Plantae;Tracheophyta;NA;Ericales;Primulaceae;Primula;Primula kialensis
n5402	5402	port_py3_epang_T8	42a9c432-23cb-47a3-b43b-99f3dfa459d2	rank differs	Genus	Scorzonera	Gelasia	0.999	Species	Scorzonera pseudolanata	NA	0.533	Plantae;Tracheophyta;NA;Asterales;Asteraceae;Scorzonera;Scorzonera pseudolanata
n5402	5402	port_py3_epang_T8	43fe052b-33c4-438e-8b4b-ef63fd2f3580	rank differs	Species	__TAXCLUSTER1__Ilex sugerokii	Ilex crenata	1.000	Order	Aquifoliales	Ericales	1.000	Plantae;Tracheophyta;NA;Aquifoliales;Aquifoliaceae;Ilex;__TAXCLUSTER1__Ilex sugerokii
n5402	5402	port_py3_epang_T8	47c27189-c720-45d4-82ae-1156544c899c	same rank, other proposal	Order	Caryophyllales	Aquifoliales	1.000	Order	Caryophyllales	Ericales	1.000	Plantae;Tracheophyta;NA;Caryophyllales;Caryophyllaceae;Saponaria;Saponaria officinalis
n5402	5402	port_py3_epang_T8	4927ad31-95e2-47c5-acc2-e15d6dabac3d	same rank, other proposal	Species	Scorzonera cana	Scorzonera laciniata	0.501	Species	Scorzonera cana	NA	0.544	Plantae;Tracheophyta;NA;Asterales;Asteraceae;Scorzonera;Scorzonera cana
n5402	5402	port_py3_epang_T8	49b03b88-ea7d-4272-a021-e022a3956e26	same rank, other proposal	Species	Scorzonera meyeri	Scorzonera laciniata	0.505	Species	Scorzonera meyeri	NA	0.549	Plantae;Tracheophyta;NA;Asterales;Asteraceae;Scorzonera;Scorzonera meyeri
n5402	5402	port_py3_epang_T8	4d80381b-695e-4280-bc97-49c12f8a19b6	same rank, other proposal	Species	Ilex kunthiana	Ilex dumosa	0.741	Species	Ilex kunthiana	Ilex canariensis	1.000	Plantae;Tracheophyta;NA;Aquifoliales;Aquifoliaceae;Ilex;Ilex kunthiana
n5402	5402	port_py3_epang_T8	53584a46-159d-4857-86fb-41e26873c3bb	same rank, other proposal	Order	Asterales	Aquifoliales	1.000	Order	Asterales	Ericales	1.000	Plantae;Tracheophyta;NA;Asterales;Asteraceae;Koelpinia;Koelpinia linearis
n5402	5402	port_py3_epang_T8	560fd394-29fa-472d-9609-bb92d7f82113	same rank, other proposal	Species	Nymphaea caerulea	Nymphaea thermarum	0.499	Species	Nymphaea caerulea	NA	0.771	Plantae;Tracheophyta;NA;Nymphaeales;Nymphaeaceae;Nymphaea;Nymphaea caerulea
n5402	5402	port_py3_epang_T8	575cae70-a08a-4ff5-8aa5-48605c5605e6	same rank, other proposal	Genus	Scorzonera	Gelasia	0.417	Genus	Scorzonera	Takhtajaniantha	0.508	Plantae;Tracheophyta;NA;Asterales;Asteraceae;Scorzonera;Scorzonera pseudolanata
n5402	5402	port_py3_epang_T8	5c4c7b4d-3a48-41e6-aa23-16fd38952d2b	rank differs	Phylum	Ascomycota	NA	0.955	Family	Aspergillaceae	NA	0.970	Fungi;Ascomycota;NA;Eurotiales;Aspergillaceae;Aspergillus;NA
n5402	5402	port_py3_epang_T8	5eeac631-a697-4b10-915c-8942b9d0e229	rank differs	Order	Ericales	Aquifoliales	0.995	Family	Actinidiaceae	Primulaceae	1.000	Plantae;Tracheophyta;NA;Ericales;Actinidiaceae;Actinidia;Actinidia valvata
n5402	5402	port_py3_epang_T8	6072c3d3-27f2-4254-b369-2512e90d8d14	same rank, other proposal	Species	__TAXCLUSTER7__Scorzonera alpigena	Scorzonera laciniata	0.501	Species	__TAXCLUSTER7__Scorzonera alpigena	NA	0.544	Plantae;Tracheophyta;NA;Asterales;Asteraceae;Scorzonera;__TAXCLUSTER7__Scorzonera alpigena
n5402	5402	port_py3_epang_T8	637cc4d6-fd74-4920-ac5f-b8df30a53a36	rank differs	Phylum	Marchantiophyta	Tracheophyta	0.814	Kingdom	Plantae	Fungi	1.000	Plantae;Marchantiophyta;NA
n5402	5402	port_py3_epang_T8	6624c4e2-ddf6-463a-bb87-55ad83adf28f	rank differs	Phylum	Ascomycota	NA	0.979	Family	NA	Aspergillaceae	1.000	Fungi;Ascomycota;NA;Eurotiales;NA;NA;NA
n5402	5402	port_py3_epang_T8	69baaf6f-5d3e-4b03-af8e-1c931b920d5e	rank differs	Species	Ilex hirsuta	Ilex crenata	1.000	Order	Aquifoliales	Ericales	1.000	Plantae;Tracheophyta;NA;Aquifoliales;Aquifoliaceae;Ilex;Ilex hirsuta
n5402	5402	port_py3_epang_T8	77429ba3-a76a-41c4-9265-c1547151eb44	rank differs	Order	Ericales	Aquifoliales	0.640	Family	Actinidiaceae	Primulaceae	1.000	Plantae;Tracheophyta;NA;Ericales;Actinidiaceae;Actinidia;Actinidia hemsleyana
n5402	5402	port_py3_epang_T8	82161f98-69aa-4b58-a88a-bb51dc9d4839	rank differs	Phylum	Ascomycota	NA	0.979	Genus	NA	Aspergillus	1.000	Fungi;Ascomycota;NA;Eurotiales;Aspergillaceae;NA;NA
n5402	5402	port_py3_epang_T8	837dbf19-2f7f-4701-8404-f7a8f028d034	rank differs	Phylum	Ascomycota	NA	0.979	Genus	NA	Aspergillus	1.000	Fungi;Ascomycota;NA;Eurotiales;Aspergillaceae;NA;NA
n5402	5402	port_py3_epang_T8	87ff8bcc-1e93-4eda-8ed7-c4769d033b38	rank differs	Phylum	Ascomycota	NA	0.979	Family	NA	Aspergillaceae	1.000	Fungi;Ascomycota;NA;Eurotiales;NA;NA;NA
n5402	5402	port_py3_epang_T8	880bdd32-9d7b-4ab4-89db-8bbe9f1e43c2	same rank, other proposal	Genus	Takhtajaniantha	Gelasia	0.997	Genus	Takhtajaniantha	Scorzonera	0.984	Plantae;Tracheophyta;NA;Asterales;Asteraceae;Takhtajaniantha;Scorzonera latifolia
n5402	5402	port_py3_epang_T8	8c05a66f-5f15-4683-9bfc-dc04343e34c1	rank differs	Species	Ilex serrata	Ilex crenata	1.000	Order	Aquifoliales	Ericales	1.000	Plantae;Tracheophyta;NA;Aquifoliales;Aquifoliaceae;Ilex;Ilex serrata
n5402	5402	port_py3_epang_T8	8c5fca7c-cf67-439d-b0f3-805967bebfcf	rank differs	Order	Ericales	Aquifoliales	0.886	Family	Actinidiaceae	Primulaceae	1.000	Plantae;Tracheophyta;NA;Ericales;Actinidiaceae;Actinidia;Actinidia chrysantha
n5402	5402	port_py3_epang_T8	8cd0e442-47b3-49ee-bd90-4884f9affaba	same rank, other proposal	Species	NA	Nymphaea alba	0.751	Species	NA	Nymphaea candida	0.510	Plantae;Tracheophyta;NA;Nymphaeales;Nymphaeaceae;Nymphaea;NA
n5402	5402	port_py3_epang_T8	93f229cf-1874-48a6-b99f-15d7babd7526	rank differs	Genus	Scorzonera	Gelasia	0.988	Species	Scorzonera virgata	Scorzonera schweinfurthii	0.424	Plantae;Tracheophyta;NA;Asterales;Asteraceae;Scorzonera;Scorzonera virgata
n5402	5402	port_py3_epang_T8	93f887af-fd8f-4f96-968f-32cccdca8a3f	same rank, other proposal	Species	Ilex brevicuspis	Ilex integerrima	0.528	Species	Ilex brevicuspis	Ilex pseudobuxus	1.000	Plantae;Tracheophyta;NA;Aquifoliales;Aquifoliaceae;Ilex;Ilex brevicuspis
n5402	5402	port_py3_epang_T8	9a3f7c67-f7d6-400a-9d3d-91a27b0f34a3	same rank, other proposal	Species	Ilex micrococca	Ilex kwangtungensis	0.816	Species	Ilex micrococca	Ilex canariensis	1.000	Plantae;Tracheophyta;NA;Aquifoliales;Aquifoliaceae;Ilex;Ilex micrococca
n5402	5402	port_py3_epang_T8	9ab4c695-afe7-4ef5-bc35-b49f03885557	rank differs	Phylum	Ascomycota	NA	0.979	Genus	NA	Aspergillus	1.000	Fungi;Ascomycota;NA;Eurotiales;Aspergillaceae;NA;NA
n5402	5402	port_py3_epang_T8	9c27cf65-ba28-47ed-96b7-8f6f8d99ae71	rank differs	Species	Ilex serrata	Ilex crenata	1.000	Order	Aquifoliales	Ericales	1.000	Plantae;Tracheophyta;NA;Aquifoliales;Aquifoliaceae;Ilex;Ilex serrata
n5402	5402	port_py3_epang_T8	9dbad80d-47c7-45ce-ad81-f127aa3a15c0	same rank, other proposal	Species	Primula juliae	Primula vulgaris	0.940	Species	Primula juliae	Primula x uzungolensis	1.000	Plantae;Tracheophyta;NA;Ericales;Primulaceae;Primula;Primula juliae
n5402	5402	port_py3_epang_T8	9f0fc14d-aa4e-42c3-99aa-8d3bce2a1f2e	rank differs	Phylum	Ascomycota	NA	0.979	Genus	NA	Aspergillus	1.000	Fungi;Ascomycota;NA;Eurotiales;Aspergillaceae;NA;NA
n5402	5402	port_py3_epang_T8	a006ece1-ca2b-48d5-ad77-5db17d9a1c3b	same rank, other proposal	Species	Primula elatior	Primula veris	0.979	Species	Primula elatior	Primula x uzungolensis	1.000	Plantae;Tracheophyta;NA;Ericales;Primulaceae;Primula;Primula elatior
n5402	5402	port_py3_epang_T8	a60576b4-b844-4438-adba-1d63e0b39a85	same rank, other proposal	Species	Primula juliae	Primula vulgaris	0.936	Species	Primula juliae	Primula x uzungolensis	1.000	Plantae;Tracheophyta;NA;Ericales;Primulaceae;Primula;Primula juliae
n5402	5402	port_py3_epang_T8	ad6947f1-91f4-4f8d-996d-efc91eff31fc	rank differs	Species	Ilex wuiana	Ilex crenata	1.000	Order	Aquifoliales	Ericales	1.000	Plantae;Tracheophyta;NA;Aquifoliales;Aquifoliaceae;Ilex;Ilex wuiana
n5402	5402	port_py3_epang_T8	af9c2d3b-b6b1-435a-ad27-032c32995a67	rank differs	Species	Ilex chingiana	Ilex crenata	1.000	Order	Aquifoliales	Ericales	1.000	Plantae;Tracheophyta;NA;Aquifoliales;Aquifoliaceae;Ilex;Ilex chingiana
n5402	5402	port_py3_epang_T8	b077ef98-702d-44fd-bf59-dce3a60feb28	same rank, other proposal	Species	Ilex rotunda	Ilex chapaensis	0.505	Species	Ilex rotunda	Ilex canariensis	1.000	Plantae;Tracheophyta;NA;Aquifoliales;Aquifoliaceae;Ilex;Ilex rotunda
n5402	5402	port_py3_epang_T8	b3618231-edc4-4300-a683-5a8bd1c90740	same rank, other proposal	Species	NA	Nymphaea alba	0.751	Species	NA	Nymphaea candida	0.510	Plantae;Tracheophyta;NA;Nymphaeales;Nymphaeaceae;Nymphaea;NA
n5402	5402	port_py3_epang_T8	b4701a75-4e2c-431d-b754-6b6f3ae316ac	same rank, other proposal	Species	Asterochloris irregularis	Asterochloris glomerata	0.433	Species	Asterochloris irregularis	NA	0.476	Plantae;Chlorophyta;NA;Microthamniales;NA;Asterochloris;Asterochloris irregularis
n5402	5402	port_py3_epang_T8	b5563c97-428d-4eda-a643-59ff263f09ef	rank differs	Order	Ericales	Aquifoliales	0.995	Family	Actinidiaceae	Primulaceae	1.000	Plantae;Tracheophyta;NA;Ericales;Actinidiaceae;Actinidia;Actinidia macrosperma
n5402	5402	port_py3_epang_T8	b570e38a-d475-4089-b7d3-522005613173	rank differs	Species	Ilex opaca	Ilex crenata	1.000	Order	Aquifoliales	Ericales	1.000	Plantae;Tracheophyta;NA;Aquifoliales;Aquifoliaceae;Ilex;Ilex opaca
n5402	5402	port_py3_epang_T8	b6d8728e-79f1-4161-a00d-e44d0d55b6f9	same rank, other proposal	Species	Scorzonera laciniata	NA	0.731	Species	Scorzonera laciniata	Scorzonera cana	1.000	Plantae;Tracheophyta;NA;Asterales;Asteraceae;Scorzonera;Scorzonera laciniata
n5402	5402	port_py3_epang_T8	bde14395-f274-48a3-bc79-04715c5e53a4	rank differs	Phylum	Ascomycota	NA	0.955	Family	Aspergillaceae	NA	0.970	Fungi;Ascomycota;NA;Eurotiales;Aspergillaceae;Aspergillus;NA
n5402	5402	port_py3_epang_T8	c53a3dc1-f43c-4d83-8903-b38499f3e58b	same rank, other proposal	Species	Primula stricta	Primula farinosa	0.845	Species	Primula stricta	NA	0.862	Plantae;Tracheophyta;NA;Ericales;Primulaceae;Primula;Primula stricta
n5402	5402	port_py3_epang_T8	cd4e2083-973a-4df4-a7d0-ee6cda500a7e	rank differs	Species	Ilex corallina	Ilex crenata	1.000	Order	Aquifoliales	Ericales	1.000	Plantae;Tracheophyta;NA;Aquifoliales;Aquifoliaceae;Ilex;Ilex corallina
n5402	5402	port_py3_epang_T8	d4f2401d-c954-41b4-ad91-5ed39944a1c7	same rank, other proposal	Species	Primula elatior	Primula vulgaris	0.920	Species	Primula elatior	Primula x uzungolensis	1.000	Plantae;Tracheophyta;NA;Ericales;Primulaceae;Primula;Primula elatior
n5402	5402	port_py3_epang_T8	d5331c5d-abaa-44fe-b433-8bd111bd6103	rank differs	Phylum	Ascomycota	NA	0.979	Family	NA	Aspergillaceae	1.000	Fungi;Ascomycota;NA;Eurotiales;NA;NA;NA
n5402	5402	port_py3_epang_T8	d6853e3d-024f-428a-b996-63416a4745a0	same rank, other proposal	Species	Nymphaea micrantha	Nymphaea thermarum	0.499	Species	Nymphaea micrantha	NA	0.771	Plantae;Tracheophyta;NA;Nymphaeales;Nymphaeaceae;Nymphaea;Nymphaea micrantha
n5402	5402	port_py3_epang_T8	d70864c5-a547-42b6-924d-f0c3ea568f80	rank differs	Phylum	Ascomycota	NA	0.979	Family	NA	Aspergillaceae	1.000	Fungi;Ascomycota;NA;Eurotiales;NA;NA;NA
n5402	5402	port_py3_epang_T8	d752c6a7-ab58-446f-b557-83e0b9eee760	rank differs	Species	Ilex cornuta	Ilex crenata	1.000	Order	Aquifoliales	Ericales	1.000	Plantae;Tracheophyta;NA;Aquifoliales;Aquifoliaceae;Ilex;Ilex cornuta
n5402	5402	port_py3_epang_T8	e0232502-b64b-400a-b811-195e793921e8	rank differs	Order	Ericales	Aquifoliales	0.997	Family	Actinidiaceae	Primulaceae	1.000	Plantae;Tracheophyta;NA;Ericales;Actinidiaceae;Actinidia;Actinidia callosa
n5402	5402	port_py3_epang_T8	ece734cb-2da2-4219-b034-e2ab73f6e576	rank differs	Phylum	Ascomycota	NA	0.979	Genus	NA	Aspergillus	1.000	Fungi;Ascomycota;NA;Eurotiales;Aspergillaceae;NA;NA
n5402	5402	port_py3_epang_T8	f3f227ed-3771-471b-954a-acc803114547	same rank, other proposal	Species	Primula handeliana	Primula longipes	0.977	Species	Primula handeliana	Primula dongchuanensis	0.998	Plantae;Tracheophyta;NA;Ericales;Primulaceae;Primula;Primula handeliana
n5402	5402	port_py3_epang_T8	f40f2308-6c0a-49cc-ae56-22a3fcff4a31	rank differs	Phylum	Ascomycota	NA	0.979	Genus	NA	Aspergillus	1.000	Fungi;Ascomycota;NA;Eurotiales;Aspergillaceae;NA;NA
n5402	5402	port_py3_epang_T8	f56e8933-d80f-47a1-ac4b-a2f99f04421c	same rank, other proposal	Species	Scorzonera cana	Scorzonera laciniata	0.505	Species	Scorzonera cana	NA	0.594	Plantae;Tracheophyta;NA;Asterales;Asteraceae;Scorzonera;Scorzonera cana
n5402	5402	port_py3_epang_T8	f7b3c537-4569-4dd7-aa46-bf88b8da640f	rank differs	Species	Ilex formosana	Ilex crenata	1.000	Order	Aquifoliales	Ericales	1.000	Plantae;Tracheophyta;NA;Aquifoliales;Aquifoliaceae;Ilex;Ilex formosana
n5402	5402	port_py3_epang_T8	00ae642b-996d-4801-bb89-c60dad5ab8f8	flagged by reference only	Species	Primula elatior	Primula vulgaris	0.932					Plantae;Tracheophyta;NA;Ericales;Primulaceae;Primula;Primula elatior
n5402	5402	port_py3_epang_T8	03dcd463-dc0a-442f-b02b-3b118fcc9f89	flagged by reference only	Phylum	Ascomycota	NA	0.957					Fungi;Ascomycota;NA;Eurotiales;Aspergillaceae;Aspergillus;NA
n5402	5402	port_py3_epang_T8	04e0400c-1490-4903-9170-5ba14564f7dd	flagged by reference only	Species	Actinidia eriantha	NA	0.600					Plantae;Tracheophyta;NA;Ericales;Actinidiaceae;Actinidia;Actinidia eriantha
n5402	5402	port_py3_epang_T8	05791ae8-96c4-4ca4-862f-42c63d15dba5	flagged by reference only	Species	Bouteloua media	Bouteloua warnockii	0.981					Plantae;Tracheophyta;NA;Poales;Poaceae;Bouteloua;Bouteloua media
n5402	5402	port_py3_epang_T8	071049b9-39fd-4ac9-8713-e574cae880cc	flagged by reference only	Species	NA	Ilex dumosa	0.893					Plantae;Tracheophyta;NA;Aquifoliales;Aquifoliaceae;Ilex;NA
n5402	5402	port_py3_epang_T8	076e5bc3-e127-40cd-a368-db48acd30a11	flagged by reference only	Phylum	Ascomycota	NA	0.990					Fungi;Ascomycota;NA;Eurotiales;Aspergillaceae;Aspergillus;NA
n5402	5402	port_py3_epang_T8	07cc3234-f742-4db1-9602-5aac4c2e1bb6	flagged by reference only	Phylum	Ascomycota	NA	0.979					Fungi;Ascomycota;NA;Eurotiales;Aspergillaceae;Aspergillus;NA
n5402	5402	port_py3_epang_T8	0fdf9944-6815-4705-b17e-f89ce31ad9dc	flagged by reference only	Phylum	Ascomycota	NA	0.979					Fungi;Ascomycota;NA;Eurotiales;Aspergillaceae;Aspergillus;NA
n5402	5402	port_py3_epang_T8	0ff9deda-1c0e-4bc0-bbdc-47daf655941a	flagged by reference only	Phylum	Ascomycota	NA	0.979					Fungi;Ascomycota;NA;Eurotiales;Aspergillaceae;Aspergillus;NA
n5402	5402	port_py3_epang_T8	11e94f0c-7474-4915-9292-eb3f363dbf47	flagged by reference only	Species	Ilex tsoi	Ilex macropoda	0.444					Plantae;Tracheophyta;NA;Aquifoliales;Aquifoliaceae;Ilex;Ilex tsoi
n5402	5402	port_py3_epang_T8	1397aac3-68bb-4c5b-97c4-1719b63228f4	flagged by reference only	Phylum	Ascomycota	NA	0.959					Fungi;Ascomycota;NA;Eurotiales;Aspergillaceae;Aspergillus;NA
n5402	5402	port_py3_epang_T8	14644f0d-0820-4736-a717-f9f0971b1550	flagged by reference only	Species	NA	Ilex latifolia	0.712					Plantae;Tracheophyta;NA;Aquifoliales;Aquifoliaceae;Ilex;NA
n5402	5402	port_py3_epang_T8	14da7cc7-2cc6-4a54-ba9a-da5f612eb809	flagged by reference only	Phylum	Ascomycota	NA	0.957					Fungi;Ascomycota;NA;Eurotiales;Aspergillaceae;Aspergillus;NA
n5402	5402	port_py3_epang_T8	15fe320a-bd05-43c5-9350-d2f7d015b976	flagged by reference only	Species	Scorzonera meshhedensis	NA	0.650					Plantae;Tracheophyta;NA;Asterales;Asteraceae;Scorzonera;Scorzonera meshhedensis
n5402	5402	port_py3_epang_T8	16abc43e-c596-428d-902e-68dbebad42fe	flagged by reference only	Order	Eurotiales	Caliciales	0.482					Fungi;Ascomycota;NA;Eurotiales;Aspergillaceae;Aspergillus;NA
n5402	5402	port_py3_epang_T8	1a36c39a-4914-4d75-a7b3-380c13e5d468	flagged by reference only	Phylum	Ascomycota	NA	0.979					Fungi;Ascomycota;NA;Eurotiales;Aspergillaceae;Aspergillus;NA
n5402	5402	port_py3_epang_T8	1aaace59-026a-4b50-9666-12fe244cd256	flagged by reference only	Species	Scorzonera cana	Scorzonera laciniata	0.505					Plantae;Tracheophyta;NA;Asterales;Asteraceae;Scorzonera;Scorzonera cana
n5402	5402	port_py3_epang_T8	1ac1131b-fc44-4a7f-b4c9-39aef53aacd6	flagged by reference only	Phylum	Ascomycota	NA	0.979					Fungi;Ascomycota;NA;Eurotiales;Aspergillaceae;Aspergillus;NA
n5402	5402	port_py3_epang_T8	1b439a0b-ec06-491e-bbea-3c918fa05089	flagged by reference only	Phylum	Ascomycota	NA	0.946					Fungi;Ascomycota;NA;Eurotiales;Aspergillaceae;Aspergillus;NA
n5402	5402	port_py3_epang_T8	1b5f2ed7-24db-4c38-a313-02f216154b3d	flagged by reference only	Phylum	Ascomycota	NA	0.979					Fungi;Ascomycota;NA;Eurotiales;Aspergillaceae;Aspergillus;NA
n5402	5402	port_py3_epang_T8	1ce6e2e4-35e9-437d-8f63-2e53e508cb1c	flagged by reference only	Species	Nymphaea odorata	Nymphaea mexicana	0.510					Plantae;Tracheophyta;NA;Nymphaeales;Nymphaeaceae;Nymphaea;Nymphaea odorata
n5402	5402	port_py3_epang_T8	1f07f72d-8296-485a-9c1b-df0e328b1968	flagged by reference only	Species	Ilex crenata	Ilex venusta	0.755					Plantae;Tracheophyta;NA;Aquifoliales;Aquifoliaceae;Ilex;Ilex crenata
n5402	5402	port_py3_epang_T8	23d0cbcd-95ec-4424-887b-a8de64e50d49	flagged by reference only	Species	Primula elatior	Primula vulgaris	0.822					Plantae;Tracheophyta;NA;Ericales;Primulaceae;Primula;Primula elatior
n5402	5402	port_py3_epang_T8	26a97b41-adb7-419e-b846-9fc2766b44a6	flagged by reference only	Phylum	Ascomycota	NA	0.979					Fungi;Ascomycota;NA;Eurotiales;Aspergillaceae;Aspergillus;NA
n5402	5402	port_py3_epang_T8	2cefc528-3e88-4f9c-99cd-de22c20a2745	flagged by reference only	Species	NA	Primula auriculata	0.834					Plantae;Tracheophyta;NA;Ericales;Primulaceae;Primula;NA
n5402	5402	port_py3_epang_T8	3094c049-8a9f-48f0-a1e3-5187aac72b2b	flagged by reference only	Phylum	Ascomycota	NA	0.961					Fungi;Ascomycota;NA;Eurotiales;Aspergillaceae;Aspergillus;NA
n5402	5402	port_py3_epang_T8	32566fde-00ff-4522-b9f2-d20abdfabb4a	flagged by reference only	Species	NA	Scorzonera laciniata	0.501					Plantae;Tracheophyta;NA;Asterales;Asteraceae;Scorzonera;NA
n5402	5402	port_py3_epang_T8	328ba0a4-5b74-48b5-8dd9-fc49e27c76df	flagged by reference only	Species	Primula reinii	Primula jesoana	0.848					Plantae;Tracheophyta;NA;Ericales;Primulaceae;Primula;Primula reinii
n5402	5402	port_py3_epang_T8	334f9b2a-c11d-4004-8187-c57495f32044	flagged by reference only	Species	Primula nivalis	Primula longipes	0.901					Plantae;Tracheophyta;NA;Ericales;Primulaceae;Primula;Primula nivalis
n5402	5402	port_py3_epang_T8	33c1c868-a488-4696-b41c-d711dff0b706	flagged by reference only	Phylum	Ascomycota	NA	0.979					Fungi;Ascomycota;NA;Eurotiales;Aspergillaceae;Aspergillus;NA
n5402	5402	port_py3_epang_T8	3714416d-0f4c-4611-a62b-2c9cbe09d0f8	flagged by reference only	Species	NA	Ilex chinensis	0.964					Plantae;Tracheophyta;NA;Aquifoliales;Aquifoliaceae;Ilex;NA
n5402	5402	port_py3_epang_T8	3bc2fd39-492c-45fb-90ca-2123e59b6a6b	flagged by reference only	Phylum	Ascomycota	NA	0.979					Fungi;Ascomycota;NA;Eurotiales;Aspergillaceae;Aspergillus;NA
n5402	5402	port_py3_epang_T8	3c6b4584-945c-43eb-b023-47dc571558c7	flagged by reference only	Species	Asterochloris irregularis	Asterochloris glomerata	0.433					Plantae;Chlorophyta;NA;Microthamniales;NA;Asterochloris;Asterochloris irregularis
n5402	5402	port_py3_epang_T8	3e2926e5-ee59-43eb-917e-28902cce4097	flagged by reference only	Species	Bipolaris sorokiniana	NA	0.999					Fungi;Ascomycota;NA;Pleosporales;Pleosporaceae;Bipolaris;Bipolaris sorokiniana
n5402	5402	port_py3_epang_T8	3fc66a6e-8cb6-4775-bba6-34a263c36c8a	flagged by reference only	Species	Scorzonera cana	Scorzonera laciniata	0.477					Plantae;Tracheophyta;NA;Asterales;Asteraceae;Scorzonera;Scorzonera cana
n5402	5402	port_py3_epang_T8	40e6c789-8b27-49b5-b2d3-f116be0b9f6d	flagged by reference only	Phylum	Ascomycota	NA	0.979					Fungi;Ascomycota;NA;Eurotiales;Aspergillaceae;Aspergillus;NA
n5402	5402	port_py3_epang_T8	43d1f2da-cd5a-4920-b63c-9cad47de73d6	flagged by reference only	Species	Scorzonera rupicola	NA	0.502					Plantae;Tracheophyta;NA;Asterales;Asteraceae;Scorzonera;Scorzonera rupicola
n5402	5402	port_py3_epang_T8	452f6a8a-c1a5-4fa6-883a-54b6d712f01b	flagged by reference only	Species	Primula poissonii	__TAXCLUSTER16__Primula miyabeana	0.899					Plantae;Tracheophyta;NA;Ericales;Primulaceae;Primula;Primula poissonii
n5402	5402	port_py3_epang_T8	467f2e49-f2a1-4fbe-b785-b7f446063d23	flagged by reference only	Phylum	Ascomycota	NA	0.979					Fungi;Ascomycota;NA;Eurotiales;Aspergillaceae;Aspergillus;NA
n5402	5402	port_py3_epang_T8	46d3f9b1-961a-41e2-983c-769a9c14c552	flagged by reference only	Species	Bouteloua media	Bouteloua warnockii	0.981					Plantae;Tracheophyta;NA;Poales;Poaceae;Bouteloua;Bouteloua media
n5402	5402	port_py3_epang_T8	4799bbd3-6f74-478a-a51c-f7212f1b61a9	flagged by reference only	Species	Primula matthioli	Cortusa matthioli	1.000					Plantae;Tracheophyta;NA;Ericales;Primulaceae;Primula;Primula matthioli
n5402	5402	port_py3_epang_T8	48a13c9c-9be2-49d3-bfce-402636c5db17	flagged by reference only	Species	NA	Ilex chapaensis	0.505					Plantae;Tracheophyta;NA;Aquifoliales;Aquifoliaceae;Ilex;NA
n5402	5402	port_py3_epang_T8	49efd852-fc8c-47f1-b315-403a54e85348	flagged by reference only	Phylum	Basidiomycota	NA	1.000					Fungi;Basidiomycota;NA;Cantharellales;Tulasnellaceae;NA;NA
n5402	5402	port_py3_epang_T8	4b70afd0-e960-4fcd-bdc0-9e4bb7a5cd99	flagged by reference only	Phylum	Ascomycota	NA	0.979					Fungi;Ascomycota;NA;Eurotiales;Aspergillaceae;Aspergillus;NA
n5402	5402	port_py3_epang_T8	4c58a234-9a0a-4052-b074-618b7c5ea398	flagged by reference only	Species	Primula auricula	Primula marginata	0.440					Plantae;Tracheophyta;NA;Ericales;Primulaceae;Primula;Primula auricula
n5402	5402	port_py3_epang_T8	4f5a77c5-9ee4-46d5-b095-8a1600ddb6ef	flagged by reference only	Phylum	Ascomycota	NA	0.979					Fungi;Ascomycota;NA;Eurotiales;Aspergillaceae;Aspergillus;NA
n5402	5402	port_py3_epang_T8	4fd4c436-cbab-44bf-956f-f676fcb68535	flagged by reference only	Phylum	Ascomycota	NA	0.979					Fungi;Ascomycota;NA;Eurotiales;Aspergillaceae;Aspergillus;NA
n5402	5402	port_py3_epang_T8	4fdc2d5c-fe5d-4273-908e-6785b6f69cb7	flagged by reference only	Phylum	Ascomycota	NA	0.955					Fungi;Ascomycota;NA;Eurotiales;NA;NA;NA
n5402	5402	port_py3_epang_T8	51702362-1a19-42f3-8fd4-f5abcbbe0310	flagged by reference only	Genus	Scorzonera	Gelasia	0.999					Plantae;Tracheophyta;NA;Asterales;Asteraceae;Scorzonera;NA
n5402	5402	port_py3_epang_T8	5193a508-56a2-4b50-9133-81a981faa97c	flagged by reference only	Species	Actinidia chrysantha	NA	0.460					Plantae;Tracheophyta;NA;Ericales;Actinidiaceae;Actinidia;Actinidia chrysantha
n5402	5402	port_py3_epang_T8	52859559-d389-4c1d-9655-ef166021c9e9	flagged by reference only	Species	NA	Actinidia fulvicoma	0.842					Plantae;Tracheophyta;NA;Ericales;Actinidiaceae;Actinidia;NA
n5402	5402	port_py3_epang_T8	52a54f3b-b2c6-418c-ab0b-09ad1ce64f4f	flagged by reference only	Species	Primula matthioli	Cortusa matthioli	0.999					Plantae;Tracheophyta;NA;Ericales;Primulaceae;Primula;Primula matthioli
n5402	5402	port_py3_epang_T8	53123e18-fd59-4734-9557-fe6d7bf65cff	flagged by reference only	Phylum	Ascomycota	NA	0.979					Fungi;Ascomycota;NA;Eurotiales;Aspergillaceae;Aspergillus;NA
n5402	5402	port_py3_epang_T8	53c36fcc-620d-4a64-977a-e634ec058619	flagged by reference only	Species	Primula dongchuanensis	__TAXCLUSTER10__Primula helodoxa	0.542					Plantae;Tracheophyta;NA;Ericales;Primulaceae;Primula;Primula dongchuanensis
n5402	5402	port_py3_epang_T8	543c8f55-7170-48c2-beee-ea019268da8f	flagged by reference only	Phylum	Ascomycota	NA	0.979					Fungi;Ascomycota;NA;Eurotiales;Aspergillaceae;Aspergillus;NA
n5402	5402	port_py3_epang_T8	55d2e1c1-4323-46f9-8466-f5c06b3de798	flagged by reference only	Species	NA	Asterochloris glomerata	0.433					Plantae;Chlorophyta;NA;Microthamniales;NA;Asterochloris;NA
n5402	5402	port_py3_epang_T8	5695f4e5-3431-47d7-bc75-86221ca53c5d	flagged by reference only	Species	Primula matthioli	Cortusa matthioli	1.000					Plantae;Tracheophyta;NA;Ericales;Primulaceae;Primula;Primula matthioli
n5402	5402	port_py3_epang_T8	570b40f4-c264-4c5f-ab6e-fb17a951573c	flagged by reference only	Species	Actinidia fulvicoma	NA	0.461					Plantae;Tracheophyta;NA;Ericales;Actinidiaceae;Actinidia;Actinidia fulvicoma
n5402	5402	port_py3_epang_T8	5760c42e-ab35-48e7-b496-df3af57d3f42	flagged by reference only	Species	Ilex paraguariensis	__TAXCLUSTER5__Ilex nitida	0.885					Plantae;Tracheophyta;NA;Aquifoliales;Aquifoliaceae;Ilex;Ilex paraguariensis
n5402	5402	port_py3_epang_T8	5b1865a8-3cb9-4d4f-9289-611ed0fc6c7a	flagged by reference only	Phylum	Ascomycota	NA	0.979					Fungi;Ascomycota;NA;Eurotiales;Aspergillaceae;Aspergillus;NA
n5402	5402	port_py3_epang_T8	5fced340-2b94-47b4-b9fd-8a490474abb6	flagged by reference only	Species	Primula handeliana	Primula longipes	0.901					Plantae;Tracheophyta;NA;Ericales;Primulaceae;Primula;Primula handeliana
n5402	5402	port_py3_epang_T8	5ff66743-ac50-4d3e-af55-82adaaf6efdc	flagged by reference only	Phylum	Ascomycota	NA	0.979					Fungi;Ascomycota;NA;Eurotiales;Aspergillaceae;Aspergillus;NA
n5402	5402	port_py3_epang_T8	607930de-d2db-465a-81ac-2cae77b6e726	flagged by reference only	Phylum	Ascomycota	NA	0.979					Fungi;Ascomycota;NA;Eurotiales;Aspergillaceae;Aspergillus;NA
n5402	5402	port_py3_epang_T8	61c76c58-d7ab-426a-b052-a8577bdce8c0	flagged by reference only	Phylum	Ascomycota	NA	0.979					Fungi;Ascomycota;NA;Eurotiales;Aspergillaceae;Aspergillus;NA
n5402	5402	port_py3_epang_T8	620af553-a237-48d9-b2c9-a71465b18490	flagged by reference only	Genus	Eudorina	Pandorina	1.000					Plantae;Chlorophyta;NA;Chlamydomonadales;Volvocaceae;Eudorina;Eudorina elegans
n5402	5402	port_py3_epang_T8	6395c587-d1fa-4afd-927a-b8028547a117	flagged by reference only	Species	Scorzonera meshhedensis	NA	0.736					Plantae;Tracheophyta;NA;Asterales;Asteraceae;Scorzonera;Scorzonera meshhedensis
n5402	5402	port_py3_epang_T8	63d38c90-3385-454d-93d0-7cd78628c5c1	flagged by reference only	Species	Primula handeliana	Primula longipes	0.901					Plantae;Tracheophyta;NA;Ericales;Primulaceae;Primula;Primula handeliana
n5402	5402	port_py3_epang_T8	6595f094-7a95-4453-8e5a-8327d805f98f	flagged by reference only	Species	NA	Asterochloris glomerata	0.433					Plantae;Chlorophyta;NA;Microthamniales;NA;Asterochloris;NA
n5402	5402	port_py3_epang_T8	65e383cb-8ff3-4b15-934b-a35dc2d6e1dc	flagged by reference only	Phylum	Ascomycota	NA	0.990					Fungi;Ascomycota;NA;Eurotiales;Aspergillaceae;Aspergillus;NA
n5402	5402	port_py3_epang_T8	6790a1d9-1b8a-4158-aa57-667b6b58e359	flagged by reference only	Genus	Pseudopodospermum	Scorzonera	0.999					Plantae;Tracheophyta;NA;Asterales;Asteraceae;Pseudopodospermum
n5402	5402	port_py3_epang_T8	68cc08eb-c3cc-43d6-8e36-c77f8041de97	flagged by reference only	Phylum	Ascomycota	NA	0.979					Fungi;Ascomycota;NA;Eurotiales;Aspergillaceae;Aspergillus;NA
n5402	5402	port_py3_epang_T8	694550dc-2464-41d7-8575-b61eb76fb4eb	flagged by reference only	Phylum	Ascomycota	NA	0.979					Fungi;Ascomycota;NA;Eurotiales;Aspergillaceae;Aspergillus;NA
n5402	5402	port_py3_epang_T8	6d801571-9def-47be-9b28-5c7c38b1bc5a	flagged by reference only	Species	NA	Scorzonera laciniata	0.459					Plantae;Tracheophyta;NA;Asterales;Asteraceae;Scorzonera;NA
n5402	5402	port_py3_epang_T8	6d85c0f1-cad0-4143-9d5b-168ffadf4b41	flagged by reference only	Species	Primula blinii	Primula souliei	0.510					Plantae;Tracheophyta;NA;Ericales;Primulaceae;Primula;Primula blinii
n5402	5402	port_py3_epang_T8	701c0311-13ac-443a-8adf-22afa199dda1	flagged by reference only	Species	Gelasia litwinowii	Gelasia aucheriana	0.510					Plantae;Tracheophyta;NA;Asterales;Asteraceae;Gelasia;Gelasia litwinowii
n5402	5402	port_py3_epang_T8	73b983f2-ef79-45f8-ba0c-99aba358b3c8	flagged by reference only	Species	Aspergillus penicillioides	NA	0.989					Fungi;Ascomycota;NA;Eurotiales;Aspergillaceae;Aspergillus;Aspergillus penicillioides
n5402	5402	port_py3_epang_T8	73be8c2d-8d1b-489f-90fe-b08d2d038d09	flagged by reference only	Species	Primula auricula	Primula marginata	0.433					Plantae;Tracheophyta;NA;Ericales;Primulaceae;Primula;Primula auricula
n5402	5402	port_py3_epang_T8	7455c5d8-b492-4954-aa54-f44c8de017cb	flagged by reference only	Species	Ilex ferruginea	Ilex dasyphylla	0.828					Plantae;Tracheophyta;NA;Aquifoliales;Aquifoliaceae;Ilex;Ilex ferruginea
n5402	5402	port_py3_epang_T8	78bc7019-e5e3-42ea-900d-34afdf5c61e8	flagged by reference only	Species	NA	Primula farinosa	0.845					Plantae;Tracheophyta;NA;Ericales;Primulaceae;Primula;NA
n5402	5402	port_py3_epang_T8	7a6af31f-b747-4847-94e7-918fcdcd3620	flagged by reference only	Species	NA	Asterochloris glomerata	0.433					Plantae;Chlorophyta;NA;Microthamniales;NA;Asterochloris;NA
n5402	5402	port_py3_epang_T8	7be002a3-b399-457d-87b3-5ae73374ad31	flagged by reference only	Species	NA	Actinidia fulvicoma	0.753					Plantae;Tracheophyta;NA;Ericales;Actinidiaceae;Actinidia;NA
n5402	5402	port_py3_epang_T8	7dacca45-4667-4ce5-83af-af818e59bc2f	flagged by reference only	Phylum	Ascomycota	NA	0.979					Fungi;Ascomycota;NA;Eurotiales;Aspergillaceae;Aspergillus;NA
n5402	5402	port_py3_epang_T8	7db63b58-98f2-4df8-bddd-941b96ec63c7	flagged by reference only	Phylum	Ascomycota	NA	0.979					Fungi;Ascomycota;NA;Eurotiales;Aspergillaceae;Aspergillus;NA
n5402	5402	port_py3_epang_T8	7db8eea4-eb27-413e-b113-1ab22d18a77c	flagged by reference only	Species	Scorzonera songorica	NA	0.736					Plantae;Tracheophyta;NA;Asterales;Asteraceae;Scorzonera;Scorzonera songorica
n5402	5402	port_py3_epang_T8	7e0cc1a4-3887-4b7c-869b-44f4dd00c766	flagged by reference only	Phylum	Ascomycota	NA	0.979					Fungi;Ascomycota;NA;Eurotiales;Aspergillaceae;Aspergillus;NA
n5402	5402	port_py3_epang_T8	804e6407-347e-4be1-9ed4-e7796c0546c0	flagged by reference only	Species	Actinidia pilosula	NA	0.462					Plantae;Tracheophyta;NA;Ericales;Actinidiaceae;Actinidia;Actinidia pilosula
n5402	5402	port_py3_epang_T8	83b8a334-0438-4b61-a26e-25c9997e2fbe	flagged by reference only	Species	Asterochloris mediterranea	NA	0.734					Plantae;Chlorophyta;NA;Microthamniales;NA;Asterochloris;Asterochloris mediterranea
n5402	5402	port_py3_epang_T8	85019380-437b-475b-a8f1-3ce86f19e2cb	flagged by reference only	Phylum	Ascomycota	NA	0.955					Fungi;Ascomycota;NA;Eurotiales;NA;NA;NA
n5402	5402	port_py3_epang_T8	8680bb75-da19-415f-a7b1-4efc1d967cfd	flagged by reference only	Species	Primula nutans	Primula eximia	0.499					Plantae;Tracheophyta;NA;Ericales;Primulaceae;Primula;Primula nutans
n5402	5402	port_py3_epang_T8	8a957ac5-7f8d-4d51-bc81-8383ebe8338d	flagged by reference only	Species	NA	Asterochloris irregularis	0.719					Plantae;Chlorophyta;NA;Microthamniales;NA;Asterochloris;NA
n5402	5402	port_py3_epang_T8	8aabd75f-2508-4069-be47-dc664595c211	flagged by reference only	Phylum	Ascomycota	NA	0.955					Fungi;Ascomycota;NA;Eurotiales;NA;NA;NA
n5402	5402	port_py3_epang_T8	9170f2a3-a8f4-41f9-8aa2-3bf0b183bf54	flagged by reference only	Phylum	Ascomycota	NA	0.955					Fungi;Ascomycota;NA;Eurotiales;NA;NA;NA
n5402	5402	port_py3_epang_T8	92073f88-172b-4d9b-898e-a3d71e7ce4b1	flagged by reference only	Species	__TAXCLUSTER17__Primula szechuanica	Primula longipes	0.901					Plantae;Tracheophyta;NA;Ericales;Primulaceae;Primula;__TAXCLUSTER17__Primula szechuanica
n5402	5402	port_py3_epang_T8	94ab3c51-9283-4363-b390-f6f0ca9f7170	flagged by reference only	Phylum	Ascomycota	NA	0.955					Fungi;Ascomycota;NA;Eurotiales;NA;NA;NA
n5402	5402	port_py3_epang_T8	963c8d04-1c92-45b6-ab9f-06420a402b4b	flagged by reference only	Phylum	Ascomycota	NA	0.979					Fungi;Ascomycota;NA;Eurotiales;Aspergillaceae;Aspergillus;NA
n5402	5402	port_py3_epang_T8	9647f17f-d5d9-4085-9293-e57d4c0269d8	flagged by reference only	Phylum	Ascomycota	NA	0.979					Fungi;Ascomycota;NA;Eurotiales;Aspergillaceae;Aspergillus;NA
n5402	5402	port_py3_epang_T8	96801a73-5ffb-4af0-9a01-5607726ebecf	flagged by reference only	Species	Podospermum roseum	Scorzonera purpurea	0.999					Plantae;Tracheophyta;NA;Asterales;Asteraceae;Scorzonera;Podospermum roseum
n5402	5402	port_py3_epang_T8	97311ffc-d825-4d81-96cb-deaa05ae4508	flagged by reference only	Infraorder	Alternaria	Bipolaris	0.987					Fungi;Ascomycota;NA;Pleosporales;Pleosporaceae;Alternaria;NA
n5402	5402	port_py3_epang_T8	9b99a095-c874-4640-b417-89177fac1f99	flagged by reference only	Species	NA	Primula longipes	0.901					Plantae;Tracheophyta;NA;Ericales;Primulaceae;Primula;NA
n5402	5402	port_py3_epang_T8	9c8a9863-6909-4d38-a68a-50c8fe342051	flagged by reference only	Phylum	Ascomycota	NA	0.916					Fungi;Ascomycota;NA;Eurotiales;Aspergillaceae;Aspergillus;NA
n5402	5402	port_py3_epang_T8	a9881588-6d66-42db-a063-d6b62b57a492	flagged by reference only	Genus	Takhtajaniantha	Gelasia	1.000					Plantae;Tracheophyta;NA;Asterales;Asteraceae;Takhtajaniantha;Scorzonera latifolia
n5402	5402	port_py3_epang_T8	a9f98a0a-f713-4d64-8e3b-284123878207	flagged by reference only	Species	NA	Asterochloris irregularis	0.419					Plantae;Chlorophyta;NA;Microthamniales;NA;Asterochloris;NA
n5402	5402	port_py3_epang_T8	acd5be05-1a67-4ace-a021-813759809637	flagged by reference only	Species	Ilex ferruginea	Ilex dasyphylla	0.828					Plantae;Tracheophyta;NA;Aquifoliales;Aquifoliaceae;Ilex;Ilex ferruginea
n5402	5402	port_py3_epang_T8	ace2ad1b-62db-43a8-b9e7-d55611a36437	flagged by reference only	Species	Actinidia pilosula	NA	0.462					Plantae;Tracheophyta;NA;Ericales;Actinidiaceae;Actinidia;Actinidia pilosula
n5402	5402	port_py3_epang_T8	afe0c2ea-eabd-4592-bfc4-418cd425439d	flagged by reference only	Species	Podospermum armenaicum	Scorzonera laciniata	0.513					Plantae;Tracheophyta;NA;Asterales;Asteraceae;Scorzonera;Podospermum armenaicum
n5402	5402	port_py3_epang_T8	b1c9f439-e9e5-49c0-9f44-157be4b25a78	flagged by reference only	Species	Scorzonera cana	NA	0.788					Plantae;Tracheophyta;NA;Asterales;Asteraceae;Scorzonera;Scorzonera cana
n5402	5402	port_py3_epang_T8	b369d4e6-f8f6-49d3-8d21-6dc7684b461f	flagged by reference only	Phylum	Ascomycota	NA	0.961					Fungi;Ascomycota;NA;Eurotiales;Aspergillaceae;Aspergillus;NA
n5402	5402	port_py3_epang_T8	b77bf342-72ce-453b-9753-58721a014e6b	flagged by reference only	Phylum	Ascomycota	NA	0.990					Fungi;Ascomycota;NA;Eurotiales;Aspergillaceae;Aspergillus;NA
n5402	5402	port_py3_epang_T8	b80c258c-729b-4c88-bf50-cbb3d2b86fdd	flagged by reference only	Species	NA	Nymphaea caerulea	0.642					Plantae;Tracheophyta;NA;Nymphaeales;Nymphaeaceae;Nymphaea;NA
n5402	5402	port_py3_epang_T8	b9b7976e-d22b-4c50-aa10-5a2c6c131266	flagged by reference only	Phylum	Ascomycota	NA	0.979					Fungi;Ascomycota;NA;Eurotiales;Aspergillaceae;Aspergillus;NA
n5402	5402	port_py3_epang_T8	bbd4a52a-c334-41c7-afb9-7c68a919ca1f	flagged by reference only	Phylum	Ascomycota	NA	0.979					Fungi;Ascomycota;NA;Eurotiales;Aspergillaceae;Aspergillus;NA
n5402	5402	port_py3_epang_T8	c1ac0826-9f4a-4388-a929-f8f1c27ed151	flagged by reference only	Phylum	Ascomycota	NA	0.904					Fungi;Ascomycota;NA;Eurotiales;Aspergillaceae;Aspergillus;NA
n5402	5402	port_py3_epang_T8	c5b3b83f-30c1-4c6a-81a9-1323c22eb97f	flagged by reference only	Phylum	Ascomycota	NA	0.945					Fungi;Ascomycota;NA;Eurotiales;Aspergillaceae;Aspergillus;NA
n5402	5402	port_py3_epang_T8	c6c5c3e9-52a1-4c92-b9fe-c91a3c11ac98	flagged by reference only	Genus	Eudorina	Pandorina	1.000					Plantae;Chlorophyta;NA;Chlamydomonadales;Volvocaceae;Eudorina
n5402	5402	port_py3_epang_T8	ca36daf6-930d-419d-8d88-5bf2c8893333	flagged by reference only	Species	__TAXCLUSTER17__Primula szechuanica	Primula longipes	0.901					Plantae;Tracheophyta;NA;Ericales;Primulaceae;Primula;__TAXCLUSTER17__Primula szechuanica
n5402	5402	port_py3_epang_T8	ca568fc8-9d1a-4eaf-b692-8da5beb540ab	flagged by reference only	Phylum	Basidiomycota	NA	1.000					Fungi;Basidiomycota;NA;Cantharellales;Tulasnellaceae;NA;NA
n5402	5402	port_py3_epang_T8	ca8578e1-4583-44ed-8ba0-b2239ae20d75	flagged by reference only	Species	__TAXCLUSTER17__Primula szechuanica	Primula longipes	0.901					Plantae;Tracheophyta;NA;Ericales;Primulaceae;Primula;__TAXCLUSTER17__Primula szechuanica
n5402	5402	port_py3_epang_T8	cb56b87c-ce3a-4d4e-ba78-46927b31017f	flagged by reference only	Species	Mucuna bracteata	Mucuna pruriens	0.980					Plantae;Tracheophyta;NA;Fabales;Fabaceae;Mucuna;Mucuna bracteata
n5402	5402	port_py3_epang_T8	ce999006-80dc-4b0a-9311-cd7fa91d5764	flagged by reference only	Infraorder	Alternaria	Bipolaris	0.987					Fungi;Ascomycota;NA;Pleosporales;Pleosporaceae;Alternaria;NA
n5402	5402	port_py3_epang_T8	dcf87a27-390b-4810-afb0-45ff333ac7b9	flagged by reference only	Phylum	Ascomycota	NA	0.955					Fungi;Ascomycota;NA;Eurotiales;NA;NA;NA
n5402	5402	port_py3_epang_T8	dfc2b5cd-a050-4b7b-9f1b-92bccd8e8814	flagged by reference only	Species	Bipolaris bicolor	NA	0.903					Fungi;Ascomycota;NA;Pleosporales;Pleosporaceae;Bipolaris;Bipolaris bicolor
n5402	5402	port_py3_epang_T8	e218e97f-2c1a-4c43-811e-c1b820686d32	flagged by reference only	Phylum	Ascomycota	NA	0.979					Fungi;Ascomycota;NA;Eurotiales;Aspergillaceae;Aspergillus;NA
n5402	5402	port_py3_epang_T8	ee5718a9-cb16-4a89-9049-6c966052724e	flagged by reference only	Species	Ilex theezans	Ilex brasiliensis	0.956					Plantae;Tracheophyta;NA;Aquifoliales;Aquifoliaceae;Ilex;Ilex theezans
n5402	5402	port_py3_epang_T8	eec10d11-6f76-4715-80b3-3b8709270780	flagged by reference only	Species	Primula matthioli	Cortusa matthioli	1.000					Plantae;Tracheophyta;NA;Ericales;Primulaceae;Primula;Primula matthioli
n5402	5402	port_py3_epang_T8	f4e6b4af-f2b7-484a-82a1-a94f10036a4e	flagged by reference only	Phylum	Ascomycota	NA	0.935					Fungi;Ascomycota;NA;Eurotiales;Aspergillaceae;Aspergillus;NA
n5402	5402	port_py3_epang_T8	fc2f9287-bd3f-410a-9123-2b316fdec5e9	flagged by reference only	Species	Cortusa matthioli	Primula algida	0.805					Plantae;Tracheophyta;NA;Ericales;Primulaceae;Primula;Cortusa matthioli
n5402	5402	port_py3_epang_T8	00191c72-2b00-41db-9d09-a49ea3c5ffd9	flagged by test only					Species	Primula algida	Cortusa matthioli	1.000	Plantae;Tracheophyta;NA;Ericales;Primulaceae;Primula;Primula algida
n5402	5402	port_py3_epang_T8	0043ddd3-9e72-4a19-bcfd-47feed13ef05	flagged by test only					Phylum	NA	Ascomycota	1.000	Fungi;NA;NA;NA;NA;NA;NA
n5402	5402	port_py3_epang_T8	016d8e10-e99e-4aa5-878f-90498914c9b8	flagged by test only					Species	Primula kisoana	Primula saxatilis	0.499	Plantae;Tracheophyta;NA;Ericales;Primulaceae;Primula;Primula kisoana
n5402	5402	port_py3_epang_T8	0326d4e3-c803-4299-a077-8d71e9c7ee1f	flagged by test only					Kingdom	Plantae	Fungi	1.000	Plantae;Tracheophyta;NA;Poales;Cyperaceae;Carex;Carex acutiformis
n5402	5402	port_py3_epang_T8	04b64c7b-7d13-44a1-b73a-a1f3489d706a	flagged by test only					Species	Primula elatior	Primula x uzungolensis	1.000	Plantae;Tracheophyta;NA;Ericales;Primulaceae;Primula;Primula elatior
n5402	5402	port_py3_epang_T8	04f17627-601d-4f8f-bb1b-aa3d09da7e32	flagged by test only					Phylum	NA	Ascomycota	1.000	Fungi;NA;NA;NA;NA;NA;NA
n5402	5402	port_py3_epang_T8	06c3d543-3c24-4673-afe0-617dffd6391c	flagged by test only					Species	Primula grandis	Primula elatior	0.949	Plantae;Tracheophyta;NA;Ericales;Primulaceae;Primula;Primula grandis
n5402	5402	port_py3_epang_T8	06dcde95-2593-4d6f-9a52-d2f36bf02aee	flagged by test only					Species	Ilex integerrima	Ilex canariensis	1.000	Plantae;Tracheophyta;NA;Aquifoliales;Aquifoliaceae;Ilex;Ilex integerrima
n5402	5402	port_py3_epang_T8	08162423-be61-4e90-b713-8db105372177	flagged by test only					Species	Ilex venulosa	Ilex khasiana	0.892	Plantae;Tracheophyta;NA;Aquifoliales;Aquifoliaceae;Ilex;Ilex venulosa
n5402	5402	port_py3_epang_T8	0ad0a660-47a5-4cc8-9f14-5bfc92165579	flagged by test only					Species	Asterochloris irregularis	NA	0.743	Plantae;Chlorophyta;NA;Microthamniales;NA;Asterochloris;Asterochloris irregularis
n5402	5402	port_py3_epang_T8	0bab20ec-0d4d-4271-957f-bb98409dc976	flagged by test only					Family	NA	Aspergillaceae	0.993	Fungi;Ascomycota;NA;Eurotiales;NA;NA;NA
n5402	5402	port_py3_epang_T8	0d7cd37b-76ea-464b-84f4-0b533f12e53a	flagged by test only					Genus	Gelasia	Scorzonera	1.000	Plantae;Tracheophyta;NA;Asterales;Asteraceae;Gelasia
n5402	5402	port_py3_epang_T8	11911fb5-383b-4692-ac57-a6ec792a337d	flagged by test only					Species	Bipolaris sorokiniana	NA	0.952	Fungi;Ascomycota;NA;Pleosporales;Pleosporaceae;Bipolaris;Bipolaris sorokiniana
n5402	5402	port_py3_epang_T8	11bc3933-50e8-4c91-8d8e-7fe36e149352	flagged by test only					Species	Ilex pubescens	Ilex canariensis	1.000	Plantae;Tracheophyta;NA;Aquifoliales;Aquifoliaceae;Ilex;Ilex pubescens
n5402	5402	port_py3_epang_T8	124316c5-cf03-4a4b-801e-e40edfecfc70	flagged by test only					Genus	Dodecatheon	Primula	1.000	Plantae;Tracheophyta;NA;Ericales;Primulaceae;Dodecatheon;Primula meadia
n5402	5402	port_py3_epang_T8	13696475-39a1-416d-8d98-0b7160c3e7e5	flagged by test only					Phylum	NA	Basidiomycota	1.000	Fungi;NA;NA;NA;NA;NA;NA
n5402	5402	port_py3_epang_T8	1a544f15-be09-4d5e-89b4-b4ac38a77144	flagged by test only					Species	Primula elatior	Primula x uzungolensis	1.000	Plantae;Tracheophyta;NA;Ericales;Primulaceae;Primula;Primula elatior
n5402	5402	port_py3_epang_T8	1d7d9a48-a7e5-4065-af2c-1030fd3c36fe	flagged by test only					Kingdom	Plantae	Fungi	1.000	Plantae;Tracheophyta;NA;Poales;Cyperaceae;Carex;Carex acutiformis
n5402	5402	port_py3_epang_T8	1ff93911-5ef5-458e-b675-617c8b7ec62d	flagged by test only					Phylum	NA	Basidiomycota	1.000	Fungi;NA;NA;NA;NA;NA;NA
n5402	5402	port_py3_epang_T8	1ffced88-f8a8-4095-9d0e-06751b0cbf0c	flagged by test only					Kingdom	Plantae	Fungi	1.000	Plantae;Tracheophyta;NA;Poales;Cyperaceae;Carex;Carex arcta
n5402	5402	port_py3_epang_T8	21710183-81bf-4b38-a859-502832beca1d	flagged by test only					Species	Actinidia fulvicoma	NA	0.947	Plantae;Tracheophyta;NA;Ericales;Actinidiaceae;Actinidia;Actinidia fulvicoma
n5402	5402	port_py3_epang_T8	25569ec5-197d-4eb1-880e-fc51fddfe299	flagged by test only					Genus	NA	Aspergillus	0.620	Fungi;Ascomycota;NA;Eurotiales;Aspergillaceae;NA;NA
n5402	5402	port_py3_epang_T8	28ee46d0-7f1d-4029-ba54-c23f31bdf87a	flagged by test only					Kingdom	Fungi	Plantae	1.000	Fungi;NA;NA;NA;NA;NA;NA
n5402	5402	port_py3_epang_T8	2a83b556-97c9-4df1-b41f-a15e8611ef14	flagged by test only					Order	Aquifoliales	Ericales	1.000	Plantae;Tracheophyta;NA;Aquifoliales;Aquifoliaceae;Ilex;Ilex crenata
n5402	5402	port_py3_epang_T8	2be6ac95-2b36-4af5-b1e7-e328a842fcbd	flagged by test only					Family	NA	Aspergillaceae	1.000	Fungi;Ascomycota;NA;Eurotiales;NA;NA;NA
n5402	5402	port_py3_epang_T8	2be96a78-62b6-4776-b3f4-d4c43bb500f5	flagged by test only					Kingdom	Fungi	Plantae	1.000	Fungi;NA;NA;NA;NA;NA;NA
n5402	5402	port_py3_epang_T8	2d7824b6-43ce-41e9-adc9-7bb57c18be6a	flagged by test only					Species	Scorzonera tragopogonoides	Scorzonera albicaulis	1.000	Plantae;Tracheophyta;NA;Asterales;Asteraceae;Scorzonera;Scorzonera tragopogonoides
n5402	5402	port_py3_epang_T8	2daca48d-67cf-41a9-b2a8-898626cb179f	flagged by test only					Kingdom	Plantae	Fungi	1.000	Plantae;Tracheophyta;NA;Poales;Cyperaceae;Carex;Carex acutiformis
n5402	5402	port_py3_epang_T8	2e188f33-6f0e-4045-8d86-40a13f23616f	flagged by test only					Phylum	NA	Ascomycota	1.000	Fungi;NA;NA;NA;NA;NA;NA
n5402	5402	port_py3_epang_T8	2e7de12f-3f3d-4495-94ef-9aa14be2f046	flagged by test only					Species	Carex acuta	Carex alba	1.000	Plantae;Tracheophyta;NA;Poales;Cyperaceae;Carex;Carex acuta
n5402	5402	port_py3_epang_T8	2e82f504-47b9-445b-b414-3c9bd39ae9e7	flagged by test only					Species	Carex angustata	Carex alba	1.000	Plantae;Tracheophyta;NA;Poales;Cyperaceae;Carex;Carex angustata
n5402	5402	port_py3_epang_T8	2f65b657-eaa7-42dc-9080-4117ebc28fa3	flagged by test only					Species	Pterachaenia stewartii	Pterachaenia codringtonii	1.000	Plantae;Tracheophyta;NA;Asterales;Asteraceae;Pterachaenia;Pterachaenia stewartii
n5402	5402	port_py3_epang_T8	2f6c1945-4824-40e7-b155-78597c1c1187	flagged by test only					Species	Ilex brevicuspis	Ilex anomala	0.479	Plantae;Tracheophyta;NA;Aquifoliales;Aquifoliaceae;Ilex;Ilex brevicuspis
n5402	5402	port_py3_epang_T8	2f7c4ab4-a5e4-4269-8d89-2d84dcae2eb6	flagged by test only					Species	Primula hidakana	Primula takedana	0.688	Plantae;Tracheophyta;NA;Ericales;Primulaceae;Primula;Primula hidakana
n5402	5402	port_py3_epang_T8	309ecfa2-450a-422c-baf6-4e47768add66	flagged by test only					Genus	Pandorina	Eudorina	1.000	Plantae;Chlorophyta;NA;Chlamydomonadales;Volvocaceae;Pandorina;Pandorina morum
n5402	5402	port_py3_epang_T8	30ebdfc5-8dcd-42ed-b3ce-40423848ffe3	flagged by test only					Species	Ilex dumosa	Ilex canariensis	1.000	Plantae;Tracheophyta;NA;Aquifoliales;Aquifoliaceae;Ilex;Ilex dumosa
n5402	5402	port_py3_epang_T8	328e92bb-8397-4a4a-ba1d-ca491de8d28a	flagged by test only					Species	Primula veris	Primula x uzungolensis	1.000	Plantae;Tracheophyta;NA;Ericales;Primulaceae;Primula;Primula veris
n5402	5402	port_py3_epang_T8	334e0ff6-08a0-494c-83e8-2216c95a2957	flagged by test only					Species	Carex angustata	Carex alba	1.000	Plantae;Tracheophyta;NA;Poales;Cyperaceae;Carex;Carex angustata
n5402	5402	port_py3_epang_T8	3628ddb3-b4ea-4ed3-bf1c-b56b50cf4c91	flagged by test only					Order	Aquifoliales	Ericales	1.000	Plantae;Tracheophyta;NA;Aquifoliales;Aquifoliaceae;Ilex;Ilex crenata
n5402	5402	port_py3_epang_T8	375249a2-9a0f-462f-aae7-d5e4559d8922	flagged by test only					Genus	Koelpinia	Scorzonera	0.510	Plantae;Tracheophyta;NA;Asterales;Asteraceae;Koelpinia
n5402	5402	port_py3_epang_T8	39044952-aa56-44f1-a6d5-8386ce0c0e6a	flagged by test only					Species	Primula grandis	Primula x uzungolensis	1.000	Plantae;Tracheophyta;NA;Ericales;Primulaceae;Primula;Primula grandis
n5402	5402	port_py3_epang_T8	3b7aa83b-3f3f-4572-8abf-a132fc2a19a0	flagged by test only					Species	Actinidia fulvicoma	NA	0.898	Plantae;Tracheophyta;NA;Ericales;Actinidiaceae;Actinidia;Actinidia fulvicoma
n5402	5402	port_py3_epang_T8	3beab120-14a5-48de-9baf-2be5be2a8a4e	flagged by test only					Species	Scenedesmus basiliensis	NA	0.891	Plantae;Chlorophyta;NA;Sphaeropleales;Scenedesmaceae;Scenedesmus;Scenedesmus basiliensis
n5402	5402	port_py3_epang_T8	3c77e22f-4f56-47a2-bcff-55a68f27f1eb	flagged by test only					Species	Primula veris	Primula x uzungolensis	1.000	Plantae;Tracheophyta;NA;Ericales;Primulaceae;Primula;Primula veris
n5402	5402	port_py3_epang_T8	3f87d9ff-fe10-405c-ba15-05e34f5b999a	flagged by test only					Genus	Gelasia	Scorzonera	0.977	Plantae;Tracheophyta;NA;Asterales;Asteraceae;Gelasia
n5402	5402	port_py3_epang_T8	3f934579-ae9b-4322-8384-2bc5c04e0122	flagged by test only					Genus	Gelasia	Scorzonera	1.000	Plantae;Tracheophyta;NA;Asterales;Asteraceae;Gelasia;Gelasia litwinowii
n5402	5402	port_py3_epang_T8	3fff2f84-6dae-410a-9c69-88ecbd565f3a	flagged by test only					Species	Primula veris	Primula x uzungolensis	1.000	Plantae;Tracheophyta;NA;Ericales;Primulaceae;Primula;Primula veris
n5402	5402	port_py3_epang_T8	417101c9-6b03-487f-bab0-126c9283c2d1	flagged by test only					Phylum	NA	Ascomycota	1.000	Fungi;NA;NA;NA;NA;NA;NA
n5402	5402	port_py3_epang_T8	44a402a7-af14-4adc-9378-eebd072b17d0	flagged by test only					Species	Primula vulgaris	Primula x uzungolensis	1.000	Plantae;Tracheophyta;NA;Ericales;Primulaceae;Primula;Primula vulgaris
n5402	5402	port_py3_epang_T8	4536f9a1-2250-441d-99c2-007d52e8eacf	flagged by test only					Order	Nymphaeales	Ericales	1.000	Plantae;Tracheophyta;NA;Nymphaeales;Nymphaeaceae;Nymphaea;Nymphaea colorata
n5402	5402	port_py3_epang_T8	4648eaad-6a88-4cd7-876f-c1657c62a8f9	flagged by test only					Species	Primula kisoana	Primula saxatilis	0.499	Plantae;Tracheophyta;NA;Ericales;Primulaceae;Primula;Primula kisoana
n5402	5402	port_py3_epang_T8	4b807b12-05a5-420a-9add-0c70f6f564d0	flagged by test only					Species	Ilex integerrima	Ilex pseudobuxus	1.000	Plantae;Tracheophyta;NA;Aquifoliales;Aquifoliaceae;Ilex;Ilex integerrima
n5402	5402	port_py3_epang_T8	4dad4cd3-c360-4dc9-8951-b19bd5f6cee4	flagged by test only					Species	Nymphaea alba	Nymphaea candida	0.510	Plantae;Tracheophyta;NA;Nymphaeales;Nymphaeaceae;Nymphaea;Nymphaea alba
n5402	5402	port_py3_epang_T8	4e54986c-299e-4d4a-805a-5c518c9b0ce4	flagged by test only					Kingdom	Plantae	Fungi	1.000	Plantae;Tracheophyta;NA;Poales;Cyperaceae;Carex;Carex annectens
n5402	5402	port_py3_epang_T8	4e72a671-d288-4aaa-a025-e8c53b472038	flagged by test only					Species	Primula elatior	Primula x uzungolensis	0.993	Plantae;Tracheophyta;NA;Ericales;Primulaceae;Primula;Primula elatior
n5402	5402	port_py3_epang_T8	504cefd8-c2cf-4b49-aad1-5a7008b258bd	flagged by test only					Species	Primula elatior	Primula x uzungolensis	0.993	Plantae;Tracheophyta;NA;Ericales;Primulaceae;Primula;Primula elatior
n5402	5402	port_py3_epang_T8	51accbf2-4b92-4f94-9c40-d49682b93734	flagged by test only					Phylum	NA	Ascomycota	1.000	Fungi;NA;NA;NA;NA;NA;NA
n5402	5402	port_py3_epang_T8	569d128a-d4c0-4085-9fbe-296b9743a456	flagged by test only					Species	Ilex microdonta	Ilex canariensis	1.000	Plantae;Tracheophyta;NA;Aquifoliales;Aquifoliaceae;Ilex;Ilex microdonta
n5402	5402	port_py3_epang_T8	56a9e1c8-821c-4e7f-8db3-163e25910c5d	flagged by test only					Species	Ilex dumosa	Ilex canariensis	1.000	Plantae;Tracheophyta;NA;Aquifoliales;Aquifoliaceae;Ilex;Ilex dumosa
n5402	5402	port_py3_epang_T8	56fbcbf4-22c8-47a1-a1d4-f510612b2617	flagged by test only					Species	NA	__TAXCLUSTER9__Ilex verticillata	0.450	Plantae;Tracheophyta;NA;Aquifoliales;Aquifoliaceae;Ilex;NA
n5402	5402	port_py3_epang_T8	57077e79-77d6-44a9-9b0c-773000cf137d	flagged by test only					Phylum	NA	Basidiomycota	1.000	Fungi;NA;NA;NA;NA;NA;NA
n5402	5402	port_py3_epang_T8	589b3a41-77a5-4c51-a891-5b2540853ccb	flagged by test only					Genus	NA	Carex	1.000	Plantae;Tracheophyta;NA;Poales;Cyperaceae;NA;NA
n5402	5402	port_py3_epang_T8	5bd2c352-f26b-49b2-9226-01371136eec4	flagged by test only					Species	__TAXCLUSTER14__Ilex lohfauensis	Ilex rotunda	1.000	Plantae;Tracheophyta;NA;Aquifoliales;Aquifoliaceae;Ilex;__TAXCLUSTER14__Ilex lohfauensis
n5402	5402	port_py3_epang_T8	5d3d21bd-207d-41e1-aea7-fc5ec33b1187	flagged by test only					Phylum	NA	Ascomycota	1.000	Fungi;NA;NA;NA;NA;NA;NA
n5402	5402	port_py3_epang_T8	5dbebef9-9795-4235-9551-bf24eb528f4c	flagged by test only					Species	Ilex pubescens	Ilex crenata	0.557	Plantae;Tracheophyta;NA;Aquifoliales;Aquifoliaceae;Ilex;Ilex pubescens
n5402	5402	port_py3_epang_T8	5f5edad4-2f3a-4be2-a348-c5a7ffb68dda	flagged by test only					Species	Primula elatior	Primula x uzungolensis	1.000	Plantae;Tracheophyta;NA;Ericales;Primulaceae;Primula;Primula elatior
n5402	5402	port_py3_epang_T8	5f9a00e3-05e3-4c74-ba1e-274644ee72cf	flagged by test only					Species	Primula vulgaris	Primula x uzungolensis	1.000	Plantae;Tracheophyta;NA;Ericales;Primulaceae;Primula;Primula vulgaris
n5402	5402	port_py3_epang_T8	61e37d62-c280-40fb-ae41-3d27ea4c1aa9	flagged by test only					Species	Ilex tsoi	Ilex ficifolia	0.486	Plantae;Tracheophyta;NA;Aquifoliales;Aquifoliaceae;Ilex;Ilex tsoi
n5402	5402	port_py3_epang_T8	631d5a8f-e617-4d3d-ba0a-4081b882115e	flagged by test only					Family	NA	Aspergillaceae	0.993	Fungi;Ascomycota;NA;Eurotiales;NA;NA;NA
n5402	5402	port_py3_epang_T8	63225a2c-4ff9-45f4-947b-e55ab4c0778b	flagged by test only					Species	Scorzonera laciniata	NA	0.743	Plantae;Tracheophyta;NA;Asterales;Asteraceae;Scorzonera;Scorzonera laciniata
n5402	5402	port_py3_epang_T8	640310f0-df15-4f23-a2df-5cb7ac543786	flagged by test only					Genus	Pandorina	Eudorina	1.000	Plantae;Chlorophyta;NA;Chlamydomonadales;Volvocaceae;Pandorina;Pandorina morum
n5402	5402	port_py3_epang_T8	64a10e95-7f75-430a-a3bb-54fe8420528b	flagged by test only					Species	Primula elatior	Primula x uzungolensis	1.000	Plantae;Tracheophyta;NA;Ericales;Primulaceae;Primula;Primula elatior
n5402	5402	port_py3_epang_T8	6567099c-e803-47e8-8f0c-cead60d41f35	flagged by test only					Kingdom	Plantae	Fungi	1.000	Plantae;Tracheophyta;NA;Poales;Cyperaceae;Carex;Carex annectens
n5402	5402	port_py3_epang_T8	65751a9a-8018-4a46-abec-525cd7a5e65b	flagged by test only					Family	NA	Aspergillaceae	0.863	Fungi;Ascomycota;NA;Eurotiales;NA;NA;NA
n5402	5402	port_py3_epang_T8	657eab65-d53e-4a3a-ab79-3d90c64e8d5f	flagged by test only					Phylum	Chytridiomycota	Basidiomycota	0.986	Fungi;Chytridiomycota;NA;NA;NA;NA;NA
n5402	5402	port_py3_epang_T8	686f72a8-899a-44f7-9cdd-83684c68186b	flagged by test only					Order	Caryophyllales	Ericales	1.000	Plantae;Tracheophyta;NA;Caryophyllales;Caryophyllaceae;Acanthophyllum;Acanthophyllum pungens
n5402	5402	port_py3_epang_T8	69debbc0-4206-49bb-8690-f0cb6029c71c	flagged by test only					Species	Ilex brevicuspis	Ilex canariensis	1.000	Plantae;Tracheophyta;NA;Aquifoliales;Aquifoliaceae;Ilex;Ilex brevicuspis
n5402	5402	port_py3_epang_T8	6aaa63af-eb47-4c53-94ed-365f7cc4504e	flagged by test only					Species	NA	Primula egaliksensis	0.565	Plantae;Tracheophyta;NA;Ericales;Primulaceae;Primula;NA
n5402	5402	port_py3_epang_T8	6c5fc730-6042-4259-adca-b4b427000d3b	flagged by test only					Species	Primula vulgaris	Primula x uzungolensis	1.000	Plantae;Tracheophyta;NA;Ericales;Primulaceae;Primula;Primula vulgaris
n5402	5402	port_py3_epang_T8	6d461fc8-1820-4836-b1af-46f3aefae397	flagged by test only					Species	Primula algida	Cortusa matthioli	1.000	Plantae;Tracheophyta;NA;Ericales;Primulaceae;Primula;Primula algida
n5402	5402	port_py3_epang_T8	6e9bd1dd-4180-4e61-8718-7f0c64393f17	flagged by test only					Kingdom	Plantae	Fungi	1.000	Plantae;Tracheophyta;NA;Poales;Cyperaceae;Carex;Carex acuta
n5402	5402	port_py3_epang_T8	70913d12-9889-4a42-b4f6-b9a7c9dfa49b	flagged by test only					Species	Primula hidakana	Primula takedana	0.688	Plantae;Tracheophyta;NA;Ericales;Primulaceae;Primula;Primula hidakana
n5402	5402	port_py3_epang_T8	70bfe58d-2fca-4a84-8b0d-d0653ddc954b	flagged by test only					Species	Carex acuta	Carex alba	0.626	Plantae;Tracheophyta;NA;Poales;Cyperaceae;Carex;Carex acuta
n5402	5402	port_py3_epang_T8	712af03e-b0e6-4cf6-8dc6-8e9f5b00c22f	flagged by test only					Species	Aspergillus penicillioides	NA	0.888	Fungi;Ascomycota;NA;Eurotiales;Aspergillaceae;Aspergillus;Aspergillus penicillioides
n5402	5402	port_py3_epang_T8	72282719-4d36-46d1-bd73-137bb8d14a92	flagged by test only					Phylum	NA	Ascomycota	1.000	Fungi;NA;NA;NA;NA;NA;NA
n5402	5402	port_py3_epang_T8	7803cf41-086a-4589-9c93-94199bbfe8af	flagged by test only					Species	Ilex pubescens	Ilex crenata	0.557	Plantae;Tracheophyta;NA;Aquifoliales;Aquifoliaceae;Ilex;Ilex pubescens
n5402	5402	port_py3_epang_T8	7809e608-7534-4dbe-998c-7e6c817f4d17	flagged by test only					Species	Nymphaea alba	Nymphaea candida	0.510	Plantae;Tracheophyta;NA;Nymphaeales;Nymphaeaceae;Nymphaea;Nymphaea alba
n5402	5402	port_py3_epang_T8	79fabe1e-076a-4b15-988d-c0358d41a54f	flagged by test only					Species	Ilex hippocrateoides	Ilex dumosa	0.562	Plantae;Tracheophyta;NA;Aquifoliales;Aquifoliaceae;Ilex;Ilex hippocrateoides
n5402	5402	port_py3_epang_T8	7a4f65ad-f1f1-4f8e-a7a7-859ff196d621	flagged by test only					Species	Mucuna samarensis	Mucuna gigantea	0.993	Plantae;Tracheophyta;NA;Fabales;Fabaceae;Mucuna;Mucuna samarensis
n5402	5402	port_py3_epang_T8	7a8b992e-efa4-48fb-97bc-13db6a964c3a	flagged by test only					Species	Ilex microdonta	Ilex canariensis	1.000	Plantae;Tracheophyta;NA;Aquifoliales;Aquifoliaceae;Ilex;Ilex microdonta
n5402	5402	port_py3_epang_T8	7abd353e-a5f7-4f56-acc9-b2879925a218	flagged by test only					Species	Primula veris	Primula x uzungolensis	1.000	Plantae;Tracheophyta;NA;Ericales;Primulaceae;Primula;Primula veris
n5402	5402	port_py3_epang_T8	81551828-2e97-4ebf-8618-de1dbdc05828	flagged by test only					Order	Trebouxiales	Microthamniales	1.000	Plantae;Chlorophyta;NA;Trebouxiales;Trebouxiaceae;Trebouxia;NA
n5402	5402	port_py3_epang_T8	81590eee-b900-410f-b745-f25f7d86406b	flagged by test only					Species	Scorzonera laciniata	NA	0.743	Plantae;Tracheophyta;NA;Asterales;Asteraceae;Scorzonera;Scorzonera laciniata
n5402	5402	port_py3_epang_T8	82a10728-b624-4e33-9c32-62435035e484	flagged by test only					Species	Primula vulgaris	Primula x uzungolensis	1.000	Plantae;Tracheophyta;NA;Ericales;Primulaceae;Primula;Primula vulgaris
n5402	5402	port_py3_epang_T8	82c02d6a-5853-4127-b41f-fdb35080e0ae	flagged by test only					Species	Ilex brasiliensis	Ilex pseudobuxus	1.000	Plantae;Tracheophyta;NA;Aquifoliales;Aquifoliaceae;Ilex;Ilex brasiliensis
n5402	5402	port_py3_epang_T8	82dfda4f-dc61-4f81-8b8a-65477c94251c	flagged by test only					Species	__TAXCLUSTER2__Ilex macrocarpa	Ilex canariensis	1.000	Plantae;Tracheophyta;NA;Aquifoliales;Aquifoliaceae;Ilex;__TAXCLUSTER2__Ilex macrocarpa
n5402	5402	port_py3_epang_T8	85120cc9-7941-4575-98c2-f8f848338738	flagged by test only					Species	Ilex pseudobuxus	Ilex canariensis	1.000	Plantae;Tracheophyta;NA;Aquifoliales;Aquifoliaceae;Ilex;Ilex pseudobuxus
n5402	5402	port_py3_epang_T8	891ec3a8-5537-4fd3-8463-e3eac6a06413	flagged by test only					Species	Ilex integerrima	Ilex pseudobuxus	1.000	Plantae;Tracheophyta;NA;Aquifoliales;Aquifoliaceae;Ilex;Ilex integerrima
n5402	5402	port_py3_epang_T8	8b29a212-dd7e-4cd5-9a4c-9bc4f5a229f8	flagged by test only					Species	Ilex dumosa	Ilex canariensis	1.000	Plantae;Tracheophyta;NA;Aquifoliales;Aquifoliaceae;Ilex;Ilex dumosa
n5402	5402	port_py3_epang_T8	8b76cfa6-c284-4e30-8646-ad838a07d1a2	flagged by test only					Phylum	NA	Ascomycota	0.992	Fungi;NA;NA;NA;NA;NA;NA
n5402	5402	port_py3_epang_T8	8bc648e5-071e-4335-8f0b-687d4e595128	flagged by test only					Genus	NA	Carex	1.000	Plantae;Tracheophyta;NA;Poales;Cyperaceae;NA;NA
n5402	5402	port_py3_epang_T8	8cca4641-2551-48de-926e-0d5c0882a04f	flagged by test only					Species	NA	Bipolaris sorokiniana	0.889	Fungi;Ascomycota;NA;Pleosporales;Pleosporaceae;Bipolaris;NA
n5402	5402	port_py3_epang_T8	8cd0077e-bd61-4cad-b37e-835761af0979	flagged by test only					Species	Primula moupinensis	__TAXCLUSTER10__Primula helodoxa	0.863	Plantae;Tracheophyta;NA;Ericales;Primulaceae;Primula;Primula moupinensis
n5402	5402	port_py3_epang_T8	8d3a96c9-bafc-4014-8341-c0661878e7d0	flagged by test only					Species	Primula vulgaris	Primula x uzungolensis	1.000	Plantae;Tracheophyta;NA;Ericales;Primulaceae;Primula;Primula vulgaris
n5402	5402	port_py3_epang_T8	8e67bf12-83de-4019-a7df-f065ec3f0046	flagged by test only					Kingdom	Plantae	Fungi	1.000	Plantae;Tracheophyta;NA;Poales;Cyperaceae;Carex;Carex arcta
n5402	5402	port_py3_epang_T8	8ea50d64-853c-4891-b59a-bcbc0f71ccb6	flagged by test only					Species	Ilex integerrima	Ilex canariensis	1.000	Plantae;Tracheophyta;NA;Aquifoliales;Aquifoliaceae;Ilex;Ilex integerrima
n5402	5402	port_py3_epang_T8	9089bd0b-38fe-411b-9a46-11f80b35ae77	flagged by test only					Species	Nuphar lutea	Nuphar pumila	0.477	Plantae;Tracheophyta;NA;Nymphaeales;Nymphaeaceae;Nuphar;Nuphar lutea
n5402	5402	port_py3_epang_T8	90d9a6dc-da1b-49ab-88cc-9291d0575249	flagged by test only					Species	Bipolaris sorokiniana	NA	1.000	Fungi;Ascomycota;NA;Pleosporales;Pleosporaceae;Bipolaris;Bipolaris sorokiniana
n5402	5402	port_py3_epang_T8	91a68433-01a4-4e03-9d8c-866f43a43484	flagged by test only					Species	Ilex pubescens	Ilex crenata	0.557	Plantae;Tracheophyta;NA;Aquifoliales;Aquifoliaceae;Ilex;Ilex pubescens
n5402	5402	port_py3_epang_T8	91dac453-2ea6-47ef-af0c-320dd2bc26a0	flagged by test only					Species	Ilex venulosa	Ilex khasiana	0.892	Plantae;Tracheophyta;NA;Aquifoliales;Aquifoliaceae;Ilex;Ilex venulosa
n5402	5402	port_py3_epang_T8	9352596d-2fe2-4cf4-9042-9a0ba709198d	flagged by test only					Species	Bipolaris sacchari	Bipolaris sorokiniana	0.825	Fungi;Ascomycota;NA;Pleosporales;Pleosporaceae;Bipolaris;Bipolaris sacchari
n5402	5402	port_py3_epang_T8	93b03229-92b3-49ee-8326-4280a23ac3b5	flagged by test only					Species	Scorzonera laciniata	NA	0.544	Plantae;Tracheophyta;NA;Asterales;Asteraceae;Scorzonera;Scorzonera laciniata
n5402	5402	port_py3_epang_T8	941d10d9-701c-451f-bc40-0d8c856862ef	flagged by test only					Species	Actinidia hemsleyana	Actinidia rufa	0.509	Plantae;Tracheophyta;NA;Ericales;Actinidiaceae;Actinidia;Actinidia hemsleyana
n5402	5402	port_py3_epang_T8	97f0611a-3880-4841-8ab7-624a9b2c3f8c	flagged by test only					Kingdom	Plantae	Fungi	1.000	Plantae;Tracheophyta;NA;Poales;Cyperaceae;Carex;Carex acuta
n5402	5402	port_py3_epang_T8	97f25c77-22f3-4bc3-b53f-c1e9033a9736	flagged by test only					Species	Mucuna samarensis	Mucuna gigantea	0.993	Plantae;Tracheophyta;NA;Fabales;Fabaceae;Mucuna;Mucuna samarensis
n5402	5402	port_py3_epang_T8	9cc6abec-4a39-4923-b3e4-0c2e9c2e9c89	flagged by test only					Family	NA	Aspergillaceae	0.863	Fungi;Ascomycota;NA;Eurotiales;NA;NA;NA
n5402	5402	port_py3_epang_T8	9cd1e107-404e-4c74-a73b-7ea345e9497e	flagged by test only					Species	Ilex hippocrateoides	Ilex dumosa	0.562	Plantae;Tracheophyta;NA;Aquifoliales;Aquifoliaceae;Ilex;Ilex hippocrateoides
n5402	5402	port_py3_epang_T8	9d4b22f7-024c-4524-8036-5220a2b665f4	flagged by test only					Kingdom	Plantae	Fungi	1.000	Plantae;Chlorophyta;NA;Chlamydomonadales;Chlamydomonadaceae;Chlamydomonas
n5402	5402	port_py3_epang_T8	a2611942-3783-4cd8-8fc9-fcad4bd99af3	flagged by test only					Species	NA	Nymphaea candida	0.510	Plantae;Tracheophyta;NA;Nymphaeales;Nymphaeaceae;Nymphaea;NA
n5402	5402	port_py3_epang_T8	a50adb88-9deb-44bc-9799-b0a4e697a640	flagged by test only					Species	Ilex ficoidea	Ilex rotunda	1.000	Plantae;Tracheophyta;NA;Aquifoliales;Aquifoliaceae;Ilex;Ilex ficoidea
n5402	5402	port_py3_epang_T8	a5c3105a-bb21-4de5-b0f6-02842a4890e1	flagged by test only					Species	Primula algida	Cortusa matthioli	1.000	Plantae;Tracheophyta;NA;Ericales;Primulaceae;Primula;Primula algida
n5402	5402	port_py3_epang_T8	a824afba-bc21-468f-b735-7243e29a04f0	flagged by test only					Species	Ilex pseudobuxus	Ilex canariensis	1.000	Plantae;Tracheophyta;NA;Aquifoliales;Aquifoliaceae;Ilex;Ilex pseudobuxus
n5402	5402	port_py3_epang_T8	a978ee1b-d8d2-49a6-a534-b823abf82774	flagged by test only					Phylum	NA	Ascomycota	1.000	Fungi;NA;NA;NA;NA;NA;NA
n5402	5402	port_py3_epang_T8	abc0c41f-0a5b-488a-b4b0-7ac175fbe93c	flagged by test only					Phylum	NA	Ascomycota	0.992	Fungi;NA;NA;NA;NA;NA;NA
n5402	5402	port_py3_epang_T8	b19d309d-00ab-428c-b57b-1a9754934ead	flagged by test only					Kingdom	Fungi	Plantae	1.000	Fungi;NA;NA;NA;NA;NA;NA
n5402	5402	port_py3_epang_T8	b546cfd2-80aa-417d-831f-5417c7bbe5be	flagged by test only					Kingdom	Fungi	Plantae	1.000	Fungi;NA;NA;NA;NA;NA;NA
n5402	5402	port_py3_epang_T8	bae76422-d061-4798-a28d-8c1d9e3bdd82	flagged by test only					Species	Bipolaris sorokiniana	NA	1.000	Fungi;Ascomycota;NA;Pleosporales;Pleosporaceae;Bipolaris;Bipolaris sorokiniana
n5402	5402	port_py3_epang_T8	bebd605a-537e-43ec-a745-504fc697054a	flagged by test only					Species	NA	__TAXCLUSTER14__Ilex lohfauensis	0.838	Plantae;Tracheophyta;NA;Aquifoliales;Aquifoliaceae;Ilex;NA
n5402	5402	port_py3_epang_T8	bfe0b73e-c402-4d9e-a93f-a121bf41644b	flagged by test only					Species	Ilex dumosa	Ilex canariensis	1.000	Plantae;Tracheophyta;NA;Aquifoliales;Aquifoliaceae;Ilex;Ilex dumosa
n5402	5402	port_py3_epang_T8	c374a931-2950-482d-98be-4bc6dc0dd66e	flagged by test only					Order	Nymphaeales	Ericales	1.000	Plantae;Tracheophyta;NA;Nymphaeales;Nymphaeaceae;Nymphaea;Nymphaea colorata
n5402	5402	port_py3_epang_T8	c4f9584a-ec7a-4088-9fef-86e6d7ad9249	flagged by test only					Species	Ilex pseudobuxus	Ilex microdonta	0.580	Plantae;Tracheophyta;NA;Aquifoliales;Aquifoliaceae;Ilex;Ilex pseudobuxus
n5402	5402	port_py3_epang_T8	c87e46f3-3d7b-4b19-aef7-a5e12844bec4	flagged by test only					Phylum	NA	Ascomycota	1.000	Fungi;NA;NA;NA;NA;NA;NA
n5402	5402	port_py3_epang_T8	cc5010c5-5d72-4200-b889-b1a810113468	flagged by test only					Phylum	NA	Ascomycota	1.000	Fungi;NA;NA;NA;NA;NA;NA
n5402	5402	port_py3_epang_T8	cd163a3c-377a-40f6-90a5-6d133c5743d0	flagged by test only					Species	Primula moupinensis	__TAXCLUSTER10__Primula helodoxa	0.825	Plantae;Tracheophyta;NA;Ericales;Primulaceae;Primula;Primula moupinensis
n5402	5402	port_py3_epang_T8	cf97ea73-785a-42ff-8d69-7e8550709569	flagged by test only					Species	Primula latifolia	Primula marginata	0.510	Plantae;Tracheophyta;NA;Ericales;Primulaceae;Primula;Primula latifolia
n5402	5402	port_py3_epang_T8	d1ec4ad5-520b-4410-8e28-bea482f8498b	flagged by test only					Species	Bipolaris bicolor	NA	0.952	Fungi;Ascomycota;NA;Pleosporales;Pleosporaceae;Bipolaris;Bipolaris bicolor
n5402	5402	port_py3_epang_T8	d4e326a4-78ba-4884-920d-5df7177e6abf	flagged by test only					Species	Ilex cochinchinensis	__TAXCLUSTER9__Ilex verticillata	0.450	Plantae;Tracheophyta;NA;Aquifoliales;Aquifoliaceae;Ilex;Ilex cochinchinensis
n5402	5402	port_py3_epang_T8	db1f584c-f3d4-4780-ad3e-76e4eca73d40	flagged by test only					Species	Ilex brasiliensis	Ilex pseudobuxus	1.000	Plantae;Tracheophyta;NA;Aquifoliales;Aquifoliaceae;Ilex;Ilex brasiliensis
n5402	5402	port_py3_epang_T8	dc78e940-a731-4224-8e54-2a8a5137fa9d	flagged by test only					Family	NA	Aspergillaceae	1.000	Fungi;Ascomycota;NA;Eurotiales;NA;NA;NA
n5402	5402	port_py3_epang_T8	de9e5304-b1cf-4b34-b848-8dd054541d93	flagged by test only					Species	Asterochloris irregularis	NA	0.743	Plantae;Chlorophyta;NA;Microthamniales;NA;Asterochloris;Asterochloris irregularis
n5402	5402	port_py3_epang_T8	e42c4c5b-b070-4e9f-b57e-31393155e70c	flagged by test only					Species	Scenedesmus basiliensis	NA	0.891	Plantae;Chlorophyta;NA;Sphaeropleales;Scenedesmaceae;Scenedesmus;Scenedesmus basiliensis
n5402	5402	port_py3_epang_T8	e68f9041-91fb-4252-8e25-68b758bf5555	flagged by test only					Phylum	NA	Ascomycota	1.000	Fungi;NA;NA;NA;NA;NA;NA
n5402	5402	port_py3_epang_T8	eb839d67-c3e2-43b8-ae28-d4fc38c62a39	flagged by test only					Kingdom	Plantae	Fungi	1.000	Plantae;Tracheophyta;NA;Poales;Cyperaceae;Carex;Carex acutiformis
n5402	5402	port_py3_epang_T8	edd2429a-216d-4e65-aee9-ba781ed01f88	flagged by test only					Species	Bipolaris sacchari	Bipolaris sorokiniana	0.825	Fungi;Ascomycota;NA;Pleosporales;Pleosporaceae;Bipolaris;Bipolaris sacchari
n5402	5402	port_py3_epang_T8	eea84bc7-417b-43f8-b7e0-dd6d5fa18070	flagged by test only					Species	Ilex cochinchinensis	__TAXCLUSTER9__Ilex verticillata	0.450	Plantae;Tracheophyta;NA;Aquifoliales;Aquifoliaceae;Ilex;Ilex cochinchinensis
n5402	5402	port_py3_epang_T8	f05d5498-bf33-420d-bd43-4c4190720f64	flagged by test only					Species	Primula algida	Cortusa matthioli	1.000	Plantae;Tracheophyta;NA;Ericales;Primulaceae;Primula;Primula algida
n5402	5402	port_py3_epang_T8	f1c3d30e-ec8e-4ef4-8d9b-0bfc4aec585e	flagged by test only					Phylum	NA	Ascomycota	1.000	Fungi;NA;NA;NA;NA;NA;NA
n5402	5402	port_py3_epang_T8	f6a20e51-3b38-46c4-9b35-cda4706b148a	flagged by test only					Species	NA	Nymphaea candida	0.510	Plantae;Tracheophyta;NA;Nymphaeales;Nymphaeaceae;Nymphaea;NA
n5402	5402	port_py3_epang_T8	fa7b9820-6dd1-4496-b573-66927e998ba7	flagged by test only					Species	NA	__TAXCLUSTER14__Ilex lohfauensis	0.838	Plantae;Tracheophyta;NA;Aquifoliales;Aquifoliaceae;Ilex;NA
n5402	5402	port_py3_epang_T8_K25	05bd1843-22da-4c7a-be34-c341622261bb	same rank, other proposal	Species	__TAXCLUSTER7__Scorzonera alpigena	Scorzonera laciniata	0.501	Species	__TAXCLUSTER7__Scorzonera alpigena	Scorzonera cana	1.000	Plantae;Tracheophyta;NA;Asterales;Asteraceae;Scorzonera;__TAXCLUSTER7__Scorzonera alpigena
n5402	5402	port_py3_epang_T8_K25	0a203e5c-1a0d-4d8d-9ed3-28f79a23e777	rank differs	Phylum	Ascomycota	NA	0.979	Family	NA	Aspergillaceae	0.990	Fungi;Ascomycota;NA;Eurotiales;NA;NA;NA
n5402	5402	port_py3_epang_T8_K25	0c1db646-f2ad-4dad-99a8-0a9e175bd235	same rank, other proposal	Species	NA	Primula veris	0.979	Species	NA	Primula elatior	1.000	Plantae;Tracheophyta;NA;Ericales;Primulaceae;Primula;NA
n5402	5402	port_py3_epang_T8_K25	0fbcec05-2139-4f90-86ca-d6156da61682	rank differs	Phylum	Ascomycota	NA	0.979	Genus	NA	Aspergillus	0.990	Fungi;Ascomycota;NA;Eurotiales;Aspergillaceae;NA;NA
n5402	5402	port_py3_epang_T8_K25	0fc404e0-10c3-4178-b611-e127391f3978	same rank, other proposal	Phylum	NA	Rozellomycota	0.833	Phylum	NA	Basidiomycota	1.000	Fungi;NA;NA;NA;NA;NA;NA
n5402	5402	port_py3_epang_T8_K25	15fe320a-bd05-43c5-9350-d2f7d015b976	rank differs	Species	Scorzonera meshhedensis	NA	0.650	Family	Asteraceae	NA	0.510	Plantae;Tracheophyta;NA;Asterales;Asteraceae;Scorzonera;Scorzonera meshhedensis
n5402	5402	port_py3_epang_T8_K25	1725da22-c0dc-4cc9-b78a-398764d5ffdd	rank differs	Phylum	Ascomycota	NA	0.955	Family	Aspergillaceae	NA	0.944	Fungi;Ascomycota;NA;Eurotiales;Aspergillaceae;Aspergillus;NA
n5402	5402	port_py3_epang_T8_K25	18c4dfeb-d149-42c0-b051-0ae0bd191a5c	same rank, other proposal	Species	Bipolaris bicolor	NA	0.996	Species	Bipolaris bicolor	Bipolaris sorokiniana	1.000	Fungi;Ascomycota;NA;Pleosporales;Pleosporaceae;Bipolaris;Bipolaris bicolor
n5402	5402	port_py3_epang_T8_K25	1ebef10b-e0c3-473f-b096-28593bacb8a0	rank differs	Species	Scorzonera humilis	NA	0.480	Genus	Scorzonera	Avellara	0.488	Plantae;Tracheophyta;NA;Asterales;Asteraceae;Scorzonera;Scorzonera humilis
n5402	5402	port_py3_epang_T8_K25	21e7049f-da4a-4160-9460-94526c710175	rank differs	Phylum	Ascomycota	NA	0.979	Genus	NA	Aspergillus	0.990	Fungi;Ascomycota;NA;Eurotiales;Aspergillaceae;NA;NA
n5402	5402	port_py3_epang_T8_K25	220c0935-d999-4046-beb0-5c85b36955c9	same rank, other proposal	Species	Ilex kunthiana	Ilex dumosa	0.741	Species	Ilex kunthiana	Ilex canariensis	1.000	Plantae;Tracheophyta;NA;Aquifoliales;Aquifoliaceae;Ilex;Ilex kunthiana
n5402	5402	port_py3_epang_T8_K25	2570e0d5-a798-4f03-a215-866c1f10ff35	same rank, other proposal	Species	Primula scotica	Primula farinosa	0.712	Species	Primula scotica	NA	0.959	Plantae;Tracheophyta;NA;Ericales;Primulaceae;Primula;Primula scotica
n5402	5402	port_py3_epang_T8_K25	273b6209-05d7-45f9-8c64-c0bec9d1e371	same rank, other proposal	Species	Scorzonera grossheimii	Scorzonera laciniata	0.501	Species	Scorzonera grossheimii	Scorzonera cana	1.000	Plantae;Tracheophyta;NA;Asterales;Asteraceae;Scorzonera;Scorzonera grossheimii
n5402	5402	port_py3_epang_T8_K25	2d26f9a8-cd5c-406a-9f83-a5230dbc9b24	same rank, other proposal	Species	Bipolaris bicolor	NA	0.907	Species	Bipolaris bicolor	Bipolaris sorokiniana	1.000	Fungi;Ascomycota;NA;Pleosporales;Pleosporaceae;Bipolaris;Bipolaris bicolor
n5402	5402	port_py3_epang_T8_K25	305639da-85cd-49ef-91d9-f4d119c01724	rank differs	Phylum	Ascomycota	NA	0.979	Family	NA	Aspergillaceae	0.990	Fungi;Ascomycota;NA;Eurotiales;NA;NA;NA
n5402	5402	port_py3_epang_T8_K25	3094c049-8a9f-48f0-a1e3-5187aac72b2b	rank differs	Phylum	Ascomycota	NA	0.961	Genus	Aspergillus	NA	0.805	Fungi;Ascomycota;NA;Eurotiales;Aspergillaceae;Aspergillus;NA
n5402	5402	port_py3_epang_T8_K25	32566fde-00ff-4522-b9f2-d20abdfabb4a	same rank, other proposal	Species	NA	Scorzonera laciniata	0.501	Species	NA	Scorzonera cana	1.000	Plantae;Tracheophyta;NA;Asterales;Asteraceae;Scorzonera;NA
n5402	5402	port_py3_epang_T8_K25	34565678-fd21-43bc-bdfd-81857813d66b	rank differs	Phylum	Ascomycota	NA	0.979	Family	NA	Aspergillaceae	0.990	Fungi;Ascomycota;NA;Eurotiales;NA;NA;NA
n5402	5402	port_py3_epang_T8_K25	3a9bea8c-2003-4a51-bc5b-f3bd71a29006	same rank, other proposal	Species	NA	Primula vulgaris	0.940	Species	NA	Primula elatior	1.000	Plantae;Tracheophyta;NA;Ericales;Primulaceae;Primula;NA
n5402	5402	port_py3_epang_T8_K25	3f6abd7f-f0d5-443f-a389-a6eee27f6f9c	same rank, other proposal	Species	Primula kialensis	Primula auriculata	0.855	Species	Primula kialensis	NA	0.635	Plantae;Tracheophyta;NA;Ericales;Primulaceae;Primula;Primula kialensis
n5402	5402	port_py3_epang_T8_K25	43d1f2da-cd5a-4920-b63c-9cad47de73d6	rank differs	Species	Scorzonera rupicola	NA	0.502	Genus	Scorzonera	Avellara	0.506	Plantae;Tracheophyta;NA;Asterales;Asteraceae;Scorzonera;Scorzonera rupicola
n5402	5402	port_py3_epang_T8_K25	48a13c9c-9be2-49d3-bfce-402636c5db17	same rank, other proposal	Species	NA	Ilex chapaensis	0.505	Species	NA	Ilex pseudobuxus	0.510	Plantae;Tracheophyta;NA;Aquifoliales;Aquifoliaceae;Ilex;NA
n5402	5402	port_py3_epang_T8_K25	49b03b88-ea7d-4272-a021-e022a3956e26	same rank, other proposal	Species	Scorzonera meyeri	Scorzonera laciniata	0.505	Species	Scorzonera meyeri	Scorzonera cana	0.999	Plantae;Tracheophyta;NA;Asterales;Asteraceae;Scorzonera;Scorzonera meyeri
n5402	5402	port_py3_epang_T8_K25	4d80381b-695e-4280-bc97-49c12f8a19b6	same rank, other proposal	Species	Ilex kunthiana	Ilex dumosa	0.741	Species	Ilex kunthiana	Ilex canariensis	1.000	Plantae;Tracheophyta;NA;Aquifoliales;Aquifoliaceae;Ilex;Ilex kunthiana
n5402	5402	port_py3_epang_T8_K25	5760c42e-ab35-48e7-b496-df3af57d3f42	same rank, other proposal	Species	Ilex paraguariensis	__TAXCLUSTER5__Ilex nitida	0.885	Species	Ilex paraguariensis	Ilex cornuta	0.491	Plantae;Tracheophyta;NA;Aquifoliales;Aquifoliaceae;Ilex;Ilex paraguariensis
n5402	5402	port_py3_epang_T8_K25	5c4c7b4d-3a48-41e6-aa23-16fd38952d2b	rank differs	Phylum	Ascomycota	NA	0.955	Family	Aspergillaceae	NA	0.944	Fungi;Ascomycota;NA;Eurotiales;Aspergillaceae;Aspergillus;NA
n5402	5402	port_py3_epang_T8_K25	6072c3d3-27f2-4254-b369-2512e90d8d14	same rank, other proposal	Species	__TAXCLUSTER7__Scorzonera alpigena	Scorzonera laciniata	0.501	Species	__TAXCLUSTER7__Scorzonera alpigena	Scorzonera cana	1.000	Plantae;Tracheophyta;NA;Asterales;Asteraceae;Scorzonera;__TAXCLUSTER7__Scorzonera alpigena
n5402	5402	port_py3_epang_T8_K25	637cc4d6-fd74-4920-ac5f-b8df30a53a36	same rank, other proposal	Phylum	Marchantiophyta	Tracheophyta	0.814	Phylum	Marchantiophyta	Rhodophyta	1.000	Plantae;Marchantiophyta;NA
n5402	5402	port_py3_epang_T8_K25	6395c587-d1fa-4afd-927a-b8028547a117	same rank, other proposal	Species	Scorzonera meshhedensis	NA	0.736	Species	Scorzonera meshhedensis	Scorzonera cana	0.992	Plantae;Tracheophyta;NA;Asterales;Asteraceae;Scorzonera;Scorzonera meshhedensis
n5402	5402	port_py3_epang_T8_K25	6624c4e2-ddf6-463a-bb87-55ad83adf28f	rank differs	Phylum	Ascomycota	NA	0.979	Family	NA	Aspergillaceae	0.990	Fungi;Ascomycota;NA;Eurotiales;NA;NA;NA
n5402	5402	port_py3_epang_T8_K25	6d801571-9def-47be-9b28-5c7c38b1bc5a	same rank, other proposal	Species	NA	Scorzonera laciniata	0.459	Species	NA	Scorzonera cana	0.939	Plantae;Tracheophyta;NA;Asterales;Asteraceae;Scorzonera;NA
n5402	5402	port_py3_epang_T8_K25	7db8eea4-eb27-413e-b113-1ab22d18a77c	same rank, other proposal	Species	Scorzonera songorica	NA	0.736	Species	Scorzonera songorica	Scorzonera cana	0.992	Plantae;Tracheophyta;NA;Asterales;Asteraceae;Scorzonera;Scorzonera songorica
n5402	5402	port_py3_epang_T8_K25	80e412c5-b073-4eca-b960-861ace5b4481	rank differs	Species	Scorzonera grossheimii	NA	0.500	Family	Asteraceae	NA	0.510	Plantae;Tracheophyta;NA;Asterales;Asteraceae;Scorzonera;Scorzonera grossheimii
n5402	5402	port_py3_epang_T8_K25	82161f98-69aa-4b58-a88a-bb51dc9d4839	rank differs	Phylum	Ascomycota	NA	0.979	Genus	NA	Aspergillus	0.990	Fungi;Ascomycota;NA;Eurotiales;Aspergillaceae;NA;NA
n5402	5402	port_py3_epang_T8_K25	828a4923-aa40-4d1e-8f73-c8f394cec4c5	rank differs	Species	Scorzonera meyeri	NA	0.500	Family	Asteraceae	NA	0.510	Plantae;Tracheophyta;NA;Asterales;Asteraceae;Scorzonera;Scorzonera meyeri
n5402	5402	port_py3_epang_T8_K25	837dbf19-2f7f-4701-8404-f7a8f028d034	rank differs	Phylum	Ascomycota	NA	0.979	Genus	NA	Aspergillus	0.990	Fungi;Ascomycota;NA;Eurotiales;Aspergillaceae;NA;NA
n5402	5402	port_py3_epang_T8_K25	87ff8bcc-1e93-4eda-8ed7-c4769d033b38	rank differs	Phylum	Ascomycota	NA	0.979	Family	NA	Aspergillaceae	0.990	Fungi;Ascomycota;NA;Eurotiales;NA;NA;NA
n5402	5402	port_py3_epang_T8_K25	880bdd32-9d7b-4ab4-89db-8bbe9f1e43c2	same rank, other proposal	Genus	Takhtajaniantha	Gelasia	0.997	Genus	Takhtajaniantha	Scorzonera	0.946	Plantae;Tracheophyta;NA;Asterales;Asteraceae;Takhtajaniantha;Scorzonera latifolia
n5402	5402	port_py3_epang_T8_K25	8ec630d6-6d62-4821-a69f-79bf72c14c84	rank differs	Kingdom	Fungi	Plantae	0.999	Phylum	NA	Ascomycota	0.672	Fungi;NA;NA;NA;NA;NA;NA
n5402	5402	port_py3_epang_T8_K25	9ab4c695-afe7-4ef5-bc35-b49f03885557	rank differs	Phylum	Ascomycota	NA	0.979	Genus	NA	Aspergillus	0.990	Fungi;Ascomycota;NA;Eurotiales;Aspergillaceae;NA;NA
n5402	5402	port_py3_epang_T8_K25	9dbad80d-47c7-45ce-ad81-f127aa3a15c0	same rank, other proposal	Species	Primula juliae	Primula vulgaris	0.940	Species	Primula juliae	Primula elatior	1.000	Plantae;Tracheophyta;NA;Ericales;Primulaceae;Primula;Primula juliae
n5402	5402	port_py3_epang_T8_K25	9f0fc14d-aa4e-42c3-99aa-8d3bce2a1f2e	rank differs	Phylum	Ascomycota	NA	0.979	Genus	NA	Aspergillus	0.990	Fungi;Ascomycota;NA;Eurotiales;Aspergillaceae;NA;NA
n5402	5402	port_py3_epang_T8_K25	a60576b4-b844-4438-adba-1d63e0b39a85	same rank, other proposal	Species	Primula juliae	Primula vulgaris	0.936	Species	Primula juliae	Primula elatior	1.000	Plantae;Tracheophyta;NA;Ericales;Primulaceae;Primula;Primula juliae
n5402	5402	port_py3_epang_T8_K25	afe0c2ea-eabd-4592-bfc4-418cd425439d	same rank, other proposal	Species	Podospermum armenaicum	Scorzonera laciniata	0.513	Species	Podospermum armenaicum	Scorzonera cana	1.000	Plantae;Tracheophyta;NA;Asterales;Asteraceae;Scorzonera;Podospermum armenaicum
n5402	5402	port_py3_epang_T8_K25	b2698a7f-89cd-4982-a792-9af57aae6aec	rank differs	Species	Podospermum armenaicum	NA	0.500	Family	Asteraceae	NA	0.510	Plantae;Tracheophyta;NA;Asterales;Asteraceae;Scorzonera;Podospermum armenaicum
n5402	5402	port_py3_epang_T8_K25	b6d8728e-79f1-4161-a00d-e44d0d55b6f9	same rank, other proposal	Species	Scorzonera laciniata	NA	0.731	Species	Scorzonera laciniata	Scorzonera cana	0.995	Plantae;Tracheophyta;NA;Asterales;Asteraceae;Scorzonera;Scorzonera laciniata
n5402	5402	port_py3_epang_T8_K25	bde14395-f274-48a3-bc79-04715c5e53a4	rank differs	Phylum	Ascomycota	NA	0.955	Family	Aspergillaceae	NA	0.944	Fungi;Ascomycota;NA;Eurotiales;Aspergillaceae;Aspergillus;NA
n5402	5402	port_py3_epang_T8_K25	c53a3dc1-f43c-4d83-8903-b38499f3e58b	same rank, other proposal	Species	Primula stricta	Primula farinosa	0.845	Species	Primula stricta	NA	0.862	Plantae;Tracheophyta;NA;Ericales;Primulaceae;Primula;Primula stricta
n5402	5402	port_py3_epang_T8_K25	d0ef184b-b4a3-4c7d-a595-27a16025db4e	same rank, other proposal	Species	Bipolaris bicolor	NA	0.996	Species	Bipolaris bicolor	Bipolaris sorokiniana	1.000	Fungi;Ascomycota;NA;Pleosporales;Pleosporaceae;Bipolaris;Bipolaris bicolor
n5402	5402	port_py3_epang_T8_K25	d5331c5d-abaa-44fe-b433-8bd111bd6103	rank differs	Phylum	Ascomycota	NA	0.979	Family	NA	Aspergillaceae	0.990	Fungi;Ascomycota;NA;Eurotiales;NA;NA;NA
n5402	5402	port_py3_epang_T8_K25	d70864c5-a547-42b6-924d-f0c3ea568f80	rank differs	Phylum	Ascomycota	NA	0.979	Family	NA	Aspergillaceae	0.990	Fungi;Ascomycota;NA;Eurotiales;NA;NA;NA
n5402	5402	port_py3_epang_T8_K25	ece734cb-2da2-4219-b034-e2ab73f6e576	rank differs	Phylum	Ascomycota	NA	0.979	Genus	NA	Aspergillus	0.990	Fungi;Ascomycota;NA;Eurotiales;Aspergillaceae;NA;NA
n5402	5402	port_py3_epang_T8_K25	f40f2308-6c0a-49cc-ae56-22a3fcff4a31	rank differs	Phylum	Ascomycota	NA	0.979	Genus	NA	Aspergillus	0.990	Fungi;Ascomycota;NA;Eurotiales;Aspergillaceae;NA;NA
n5402	5402	port_py3_epang_T8_K25	00ae642b-996d-4801-bb89-c60dad5ab8f8	flagged by reference only	Species	Primula elatior	Primula vulgaris	0.932					Plantae;Tracheophyta;NA;Ericales;Primulaceae;Primula;Primula elatior
n5402	5402	port_py3_epang_T8_K25	03dcd463-dc0a-442f-b02b-3b118fcc9f89	flagged by reference only	Phylum	Ascomycota	NA	0.957					Fungi;Ascomycota;NA;Eurotiales;Aspergillaceae;Aspergillus;NA
n5402	5402	port_py3_epang_T8_K25	071049b9-39fd-4ac9-8713-e574cae880cc	flagged by reference only	Species	NA	Ilex dumosa	0.893					Plantae;Tracheophyta;NA;Aquifoliales;Aquifoliaceae;Ilex;NA
n5402	5402	port_py3_epang_T8_K25	076e5bc3-e127-40cd-a368-db48acd30a11	flagged by reference only	Phylum	Ascomycota	NA	0.990					Fungi;Ascomycota;NA;Eurotiales;Aspergillaceae;Aspergillus;NA
n5402	5402	port_py3_epang_T8_K25	07cc3234-f742-4db1-9602-5aac4c2e1bb6	flagged by reference only	Phylum	Ascomycota	NA	0.979					Fungi;Ascomycota;NA;Eurotiales;Aspergillaceae;Aspergillus;NA
n5402	5402	port_py3_epang_T8_K25	08aa7f7b-5658-49b6-83d5-469223baad9e	flagged by reference only	Species	Scorzonera cana	Scorzonera laciniata	0.501					Plantae;Tracheophyta;NA;Asterales;Asteraceae;Scorzonera;Scorzonera cana
n5402	5402	port_py3_epang_T8_K25	0a9ea037-1a6c-4bf8-9439-01b562d25b70	flagged by reference only	Species	Ahnfeltia fastigiata	Ahnfeltia borealis	0.936					Plantae;Rhodophyta;NA;Ahnfeltiales;Ahnfeltiaceae;Ahnfeltia;Ahnfeltia fastigiata
n5402	5402	port_py3_epang_T8_K25	0fdf9944-6815-4705-b17e-f89ce31ad9dc	flagged by reference only	Phylum	Ascomycota	NA	0.979					Fungi;Ascomycota;NA;Eurotiales;Aspergillaceae;Aspergillus;NA
n5402	5402	port_py3_epang_T8_K25	0ff9deda-1c0e-4bc0-bbdc-47daf655941a	flagged by reference only	Phylum	Ascomycota	NA	0.979					Fungi;Ascomycota;NA;Eurotiales;Aspergillaceae;Aspergillus;NA
n5402	5402	port_py3_epang_T8_K25	11e94f0c-7474-4915-9292-eb3f363dbf47	flagged by reference only	Species	Ilex tsoi	Ilex macropoda	0.444					Plantae;Tracheophyta;NA;Aquifoliales;Aquifoliaceae;Ilex;Ilex tsoi
n5402	5402	port_py3_epang_T8_K25	1397aac3-68bb-4c5b-97c4-1719b63228f4	flagged by reference only	Phylum	Ascomycota	NA	0.959					Fungi;Ascomycota;NA;Eurotiales;Aspergillaceae;Aspergillus;NA
n5402	5402	port_py3_epang_T8_K25	14644f0d-0820-4736-a717-f9f0971b1550	flagged by reference only	Species	NA	Ilex latifolia	0.712					Plantae;Tracheophyta;NA;Aquifoliales;Aquifoliaceae;Ilex;NA
n5402	5402	port_py3_epang_T8_K25	14da7cc7-2cc6-4a54-ba9a-da5f612eb809	flagged by reference only	Phylum	Ascomycota	NA	0.957					Fungi;Ascomycota;NA;Eurotiales;Aspergillaceae;Aspergillus;NA
n5402	5402	port_py3_epang_T8_K25	16abc43e-c596-428d-902e-68dbebad42fe	flagged by reference only	Order	Eurotiales	Caliciales	0.482					Fungi;Ascomycota;NA;Eurotiales;Aspergillaceae;Aspergillus;NA
n5402	5402	port_py3_epang_T8_K25	1a36c39a-4914-4d75-a7b3-380c13e5d468	flagged by reference only	Phylum	Ascomycota	NA	0.979					Fungi;Ascomycota;NA;Eurotiales;Aspergillaceae;Aspergillus;NA
n5402	5402	port_py3_epang_T8_K25	1aaace59-026a-4b50-9666-12fe244cd256	flagged by reference only	Species	Scorzonera cana	Scorzonera laciniata	0.505					Plantae;Tracheophyta;NA;Asterales;Asteraceae;Scorzonera;Scorzonera cana
n5402	5402	port_py3_epang_T8_K25	1ac1131b-fc44-4a7f-b4c9-39aef53aacd6	flagged by reference only	Phylum	Ascomycota	NA	0.979					Fungi;Ascomycota;NA;Eurotiales;Aspergillaceae;Aspergillus;NA
n5402	5402	port_py3_epang_T8_K25	1b439a0b-ec06-491e-bbea-3c918fa05089	flagged by reference only	Phylum	Ascomycota	NA	0.946					Fungi;Ascomycota;NA;Eurotiales;Aspergillaceae;Aspergillus;NA
n5402	5402	port_py3_epang_T8_K25	1b5f2ed7-24db-4c38-a313-02f216154b3d	flagged by reference only	Phylum	Ascomycota	NA	0.979					Fungi;Ascomycota;NA;Eurotiales;Aspergillaceae;Aspergillus;NA
n5402	5402	port_py3_epang_T8_K25	1ce6e2e4-35e9-437d-8f63-2e53e508cb1c	flagged by reference only	Species	Nymphaea odorata	Nymphaea mexicana	0.510					Plantae;Tracheophyta;NA;Nymphaeales;Nymphaeaceae;Nymphaea;Nymphaea odorata
n5402	5402	port_py3_epang_T8_K25	1e9787ea-ed6a-4151-860e-067b06deca6c	flagged by reference only	Species	Aspergillus penicillioides	NA	0.989					Fungi;Ascomycota;NA;Eurotiales;Aspergillaceae;Aspergillus;Aspergillus penicillioides
n5402	5402	port_py3_epang_T8_K25	20e3ae12-df8d-451c-b400-724cfb26c93a	flagged by reference only	Species	NA	Asterochloris italiana	0.693					Plantae;Chlorophyta;NA;Microthamniales;NA;Asterochloris;NA
n5402	5402	port_py3_epang_T8_K25	213df940-1c78-4d7b-b0e7-9f349fe330e7	flagged by reference only	Species	Scorzonera hirsuta	Gelasia caespitosa	0.509					Plantae;Tracheophyta;NA;Asterales;Asteraceae;Gelasia;Scorzonera hirsuta
n5402	5402	port_py3_epang_T8_K25	23d0cbcd-95ec-4424-887b-a8de64e50d49	flagged by reference only	Species	Primula elatior	Primula vulgaris	0.822					Plantae;Tracheophyta;NA;Ericales;Primulaceae;Primula;Primula elatior
n5402	5402	port_py3_epang_T8_K25	26a97b41-adb7-419e-b846-9fc2766b44a6	flagged by reference only	Phylum	Ascomycota	NA	0.979					Fungi;Ascomycota;NA;Eurotiales;Aspergillaceae;Aspergillus;NA
n5402	5402	port_py3_epang_T8_K25	2b01709e-55ec-459c-993a-db840a73c6b8	flagged by reference only	Species	Mucuna bennettii	Mucuna warburgii	0.929					Plantae;Tracheophyta;NA;Fabales;Fabaceae;Mucuna;Mucuna bennettii
n5402	5402	port_py3_epang_T8_K25	2cc256c7-18cb-4dd1-8b09-096b820a1840	flagged by reference only	Species	Asterochloris woessiae	NA	0.725					Plantae;Chlorophyta;NA;Microthamniales;NA;Asterochloris;Asterochloris woessiae
n5402	5402	port_py3_epang_T8_K25	2cefc528-3e88-4f9c-99cd-de22c20a2745	flagged by reference only	Species	NA	Primula auriculata	0.834					Plantae;Tracheophyta;NA;Ericales;Primulaceae;Primula;NA
n5402	5402	port_py3_epang_T8_K25	334f9b2a-c11d-4004-8187-c57495f32044	flagged by reference only	Species	Primula nivalis	Primula longipes	0.901					Plantae;Tracheophyta;NA;Ericales;Primulaceae;Primula;Primula nivalis
n5402	5402	port_py3_epang_T8_K25	33c1c868-a488-4696-b41c-d711dff0b706	flagged by reference only	Phylum	Ascomycota	NA	0.979					Fungi;Ascomycota;NA;Eurotiales;Aspergillaceae;Aspergillus;NA
n5402	5402	port_py3_epang_T8_K25	34ca8033-eabf-4e9e-85e3-1337b6a7131b	flagged by reference only	Species	Primula elatior	Primula veris	0.979					Plantae;Tracheophyta;NA;Ericales;Primulaceae;Primula;Primula elatior
n5402	5402	port_py3_epang_T8_K25	35a682cd-60a0-4657-9fa6-873150bbc104	flagged by reference only	Species	Primula elatior	Primula vulgaris	0.912					Plantae;Tracheophyta;NA;Ericales;Primulaceae;Primula;Primula elatior
n5402	5402	port_py3_epang_T8_K25	3714416d-0f4c-4611-a62b-2c9cbe09d0f8	flagged by reference only	Species	NA	Ilex chinensis	0.964					Plantae;Tracheophyta;NA;Aquifoliales;Aquifoliaceae;Ilex;NA
n5402	5402	port_py3_epang_T8_K25	3bc2fd39-492c-45fb-90ca-2123e59b6a6b	flagged by reference only	Phylum	Ascomycota	NA	0.979					Fungi;Ascomycota;NA;Eurotiales;Aspergillaceae;Aspergillus;NA
n5402	5402	port_py3_epang_T8_K25	3c6b4584-945c-43eb-b023-47dc571558c7	flagged by reference only	Species	Asterochloris irregularis	Asterochloris glomerata	0.433					Plantae;Chlorophyta;NA;Microthamniales;NA;Asterochloris;Asterochloris irregularis
n5402	5402	port_py3_epang_T8_K25	3fc66a6e-8cb6-4775-bba6-34a263c36c8a	flagged by reference only	Species	Scorzonera cana	Scorzonera laciniata	0.477					Plantae;Tracheophyta;NA;Asterales;Asteraceae;Scorzonera;Scorzonera cana
n5402	5402	port_py3_epang_T8_K25	40e6c789-8b27-49b5-b2d3-f116be0b9f6d	flagged by reference only	Phylum	Ascomycota	NA	0.979					Fungi;Ascomycota;NA;Eurotiales;Aspergillaceae;Aspergillus;NA
n5402	5402	port_py3_epang_T8_K25	467f2e49-f2a1-4fbe-b785-b7f446063d23	flagged by reference only	Phylum	Ascomycota	NA	0.979					Fungi;Ascomycota;NA;Eurotiales;Aspergillaceae;Aspergillus;NA
n5402	5402	port_py3_epang_T8_K25	4799bbd3-6f74-478a-a51c-f7212f1b61a9	flagged by reference only	Species	Primula matthioli	Cortusa matthioli	1.000					Plantae;Tracheophyta;NA;Ericales;Primulaceae;Primula;Primula matthioli
n5402	5402	port_py3_epang_T8_K25	4927ad31-95e2-47c5-acc2-e15d6dabac3d	flagged by reference only	Species	Scorzonera cana	Scorzonera laciniata	0.501					Plantae;Tracheophyta;NA;Asterales;Asteraceae;Scorzonera;Scorzonera cana
n5402	5402	port_py3_epang_T8_K25	49efd852-fc8c-47f1-b315-403a54e85348	flagged by reference only	Phylum	Basidiomycota	NA	1.000					Fungi;Basidiomycota;NA;Cantharellales;Tulasnellaceae;NA;NA
n5402	5402	port_py3_epang_T8_K25	4b70afd0-e960-4fcd-bdc0-9e4bb7a5cd99	flagged by reference only	Phylum	Ascomycota	NA	0.979					Fungi;Ascomycota;NA;Eurotiales;Aspergillaceae;Aspergillus;NA
n5402	5402	port_py3_epang_T8_K25	4c58a234-9a0a-4052-b074-618b7c5ea398	flagged by reference only	Species	Primula auricula	Primula marginata	0.440					Plantae;Tracheophyta;NA;Ericales;Primulaceae;Primula;Primula auricula
n5402	5402	port_py3_epang_T8_K25	4c6ff2fd-9698-4e84-8ebc-39e2601dd72d	flagged by reference only	Species	Asterochloris mediterranea	NA	0.734					Plantae;Chlorophyta;NA;Microthamniales;NA;Asterochloris;Asterochloris mediterranea
n5402	5402	port_py3_epang_T8_K25	4f5a77c5-9ee4-46d5-b095-8a1600ddb6ef	flagged by reference only	Phylum	Ascomycota	NA	0.979					Fungi;Ascomycota;NA;Eurotiales;Aspergillaceae;Aspergillus;NA
n5402	5402	port_py3_epang_T8_K25	4fd4c436-cbab-44bf-956f-f676fcb68535	flagged by reference only	Phylum	Ascomycota	NA	0.979					Fungi;Ascomycota;NA;Eurotiales;Aspergillaceae;Aspergillus;NA
n5402	5402	port_py3_epang_T8_K25	4fdc2d5c-fe5d-4273-908e-6785b6f69cb7	flagged by reference only	Phylum	Ascomycota	NA	0.955					Fungi;Ascomycota;NA;Eurotiales;NA;NA;NA
n5402	5402	port_py3_epang_T8_K25	51702362-1a19-42f3-8fd4-f5abcbbe0310	flagged by reference only	Genus	Scorzonera	Gelasia	0.999					Plantae;Tracheophyta;NA;Asterales;Asteraceae;Scorzonera;NA
n5402	5402	port_py3_epang_T8_K25	51825c9b-0c38-4da9-b637-206559bb251c	flagged by reference only	Species	NA	Primula chionantha	0.486					Plantae;Tracheophyta;NA;Ericales;Primulaceae;Primula;NA
n5402	5402	port_py3_epang_T8_K25	52a54f3b-b2c6-418c-ab0b-09ad1ce64f4f	flagged by reference only	Species	Primula matthioli	Cortusa matthioli	0.999					Plantae;Tracheophyta;NA;Ericales;Primulaceae;Primula;Primula matthioli
n5402	5402	port_py3_epang_T8_K25	52ee4c25-e482-40e8-b264-0838f7555fbf	flagged by reference only	Species	NA	Asterochloris italiana	0.868					Plantae;Chlorophyta;NA;Microthamniales;NA;Asterochloris;NA
n5402	5402	port_py3_epang_T8_K25	53123e18-fd59-4734-9557-fe6d7bf65cff	flagged by reference only	Phylum	Ascomycota	NA	0.979					Fungi;Ascomycota;NA;Eurotiales;Aspergillaceae;Aspergillus;NA
n5402	5402	port_py3_epang_T8_K25	53c36fcc-620d-4a64-977a-e634ec058619	flagged by reference only	Species	Primula dongchuanensis	__TAXCLUSTER10__Primula helodoxa	0.542					Plantae;Tracheophyta;NA;Ericales;Primulaceae;Primula;Primula dongchuanensis
n5402	5402	port_py3_epang_T8_K25	543c8f55-7170-48c2-beee-ea019268da8f	flagged by reference only	Phylum	Ascomycota	NA	0.979					Fungi;Ascomycota;NA;Eurotiales;Aspergillaceae;Aspergillus;NA
n5402	5402	port_py3_epang_T8_K25	55d2e1c1-4323-46f9-8466-f5c06b3de798	flagged by reference only	Species	NA	Asterochloris glomerata	0.433					Plantae;Chlorophyta;NA;Microthamniales;NA;Asterochloris;NA
n5402	5402	port_py3_epang_T8_K25	5695f4e5-3431-47d7-bc75-86221ca53c5d	flagged by reference only	Species	Primula matthioli	Cortusa matthioli	1.000					Plantae;Tracheophyta;NA;Ericales;Primulaceae;Primula;Primula matthioli
n5402	5402	port_py3_epang_T8_K25	5b1865a8-3cb9-4d4f-9289-611ed0fc6c7a	flagged by reference only	Phylum	Ascomycota	NA	0.979					Fungi;Ascomycota;NA;Eurotiales;Aspergillaceae;Aspergillus;NA
n5402	5402	port_py3_epang_T8_K25	5fced340-2b94-47b4-b9fd-8a490474abb6	flagged by reference only	Species	Primula handeliana	Primula longipes	0.901					Plantae;Tracheophyta;NA;Ericales;Primulaceae;Primula;Primula handeliana
n5402	5402	port_py3_epang_T8_K25	5ff66743-ac50-4d3e-af55-82adaaf6efdc	flagged by reference only	Phylum	Ascomycota	NA	0.979					Fungi;Ascomycota;NA;Eurotiales;Aspergillaceae;Aspergillus;NA
n5402	5402	port_py3_epang_T8_K25	607930de-d2db-465a-81ac-2cae77b6e726	flagged by reference only	Phylum	Ascomycota	NA	0.979					Fungi;Ascomycota;NA;Eurotiales;Aspergillaceae;Aspergillus;NA
n5402	5402	port_py3_epang_T8_K25	61c76c58-d7ab-426a-b052-a8577bdce8c0	flagged by reference only	Phylum	Ascomycota	NA	0.979					Fungi;Ascomycota;NA;Eurotiales;Aspergillaceae;Aspergillus;NA
n5402	5402	port_py3_epang_T8_K25	63d38c90-3385-454d-93d0-7cd78628c5c1	flagged by reference only	Species	Primula handeliana	Primula longipes	0.901					Plantae;Tracheophyta;NA;Ericales;Primulaceae;Primula;Primula handeliana
n5402	5402	port_py3_epang_T8_K25	6595f094-7a95-4453-8e5a-8327d805f98f	flagged by reference only	Species	NA	Asterochloris glomerata	0.433					Plantae;Chlorophyta;NA;Microthamniales;NA;Asterochloris;NA
n5402	5402	port_py3_epang_T8_K25	65e383cb-8ff3-4b15-934b-a35dc2d6e1dc	flagged by reference only	Phylum	Ascomycota	NA	0.990					Fungi;Ascomycota;NA;Eurotiales;Aspergillaceae;Aspergillus;NA
n5402	5402	port_py3_epang_T8_K25	6790a1d9-1b8a-4158-aa57-667b6b58e359	flagged by reference only	Genus	Pseudopodospermum	Scorzonera	0.999					Plantae;Tracheophyta;NA;Asterales;Asteraceae;Pseudopodospermum
n5402	5402	port_py3_epang_T8_K25	68cc08eb-c3cc-43d6-8e36-c77f8041de97	flagged by reference only	Phylum	Ascomycota	NA	0.979					Fungi;Ascomycota;NA;Eurotiales;Aspergillaceae;Aspergillus;NA
n5402	5402	port_py3_epang_T8_K25	694550dc-2464-41d7-8575-b61eb76fb4eb	flagged by reference only	Phylum	Ascomycota	NA	0.979					Fungi;Ascomycota;NA;Eurotiales;Aspergillaceae;Aspergillus;NA
n5402	5402	port_py3_epang_T8_K25	73b983f2-ef79-45f8-ba0c-99aba358b3c8	flagged by reference only	Species	Aspergillus penicillioides	NA	0.989					Fungi;Ascomycota;NA;Eurotiales;Aspergillaceae;Aspergillus;Aspergillus penicillioides
n5402	5402	port_py3_epang_T8_K25	74e4f1f6-99e6-4bdb-af81-c275672c28b2	flagged by reference only	Species	Bipolaris bicolor	NA	0.903					Fungi;Ascomycota;NA;Pleosporales;Pleosporaceae;Bipolaris;Bipolaris bicolor
n5402	5402	port_py3_epang_T8_K25	78bc7019-e5e3-42ea-900d-34afdf5c61e8	flagged by reference only	Species	NA	Primula farinosa	0.845					Plantae;Tracheophyta;NA;Ericales;Primulaceae;Primula;NA
n5402	5402	port_py3_epang_T8_K25	7a6af31f-b747-4847-94e7-918fcdcd3620	flagged by reference only	Species	NA	Asterochloris glomerata	0.433					Plantae;Chlorophyta;NA;Microthamniales;NA;Asterochloris;NA
n5402	5402	port_py3_epang_T8_K25	7dacca45-4667-4ce5-83af-af818e59bc2f	flagged by reference only	Phylum	Ascomycota	NA	0.979					Fungi;Ascomycota;NA;Eurotiales;Aspergillaceae;Aspergillus;NA
n5402	5402	port_py3_epang_T8_K25	7db63b58-98f2-4df8-bddd-941b96ec63c7	flagged by reference only	Phylum	Ascomycota	NA	0.979					Fungi;Ascomycota;NA;Eurotiales;Aspergillaceae;Aspergillus;NA
n5402	5402	port_py3_epang_T8_K25	7e0cc1a4-3887-4b7c-869b-44f4dd00c766	flagged by reference only	Phylum	Ascomycota	NA	0.979					Fungi;Ascomycota;NA;Eurotiales;Aspergillaceae;Aspergillus;NA
n5402	5402	port_py3_epang_T8_K25	83b8a334-0438-4b61-a26e-25c9997e2fbe	flagged by reference only	Species	Asterochloris mediterranea	NA	0.734					Plantae;Chlorophyta;NA;Microthamniales;NA;Asterochloris;Asterochloris mediterranea
n5402	5402	port_py3_epang_T8_K25	85019380-437b-475b-a8f1-3ce86f19e2cb	flagged by reference only	Phylum	Ascomycota	NA	0.955					Fungi;Ascomycota;NA;Eurotiales;NA;NA;NA
n5402	5402	port_py3_epang_T8_K25	8680bb75-da19-415f-a7b1-4efc1d967cfd	flagged by reference only	Species	Primula nutans	Primula eximia	0.499					Plantae;Tracheophyta;NA;Ericales;Primulaceae;Primula;Primula nutans
n5402	5402	port_py3_epang_T8_K25	86e6fe1d-56f4-4080-9847-f58bb6a5aa3a	flagged by reference only	Species	Mucuna bennettii	Mucuna warburgii	0.929					Plantae;Tracheophyta;NA;Fabales;Fabaceae;Mucuna;Mucuna bennettii
n5402	5402	port_py3_epang_T8_K25	8a957ac5-7f8d-4d51-bc81-8383ebe8338d	flagged by reference only	Species	NA	Asterochloris irregularis	0.719					Plantae;Chlorophyta;NA;Microthamniales;NA;Asterochloris;NA
n5402	5402	port_py3_epang_T8_K25	8aabd75f-2508-4069-be47-dc664595c211	flagged by reference only	Phylum	Ascomycota	NA	0.955					Fungi;Ascomycota;NA;Eurotiales;NA;NA;NA
n5402	5402	port_py3_epang_T8_K25	9170f2a3-a8f4-41f9-8aa2-3bf0b183bf54	flagged by reference only	Phylum	Ascomycota	NA	0.955					Fungi;Ascomycota;NA;Eurotiales;NA;NA;NA
n5402	5402	port_py3_epang_T8_K25	92073f88-172b-4d9b-898e-a3d71e7ce4b1	flagged by reference only	Species	__TAXCLUSTER17__Primula szechuanica	Primula longipes	0.901					Plantae;Tracheophyta;NA;Ericales;Primulaceae;Primula;__TAXCLUSTER17__Primula szechuanica
n5402	5402	port_py3_epang_T8_K25	94ab3c51-9283-4363-b390-f6f0ca9f7170	flagged by reference only	Phylum	Ascomycota	NA	0.955					Fungi;Ascomycota;NA;Eurotiales;NA;NA;NA
n5402	5402	port_py3_epang_T8_K25	963c8d04-1c92-45b6-ab9f-06420a402b4b	flagged by reference only	Phylum	Ascomycota	NA	0.979					Fungi;Ascomycota;NA;Eurotiales;Aspergillaceae;Aspergillus;NA
n5402	5402	port_py3_epang_T8_K25	9647f17f-d5d9-4085-9293-e57d4c0269d8	flagged by reference only	Phylum	Ascomycota	NA	0.979					Fungi;Ascomycota;NA;Eurotiales;Aspergillaceae;Aspergillus;NA
n5402	5402	port_py3_epang_T8_K25	97311ffc-d825-4d81-96cb-deaa05ae4508	flagged by reference only	Infraorder	Alternaria	Bipolaris	0.987					Fungi;Ascomycota;NA;Pleosporales;Pleosporaceae;Alternaria;NA
n5402	5402	port_py3_epang_T8_K25	9a3f7c67-f7d6-400a-9d3d-91a27b0f34a3	flagged by reference only	Species	Ilex micrococca	Ilex kwangtungensis	0.816					Plantae;Tracheophyta;NA;Aquifoliales;Aquifoliaceae;Ilex;Ilex micrococca
n5402	5402	port_py3_epang_T8_K25	9b99a095-c874-4640-b417-89177fac1f99	flagged by reference only	Species	NA	Primula longipes	0.901					Plantae;Tracheophyta;NA;Ericales;Primulaceae;Primula;NA
n5402	5402	port_py3_epang_T8_K25	9c8a9863-6909-4d38-a68a-50c8fe342051	flagged by reference only	Phylum	Ascomycota	NA	0.916					Fungi;Ascomycota;NA;Eurotiales;Aspergillaceae;Aspergillus;NA
n5402	5402	port_py3_epang_T8_K25	a006ece1-ca2b-48d5-ad77-5db17d9a1c3b	flagged by reference only	Species	Primula elatior	Primula veris	0.979					Plantae;Tracheophyta;NA;Ericales;Primulaceae;Primula;Primula elatior
n5402	5402	port_py3_epang_T8_K25	a9f98a0a-f713-4d64-8e3b-284123878207	flagged by reference only	Species	NA	Asterochloris irregularis	0.419					Plantae;Chlorophyta;NA;Microthamniales;NA;Asterochloris;NA
n5402	5402	port_py3_epang_T8_K25	ae820b4f-7b8a-46a8-b974-82d1396f645d	flagged by reference only	Species	Bipolaris bicolor	NA	0.996					Fungi;Ascomycota;NA;Pleosporales;Pleosporaceae;Bipolaris;Bipolaris bicolor
n5402	5402	port_py3_epang_T8_K25	b077ef98-702d-44fd-bf59-dce3a60feb28	flagged by reference only	Species	Ilex rotunda	Ilex chapaensis	0.505					Plantae;Tracheophyta;NA;Aquifoliales;Aquifoliaceae;Ilex;Ilex rotunda
n5402	5402	port_py3_epang_T8_K25	b1c9f439-e9e5-49c0-9f44-157be4b25a78	flagged by reference only	Species	Scorzonera cana	NA	0.788					Plantae;Tracheophyta;NA;Asterales;Asteraceae;Scorzonera;Scorzonera cana
n5402	5402	port_py3_epang_T8_K25	b369d4e6-f8f6-49d3-8d21-6dc7684b461f	flagged by reference only	Phylum	Ascomycota	NA	0.961					Fungi;Ascomycota;NA;Eurotiales;Aspergillaceae;Aspergillus;NA
n5402	5402	port_py3_epang_T8_K25	b4701a75-4e2c-431d-b754-6b6f3ae316ac	flagged by reference only	Species	Asterochloris irregularis	Asterochloris glomerata	0.433					Plantae;Chlorophyta;NA;Microthamniales;NA;Asterochloris;Asterochloris irregularis
n5402	5402	port_py3_epang_T8_K25	b77bf342-72ce-453b-9753-58721a014e6b	flagged by reference only	Phylum	Ascomycota	NA	0.990					Fungi;Ascomycota;NA;Eurotiales;Aspergillaceae;Aspergillus;NA
n5402	5402	port_py3_epang_T8_K25	b80c258c-729b-4c88-bf50-cbb3d2b86fdd	flagged by reference only	Species	NA	Nymphaea caerulea	0.642					Plantae;Tracheophyta;NA;Nymphaeales;Nymphaeaceae;Nymphaea;NA
n5402	5402	port_py3_epang_T8_K25	b9b7976e-d22b-4c50-aa10-5a2c6c131266	flagged by reference only	Phylum	Ascomycota	NA	0.979					Fungi;Ascomycota;NA;Eurotiales;Aspergillaceae;Aspergillus;NA
n5402	5402	port_py3_epang_T8_K25	bbd4a52a-c334-41c7-afb9-7c68a919ca1f	flagged by reference only	Phylum	Ascomycota	NA	0.979					Fungi;Ascomycota;NA;Eurotiales;Aspergillaceae;Aspergillus;NA
n5402	5402	port_py3_epang_T8_K25	bead2600-8619-4a0d-8619-0295ad20a79e	flagged by reference only	Species	Scorzonera virgata	Scorzonera tragopogonoides	0.502					Plantae;Tracheophyta;NA;Asterales;Asteraceae;Scorzonera;Scorzonera virgata
n5402	5402	port_py3_epang_T8_K25	c1ac0826-9f4a-4388-a929-f8f1c27ed151	flagged by reference only	Phylum	Ascomycota	NA	0.904					Fungi;Ascomycota;NA;Eurotiales;Aspergillaceae;Aspergillus;NA
n5402	5402	port_py3_epang_T8_K25	c5b3b83f-30c1-4c6a-81a9-1323c22eb97f	flagged by reference only	Phylum	Ascomycota	NA	0.945					Fungi;Ascomycota;NA;Eurotiales;Aspergillaceae;Aspergillus;NA
n5402	5402	port_py3_epang_T8_K25	ca36daf6-930d-419d-8d88-5bf2c8893333	flagged by reference only	Species	__TAXCLUSTER17__Primula szechuanica	Primula longipes	0.901					Plantae;Tracheophyta;NA;Ericales;Primulaceae;Primula;__TAXCLUSTER17__Primula szechuanica
n5402	5402	port_py3_epang_T8_K25	ca568fc8-9d1a-4eaf-b692-8da5beb540ab	flagged by reference only	Phylum	Basidiomycota	NA	1.000					Fungi;Basidiomycota;NA;Cantharellales;Tulasnellaceae;NA;NA
n5402	5402	port_py3_epang_T8_K25	ca8578e1-4583-44ed-8ba0-b2239ae20d75	flagged by reference only	Species	__TAXCLUSTER17__Primula szechuanica	Primula longipes	0.901					Plantae;Tracheophyta;NA;Ericales;Primulaceae;Primula;__TAXCLUSTER17__Primula szechuanica
n5402	5402	port_py3_epang_T8_K25	ce999006-80dc-4b0a-9311-cd7fa91d5764	flagged by reference only	Infraorder	Alternaria	Bipolaris	0.987					Fungi;Ascomycota;NA;Pleosporales;Pleosporaceae;Alternaria;NA
n5402	5402	port_py3_epang_T8_K25	d28fb319-cb0b-463b-afb2-0bbfa78c8581	flagged by reference only	Species	Ilex venulosa	Ilex khasiana	0.529					Plantae;Tracheophyta;NA;Aquifoliales;Aquifoliaceae;Ilex;Ilex venulosa
n5402	5402	port_py3_epang_T8_K25	d479704b-1f91-42e3-81ee-bd3dc7aadd19	flagged by reference only	Species	Ahnfeltia fastigiata	Ahnfeltia borealis	0.936					Plantae;Rhodophyta;NA;Ahnfeltiales;Ahnfeltiaceae;Ahnfeltia;Ahnfeltia fastigiata
n5402	5402	port_py3_epang_T8_K25	d4f2401d-c954-41b4-ad91-5ed39944a1c7	flagged by reference only	Species	Primula elatior	Primula vulgaris	0.920					Plantae;Tracheophyta;NA;Ericales;Primulaceae;Primula;Primula elatior
n5402	5402	port_py3_epang_T8_K25	dcf87a27-390b-4810-afb0-45ff333ac7b9	flagged by reference only	Phylum	Ascomycota	NA	0.955					Fungi;Ascomycota;NA;Eurotiales;NA;NA;NA
n5402	5402	port_py3_epang_T8_K25	dfc2b5cd-a050-4b7b-9f1b-92bccd8e8814	flagged by reference only	Species	Bipolaris bicolor	NA	0.903					Fungi;Ascomycota;NA;Pleosporales;Pleosporaceae;Bipolaris;Bipolaris bicolor
n5402	5402	port_py3_epang_T8_K25	e218e97f-2c1a-4c43-811e-c1b820686d32	flagged by reference only	Phylum	Ascomycota	NA	0.979					Fungi;Ascomycota;NA;Eurotiales;Aspergillaceae;Aspergillus;NA
n5402	5402	port_py3_epang_T8_K25	eca19769-a0c7-4c41-944a-ef2fd1f34b13	flagged by reference only	Species	Bipolaris bicolor	NA	0.996					Fungi;Ascomycota;NA;Pleosporales;Pleosporaceae;Bipolaris;Bipolaris bicolor
n5402	5402	port_py3_epang_T8_K25	ee5718a9-cb16-4a89-9049-6c966052724e	flagged by reference only	Species	Ilex theezans	Ilex brasiliensis	0.956					Plantae;Tracheophyta;NA;Aquifoliales;Aquifoliaceae;Ilex;Ilex theezans
n5402	5402	port_py3_epang_T8_K25	eec10d11-6f76-4715-80b3-3b8709270780	flagged by reference only	Species	Primula matthioli	Cortusa matthioli	1.000					Plantae;Tracheophyta;NA;Ericales;Primulaceae;Primula;Primula matthioli
n5402	5402	port_py3_epang_T8_K25	f3f227ed-3771-471b-954a-acc803114547	flagged by reference only	Species	Primula handeliana	Primula longipes	0.977					Plantae;Tracheophyta;NA;Ericales;Primulaceae;Primula;Primula handeliana
n5402	5402	port_py3_epang_T8_K25	f4e6b4af-f2b7-484a-82a1-a94f10036a4e	flagged by reference only	Phylum	Ascomycota	NA	0.935					Fungi;Ascomycota;NA;Eurotiales;Aspergillaceae;Aspergillus;NA
n5402	5402	port_py3_epang_T8_K25	f56e8933-d80f-47a1-ac4b-a2f99f04421c	flagged by reference only	Species	Scorzonera cana	Scorzonera laciniata	0.505					Plantae;Tracheophyta;NA;Asterales;Asteraceae;Scorzonera;Scorzonera cana
n5402	5402	port_py3_epang_T8_K25	fc2f9287-bd3f-410a-9123-2b316fdec5e9	flagged by reference only	Species	Cortusa matthioli	Primula algida	0.805					Plantae;Tracheophyta;NA;Ericales;Primulaceae;Primula;Cortusa matthioli
n5402	5402	port_py3_epang_T8_K25	00191c72-2b00-41db-9d09-a49ea3c5ffd9	flagged by test only					Species	Primula algida	Cortusa matthioli	1.000	Plantae;Tracheophyta;NA;Ericales;Primulaceae;Primula;Primula algida
n5402	5402	port_py3_epang_T8_K25	0043ddd3-9e72-4a19-bcfd-47feed13ef05	flagged by test only					Phylum	NA	Ascomycota	1.000	Fungi;NA;NA;NA;NA;NA;NA
n5402	5402	port_py3_epang_T8_K25	0326d4e3-c803-4299-a077-8d71e9c7ee1f	flagged by test only					Kingdom	Plantae	Fungi	1.000	Plantae;Tracheophyta;NA;Poales;Cyperaceae;Carex;Carex acutiformis
n5402	5402	port_py3_epang_T8_K25	043d42c3-9c58-4f97-ad62-7ff9be57e183	flagged by test only					Genus	Aspergillus	NA	0.679	Fungi;Ascomycota;NA;Eurotiales;Aspergillaceae;Aspergillus;NA
n5402	5402	port_py3_epang_T8_K25	046a6bab-79d9-4153-9319-29e8ec004cbf	flagged by test only					Species	Ilex pernyi	Ilex canariensis	1.000	Plantae;Tracheophyta;NA;Aquifoliales;Aquifoliaceae;Ilex;Ilex pernyi
n5402	5402	port_py3_epang_T8_K25	04f17627-601d-4f8f-bb1b-aa3d09da7e32	flagged by test only					Phylum	NA	Ascomycota	1.000	Fungi;NA;NA;NA;NA;NA;NA
n5402	5402	port_py3_epang_T8_K25	06c3d543-3c24-4673-afe0-617dffd6391c	flagged by test only					Species	Primula grandis	Primula elatior	1.000	Plantae;Tracheophyta;NA;Ericales;Primulaceae;Primula;Primula grandis
n5402	5402	port_py3_epang_T8_K25	07c20d3c-f66e-4bbc-bcce-3c7d0bc4fad8	flagged by test only					Genus	Aspergillus	NA	0.806	Fungi;Ascomycota;NA;Eurotiales;Aspergillaceae;Aspergillus;NA
n5402	5402	port_py3_epang_T8_K25	09a51f98-0f9b-4eb0-93b1-a18df16fdcdf	flagged by test only					Species	Primula allionii	Primula auriculata	0.510	Plantae;Tracheophyta;NA;Ericales;Primulaceae;Primula;Primula allionii
n5402	5402	port_py3_epang_T8_K25	0ad0a660-47a5-4cc8-9f14-5bfc92165579	flagged by test only					Species	Asterochloris irregularis	NA	0.706	Plantae;Chlorophyta;NA;Microthamniales;NA;Asterochloris;Asterochloris irregularis
n5402	5402	port_py3_epang_T8_K25	0cd4a3aa-5fa7-471f-be91-d2ba94ae0cbd	flagged by test only					Species	Primula nutans	Primula egaliksensis	0.777	Plantae;Tracheophyta;NA;Ericales;Primulaceae;Primula;Primula nutans
n5402	5402	port_py3_epang_T8_K25	0ee04683-0631-4ae2-a109-da0285ddd846	flagged by test only					Species	Primula megaseifolia	Primula elatior	0.693	Plantae;Tracheophyta;NA;Ericales;Primulaceae;Primula;Primula megaseifolia
n5402	5402	port_py3_epang_T8_K25	10664ba8-3f6c-48e5-9c9f-aa5940b751bd	flagged by test only					Species	Ilex opaca	Ilex cornuta	0.491	Plantae;Tracheophyta;NA;Aquifoliales;Aquifoliaceae;Ilex;Ilex opaca
n5402	5402	port_py3_epang_T8_K25	11911fb5-383b-4692-ac57-a6ec792a337d	flagged by test only					Species	Bipolaris sorokiniana	NA	0.950	Fungi;Ascomycota;NA;Pleosporales;Pleosporaceae;Bipolaris;Bipolaris sorokiniana
n5402	5402	port_py3_epang_T8_K25	13696475-39a1-416d-8d98-0b7160c3e7e5	flagged by test only					Phylum	NA	Basidiomycota	1.000	Fungi;NA;NA;NA;NA;NA;NA
n5402	5402	port_py3_epang_T8_K25	1b78956b-977e-4b4d-8398-9c378be16bb4	flagged by test only					Species	Primula veris	Primula elatior	1.000	Plantae;Tracheophyta;NA;Ericales;Primulaceae;Primula;Primula veris
n5402	5402	port_py3_epang_T8_K25	1d7d9a48-a7e5-4065-af2c-1030fd3c36fe	flagged by test only					Kingdom	Plantae	Fungi	1.000	Plantae;Tracheophyta;NA;Poales;Cyperaceae;Carex;Carex acutiformis
n5402	5402	port_py3_epang_T8_K25	1ff93911-5ef5-458e-b675-617c8b7ec62d	flagged by test only					Phylum	NA	Basidiomycota	1.000	Fungi;NA;NA;NA;NA;NA;NA
n5402	5402	port_py3_epang_T8_K25	1ffced88-f8a8-4095-9d0e-06751b0cbf0c	flagged by test only					Kingdom	Plantae	Fungi	1.000	Plantae;Tracheophyta;NA;Poales;Cyperaceae;Carex;Carex arcta
n5402	5402	port_py3_epang_T8_K25	24ce2043-f17b-433d-9e78-bffce358e3f9	flagged by test only					Species	Ilex khasiana	Ilex canariensis	1.000	Plantae;Tracheophyta;NA;Aquifoliales;Aquifoliaceae;Ilex;Ilex khasiana
n5402	5402	port_py3_epang_T8_K25	25569ec5-197d-4eb1-880e-fc51fddfe299	flagged by test only					Genus	NA	Aspergillus	0.525	Fungi;Ascomycota;NA;Eurotiales;Aspergillaceae;NA;NA
n5402	5402	port_py3_epang_T8_K25	258cc3a5-bc03-4877-8e90-2c06b2701773	flagged by test only					Species	Ilex mitis	NA	0.833	Plantae;Tracheophyta;NA;Aquifoliales;Aquifoliaceae;Ilex;Ilex mitis
n5402	5402	port_py3_epang_T8_K25	27923d6d-37fe-4450-bd5d-09df700b5510	flagged by test only					Family	Asteraceae	NA	0.510	Plantae;Tracheophyta;NA;Asterales;Asteraceae;Scorzonera;NA
n5402	5402	port_py3_epang_T8_K25	29ae626e-7ca4-4f6d-bf41-f8e967b555be	flagged by test only					Species	NA	Scorzonera cana	1.000	Plantae;Tracheophyta;NA;Asterales;Asteraceae;Scorzonera;NA
n5402	5402	port_py3_epang_T8_K25	2d7824b6-43ce-41e9-adc9-7bb57c18be6a	flagged by test only					Species	Scorzonera tragopogonoides	Scorzonera albicaulis	1.000	Plantae;Tracheophyta;NA;Asterales;Asteraceae;Scorzonera;Scorzonera tragopogonoides
n5402	5402	port_py3_epang_T8_K25	2daca48d-67cf-41a9-b2a8-898626cb179f	flagged by test only					Kingdom	Plantae	Fungi	1.000	Plantae;Tracheophyta;NA;Poales;Cyperaceae;Carex;Carex acutiformis
n5402	5402	port_py3_epang_T8_K25	2e188f33-6f0e-4045-8d86-40a13f23616f	flagged by test only					Phylum	NA	Ascomycota	1.000	Fungi;NA;NA;NA;NA;NA;NA
n5402	5402	port_py3_epang_T8_K25	2e7de12f-3f3d-4495-94ef-9aa14be2f046	flagged by test only					Species	Carex acuta	Carex alba	1.000	Plantae;Tracheophyta;NA;Poales;Cyperaceae;Carex;Carex acuta
n5402	5402	port_py3_epang_T8_K25	2ec7a636-de40-409e-ab3c-207044c94137	flagged by test only					Species	Primula vulgaris	Primula elatior	1.000	Plantae;Tracheophyta;NA;Ericales;Primulaceae;Primula;Primula vulgaris
n5402	5402	port_py3_epang_T8_K25	2f6c1945-4824-40e7-b155-78597c1c1187	flagged by test only					Species	Ilex brevicuspis	Ilex canariensis	1.000	Plantae;Tracheophyta;NA;Aquifoliales;Aquifoliaceae;Ilex;Ilex brevicuspis
n5402	5402	port_py3_epang_T8_K25	31212b33-3e7c-4c3e-9969-3a48d0dd117c	flagged by test only					Species	Asterochloris italiana	NA	0.925	Plantae;Chlorophyta;NA;Microthamniales;NA;Asterochloris;Asterochloris italiana
n5402	5402	port_py3_epang_T8_K25	334e0ff6-08a0-494c-83e8-2216c95a2957	flagged by test only					Species	Carex angustata	Carex alba	1.000	Plantae;Tracheophyta;NA;Poales;Cyperaceae;Carex;Carex angustata
n5402	5402	port_py3_epang_T8_K25	39044952-aa56-44f1-a6d5-8386ce0c0e6a	flagged by test only					Species	Primula grandis	Primula elatior	0.621	Plantae;Tracheophyta;NA;Ericales;Primulaceae;Primula;Primula grandis
n5402	5402	port_py3_epang_T8_K25	39087590-e35d-40ff-ae7b-4c7cfbbb466f	flagged by test only					Species	Primula vulgaris	Primula elatior	1.000	Plantae;Tracheophyta;NA;Ericales;Primulaceae;Primula;Primula vulgaris
n5402	5402	port_py3_epang_T8_K25	3c77e22f-4f56-47a2-bcff-55a68f27f1eb	flagged by test only					Species	Primula veris	Primula elatior	1.000	Plantae;Tracheophyta;NA;Ericales;Primulaceae;Primula;Primula veris
n5402	5402	port_py3_epang_T8_K25	3f934579-ae9b-4322-8384-2bc5c04e0122	flagged by test only					Genus	Gelasia	Scorzonera	1.000	Plantae;Tracheophyta;NA;Asterales;Asteraceae;Gelasia;Gelasia litwinowii
n5402	5402	port_py3_epang_T8_K25	3fff2f84-6dae-410a-9c69-88ecbd565f3a	flagged by test only					Species	Primula veris	Primula elatior	1.000	Plantae;Tracheophyta;NA;Ericales;Primulaceae;Primula;Primula veris
n5402	5402	port_py3_epang_T8_K25	417101c9-6b03-487f-bab0-126c9283c2d1	flagged by test only					Phylum	NA	Ascomycota	1.000	Fungi;NA;NA;NA;NA;NA;NA
n5402	5402	port_py3_epang_T8_K25	44a402a7-af14-4adc-9378-eebd072b17d0	flagged by test only					Species	Primula vulgaris	Primula elatior	1.000	Plantae;Tracheophyta;NA;Ericales;Primulaceae;Primula;Primula vulgaris
n5402	5402	port_py3_epang_T8_K25	488136ce-d074-4a00-b3ec-3adf7edb4eef	flagged by test only					Genus	Tourneuxia	Scorzonera	0.478	Plantae;Tracheophyta;NA;Asterales;Asteraceae;Tourneuxia;Tourneuxia variifolia
n5402	5402	port_py3_epang_T8_K25	4e54986c-299e-4d4a-805a-5c518c9b0ce4	flagged by test only					Kingdom	Plantae	Fungi	1.000	Plantae;Tracheophyta;NA;Poales;Cyperaceae;Carex;Carex annectens
n5402	5402	port_py3_epang_T8_K25	51accbf2-4b92-4f94-9c40-d49682b93734	flagged by test only					Phylum	NA	Ascomycota	1.000	Fungi;NA;NA;NA;NA;NA;NA
n5402	5402	port_py3_epang_T8_K25	52c009b6-020f-4f84-8bc0-8486e22a901c	flagged by test only					Order	Ericales	Asterales	0.478	Plantae;Tracheophyta;NA;Ericales;Primulaceae;Primula;Primula dongchuanensis
n5402	5402	port_py3_epang_T8_K25	554b424f-5638-4a5c-99d1-02047811923c	flagged by test only					Species	Primula megaseifolia	Primula elatior	0.510	Plantae;Tracheophyta;NA;Ericales;Primulaceae;Primula;Primula megaseifolia
n5402	5402	port_py3_epang_T8_K25	554d4ef6-80da-41c4-b2d3-741422082908	flagged by test only					Family	Asteraceae	NA	0.510	Plantae;Tracheophyta;NA;Asterales;Asteraceae;Scorzonera;NA
n5402	5402	port_py3_epang_T8_K25	569d128a-d4c0-4085-9fbe-296b9743a456	flagged by test only					Species	Ilex microdonta	Ilex canariensis	1.000	Plantae;Tracheophyta;NA;Aquifoliales;Aquifoliaceae;Ilex;Ilex microdonta
n5402	5402	port_py3_epang_T8_K25	56a9e1c8-821c-4e7f-8db3-163e25910c5d	flagged by test only					Species	Ilex dumosa	Ilex canariensis	1.000	Plantae;Tracheophyta;NA;Aquifoliales;Aquifoliaceae;Ilex;Ilex dumosa
n5402	5402	port_py3_epang_T8_K25	56fbcbf4-22c8-47a1-a1d4-f510612b2617	flagged by test only					Species	NA	__TAXCLUSTER9__Ilex verticillata	0.447	Plantae;Tracheophyta;NA;Aquifoliales;Aquifoliaceae;Ilex;NA
n5402	5402	port_py3_epang_T8_K25	57077e79-77d6-44a9-9b0c-773000cf137d	flagged by test only					Phylum	NA	Basidiomycota	1.000	Fungi;NA;NA;NA;NA;NA;NA
n5402	5402	port_py3_epang_T8_K25	589b3a41-77a5-4c51-a891-5b2540853ccb	flagged by test only					Genus	NA	Carex	1.000	Plantae;Tracheophyta;NA;Poales;Cyperaceae;NA;NA
n5402	5402	port_py3_epang_T8_K25	5bd2c352-f26b-49b2-9226-01371136eec4	flagged by test only					Species	__TAXCLUSTER14__Ilex lohfauensis	Ilex pseudobuxus	0.510	Plantae;Tracheophyta;NA;Aquifoliales;Aquifoliaceae;Ilex;__TAXCLUSTER14__Ilex lohfauensis
n5402	5402	port_py3_epang_T8_K25	5d3d21bd-207d-41e1-aea7-fc5ec33b1187	flagged by test only					Phylum	NA	Ascomycota	1.000	Fungi;NA;NA;NA;NA;NA;NA
n5402	5402	port_py3_epang_T8_K25	5f9a00e3-05e3-4c74-ba1e-274644ee72cf	flagged by test only					Species	Primula vulgaris	Primula elatior	1.000	Plantae;Tracheophyta;NA;Ericales;Primulaceae;Primula;Primula vulgaris
n5402	5402	port_py3_epang_T8_K25	60f61185-b905-4503-beb6-6765f1ada7ef	flagged by test only					Species	Ilex cornuta	Ilex canariensis	1.000	Plantae;Tracheophyta;NA;Aquifoliales;Aquifoliaceae;Ilex;Ilex cornuta
n5402	5402	port_py3_epang_T8_K25	63225a2c-4ff9-45f4-947b-e55ab4c0778b	flagged by test only					Species	Scorzonera laciniata	Scorzonera cana	0.971	Plantae;Tracheophyta;NA;Asterales;Asteraceae;Scorzonera;Scorzonera laciniata
n5402	5402	port_py3_epang_T8_K25	6567099c-e803-47e8-8f0c-cead60d41f35	flagged by test only					Kingdom	Plantae	Fungi	1.000	Plantae;Tracheophyta;NA;Poales;Cyperaceae;Carex;Carex annectens
n5402	5402	port_py3_epang_T8_K25	65751a9a-8018-4a46-abec-525cd7a5e65b	flagged by test only					Family	NA	Aspergillaceae	0.717	Fungi;Ascomycota;NA;Eurotiales;NA;NA;NA
n5402	5402	port_py3_epang_T8_K25	657eab65-d53e-4a3a-ab79-3d90c64e8d5f	flagged by test only					Phylum	Chytridiomycota	Basidiomycota	0.950	Fungi;Chytridiomycota;NA;NA;NA;NA;NA
n5402	5402	port_py3_epang_T8_K25	6809154e-54a3-4235-9310-d472bc537b2b	flagged by test only					Species	Ilex dumosa	Ilex canariensis	1.000	Plantae;Tracheophyta;NA;Aquifoliales;Aquifoliaceae;Ilex;Ilex dumosa
n5402	5402	port_py3_epang_T8_K25	686f72a8-899a-44f7-9cdd-83684c68186b	flagged by test only					Order	Caryophyllales	Nymphaeales	0.666	Plantae;Tracheophyta;NA;Caryophyllales;Caryophyllaceae;Acanthophyllum;Acanthophyllum pungens
n5402	5402	port_py3_epang_T8_K25	694e048c-07c0-43fa-b3f5-d78b6589e09d	flagged by test only					Species	Asterochloris italiana	NA	0.925	Plantae;Chlorophyta;NA;Microthamniales;NA;Asterochloris;Asterochloris italiana
n5402	5402	port_py3_epang_T8_K25	69debbc0-4206-49bb-8690-f0cb6029c71c	flagged by test only					Species	Ilex brevicuspis	Ilex canariensis	1.000	Plantae;Tracheophyta;NA;Aquifoliales;Aquifoliaceae;Ilex;Ilex brevicuspis
n5402	5402	port_py3_epang_T8_K25	6aaa63af-eb47-4c53-94ed-365f7cc4504e	flagged by test only					Species	NA	Primula egaliksensis	0.837	Plantae;Tracheophyta;NA;Ericales;Primulaceae;Primula;NA
n5402	5402	port_py3_epang_T8_K25	6c5fc730-6042-4259-adca-b4b427000d3b	flagged by test only					Species	Primula vulgaris	Primula elatior	1.000	Plantae;Tracheophyta;NA;Ericales;Primulaceae;Primula;Primula vulgaris
n5402	5402	port_py3_epang_T8_K25	6d461fc8-1820-4836-b1af-46f3aefae397	flagged by test only					Species	Primula algida	Cortusa matthioli	1.000	Plantae;Tracheophyta;NA;Ericales;Primulaceae;Primula;Primula algida
n5402	5402	port_py3_epang_T8_K25	6e9bd1dd-4180-4e61-8718-7f0c64393f17	flagged by test only					Kingdom	Plantae	Fungi	1.000	Plantae;Tracheophyta;NA;Poales;Cyperaceae;Carex;Carex acuta
n5402	5402	port_py3_epang_T8_K25	70bfe58d-2fca-4a84-8b0d-d0653ddc954b	flagged by test only					Species	Carex acuta	Carex alba	0.614	Plantae;Tracheophyta;NA;Poales;Cyperaceae;Carex;Carex acuta
n5402	5402	port_py3_epang_T8_K25	712af03e-b0e6-4cf6-8dc6-8e9f5b00c22f	flagged by test only					Species	Aspergillus penicillioides	NA	0.945	Fungi;Ascomycota;NA;Eurotiales;Aspergillaceae;Aspergillus;Aspergillus penicillioides
n5402	5402	port_py3_epang_T8_K25	79fabe1e-076a-4b15-988d-c0358d41a54f	flagged by test only					Species	Ilex hippocrateoides	Ilex teratopis	0.612	Plantae;Tracheophyta;NA;Aquifoliales;Aquifoliaceae;Ilex;Ilex hippocrateoides
n5402	5402	port_py3_epang_T8_K25	7abd353e-a5f7-4f56-acc9-b2879925a218	flagged by test only					Species	Primula veris	Primula elatior	1.000	Plantae;Tracheophyta;NA;Ericales;Primulaceae;Primula;Primula veris
n5402	5402	port_py3_epang_T8_K25	81590eee-b900-410f-b745-f25f7d86406b	flagged by test only					Species	Scorzonera laciniata	Scorzonera cana	0.971	Plantae;Tracheophyta;NA;Asterales;Asteraceae;Scorzonera;Scorzonera laciniata
n5402	5402	port_py3_epang_T8_K25	82a10728-b624-4e33-9c32-62435035e484	flagged by test only					Species	Primula vulgaris	Primula elatior	0.999	Plantae;Tracheophyta;NA;Ericales;Primulaceae;Primula;Primula vulgaris
n5402	5402	port_py3_epang_T8_K25	82c02d6a-5853-4127-b41f-fdb35080e0ae	flagged by test only					Species	Ilex brasiliensis	Ilex integerrima	1.000	Plantae;Tracheophyta;NA;Aquifoliales;Aquifoliaceae;Ilex;Ilex brasiliensis
n5402	5402	port_py3_epang_T8_K25	83f3dd9f-7506-454f-b0f5-a6443e5d0cfa	flagged by test only					Species	Ilex dumosa	Ilex canariensis	1.000	Plantae;Tracheophyta;NA;Aquifoliales;Aquifoliaceae;Ilex;Ilex dumosa
n5402	5402	port_py3_epang_T8_K25	8b29a212-dd7e-4cd5-9a4c-9bc4f5a229f8	flagged by test only					Species	Ilex dumosa	Ilex canariensis	1.000	Plantae;Tracheophyta;NA;Aquifoliales;Aquifoliaceae;Ilex;Ilex dumosa
n5402	5402	port_py3_epang_T8_K25	8b76cfa6-c284-4e30-8646-ad838a07d1a2	flagged by test only					Phylum	NA	Ascomycota	0.994	Fungi;NA;NA;NA;NA;NA;NA
n5402	5402	port_py3_epang_T8_K25	8bc648e5-071e-4335-8f0b-687d4e595128	flagged by test only					Genus	NA	Carex	1.000	Plantae;Tracheophyta;NA;Poales;Cyperaceae;NA;NA
n5402	5402	port_py3_epang_T8_K25	8cca4641-2551-48de-926e-0d5c0882a04f	flagged by test only					Species	NA	Bipolaris sorokiniana	0.614	Fungi;Ascomycota;NA;Pleosporales;Pleosporaceae;Bipolaris;NA
n5402	5402	port_py3_epang_T8_K25	8d3a96c9-bafc-4014-8341-c0661878e7d0	flagged by test only					Species	Primula vulgaris	Primula elatior	1.000	Plantae;Tracheophyta;NA;Ericales;Primulaceae;Primula;Primula vulgaris
n5402	5402	port_py3_epang_T8_K25	8e67bf12-83de-4019-a7df-f065ec3f0046	flagged by test only					Kingdom	Plantae	Fungi	1.000	Plantae;Tracheophyta;NA;Poales;Cyperaceae;Carex;Carex arcta
n5402	5402	port_py3_epang_T8_K25	8ea50d64-853c-4891-b59a-bcbc0f71ccb6	flagged by test only					Species	Ilex integerrima	Ilex canariensis	1.000	Plantae;Tracheophyta;NA;Aquifoliales;Aquifoliaceae;Ilex;Ilex integerrima
n5402	5402	port_py3_epang_T8_K25	90d9a6dc-da1b-49ab-88cc-9291d0575249	flagged by test only					Species	Bipolaris sorokiniana	NA	1.000	Fungi;Ascomycota;NA;Pleosporales;Pleosporaceae;Bipolaris;Bipolaris sorokiniana
n5402	5402	port_py3_epang_T8_K25	925d0082-c59b-4a6f-951e-a7fa43cb7ca5	flagged by test only					Species	Ilex serrata	NA	0.833	Plantae;Tracheophyta;NA;Aquifoliales;Aquifoliaceae;Ilex;Ilex serrata
n5402	5402	port_py3_epang_T8_K25	93b03229-92b3-49ee-8326-4280a23ac3b5	flagged by test only					Species	Scorzonera laciniata	Scorzonera cana	1.000	Plantae;Tracheophyta;NA;Asterales;Asteraceae;Scorzonera;Scorzonera laciniata
n5402	5402	port_py3_epang_T8_K25	941d10d9-701c-451f-bc40-0d8c856862ef	flagged by test only					Species	Actinidia hemsleyana	Actinidia rufa	0.509	Plantae;Tracheophyta;NA;Ericales;Actinidiaceae;Actinidia;Actinidia hemsleyana
n5402	5402	port_py3_epang_T8_K25	97d30008-10f7-4225-9b4c-e5bc42d2f7c1	flagged by test only					Species	Ilex micrococca	Ilex canariensis	1.000	Plantae;Tracheophyta;NA;Aquifoliales;Aquifoliaceae;Ilex;Ilex micrococca
n5402	5402	port_py3_epang_T8_K25	97f0611a-3880-4841-8ab7-624a9b2c3f8c	flagged by test only					Kingdom	Plantae	Fungi	1.000	Plantae;Tracheophyta;NA;Poales;Cyperaceae;Carex;Carex acuta
n5402	5402	port_py3_epang_T8_K25	9cc6abec-4a39-4923-b3e4-0c2e9c2e9c89	flagged by test only					Family	NA	Aspergillaceae	0.717	Fungi;Ascomycota;NA;Eurotiales;NA;NA;NA
n5402	5402	port_py3_epang_T8_K25	9cd1e107-404e-4c74-a73b-7ea345e9497e	flagged by test only					Species	Ilex hippocrateoides	Ilex teratopis	0.612	Plantae;Tracheophyta;NA;Aquifoliales;Aquifoliaceae;Ilex;Ilex hippocrateoides
n5402	5402	port_py3_epang_T8_K25	9d4b22f7-024c-4524-8036-5220a2b665f4	flagged by test only					Kingdom	Plantae	Fungi	1.000	Plantae;Chlorophyta;NA;Chlamydomonadales;Chlamydomonadaceae;Chlamydomonas
n5402	5402	port_py3_epang_T8_K25	a2611942-3783-4cd8-8fc9-fcad4bd99af3	flagged by test only					Species	NA	Nymphaea candida	0.510	Plantae;Tracheophyta;NA;Nymphaeales;Nymphaeaceae;Nymphaea;NA
n5402	5402	port_py3_epang_T8_K25	a50adb88-9deb-44bc-9799-b0a4e697a640	flagged by test only					Species	Ilex ficoidea	Ilex pseudobuxus	0.510	Plantae;Tracheophyta;NA;Aquifoliales;Aquifoliaceae;Ilex;Ilex ficoidea
n5402	5402	port_py3_epang_T8_K25	a5c3105a-bb21-4de5-b0f6-02842a4890e1	flagged by test only					Species	Primula algida	Cortusa matthioli	1.000	Plantae;Tracheophyta;NA;Ericales;Primulaceae;Primula;Primula algida
n5402	5402	port_py3_epang_T8_K25	abc0c41f-0a5b-488a-b4b0-7ac175fbe93c	flagged by test only					Phylum	NA	Ascomycota	0.994	Fungi;NA;NA;NA;NA;NA;NA
n5402	5402	port_py3_epang_T8_K25	b01b8c58-5e2a-4a78-a796-156c962f1e0a	flagged by test only					Genus	Aspergillus	NA	0.806	Fungi;Ascomycota;NA;Eurotiales;Aspergillaceae;Aspergillus;NA
n5402	5402	port_py3_epang_T8_K25	b834bcb3-d108-4b32-8004-9c2f76310672	flagged by test only					Species	NA	Primula kialensis	0.486	Plantae;Tracheophyta;NA;Ericales;Primulaceae;Primula;NA
n5402	5402	port_py3_epang_T8_K25	bae76422-d061-4798-a28d-8c1d9e3bdd82	flagged by test only					Species	Bipolaris sorokiniana	NA	1.000	Fungi;Ascomycota;NA;Pleosporales;Pleosporaceae;Bipolaris;Bipolaris sorokiniana
n5402	5402	port_py3_epang_T8_K25	bdd36230-d666-4026-ad7f-018513f36ca0	flagged by test only					Species	Ilex mitis	NA	0.833	Plantae;Tracheophyta;NA;Aquifoliales;Aquifoliaceae;Ilex;Ilex mitis
n5402	5402	port_py3_epang_T8_K25	bfe0b73e-c402-4d9e-a93f-a121bf41644b	flagged by test only					Species	Ilex dumosa	Ilex canariensis	1.000	Plantae;Tracheophyta;NA;Aquifoliales;Aquifoliaceae;Ilex;Ilex dumosa
n5402	5402	port_py3_epang_T8_K25	c5110d63-8c70-4b82-963d-b04fb554b21b	flagged by test only					Species	Ilex khasiana	Ilex canariensis	1.000	Plantae;Tracheophyta;NA;Aquifoliales;Aquifoliaceae;Ilex;Ilex khasiana
n5402	5402	port_py3_epang_T8_K25	c87e46f3-3d7b-4b19-aef7-a5e12844bec4	flagged by test only					Phylum	NA	Ascomycota	1.000	Fungi;NA;NA;NA;NA;NA;NA
n5402	5402	port_py3_epang_T8_K25	cb24e5f2-8393-4d67-a24f-f878ebf4d090	flagged by test only					Species	Ilex serrata	NA	0.833	Plantae;Tracheophyta;NA;Aquifoliales;Aquifoliaceae;Ilex;Ilex serrata
n5402	5402	port_py3_epang_T8_K25	cc5010c5-5d72-4200-b889-b1a810113468	flagged by test only					Phylum	NA	Ascomycota	1.000	Fungi;NA;NA;NA;NA;NA;NA
n5402	5402	port_py3_epang_T8_K25	cf97ea73-785a-42ff-8d69-7e8550709569	flagged by test only					Species	Primula latifolia	Primula marginata	1.000	Plantae;Tracheophyta;NA;Ericales;Primulaceae;Primula;Primula latifolia
n5402	5402	port_py3_epang_T8_K25	d1ec4ad5-520b-4410-8e28-bea482f8498b	flagged by test only					Species	Bipolaris bicolor	NA	0.950	Fungi;Ascomycota;NA;Pleosporales;Pleosporaceae;Bipolaris;Bipolaris bicolor
n5402	5402	port_py3_epang_T8_K25	d4e326a4-78ba-4884-920d-5df7177e6abf	flagged by test only					Species	Ilex cochinchinensis	__TAXCLUSTER9__Ilex verticillata	0.447	Plantae;Tracheophyta;NA;Aquifoliales;Aquifoliaceae;Ilex;Ilex cochinchinensis
n5402	5402	port_py3_epang_T8_K25	db1f584c-f3d4-4780-ad3e-76e4eca73d40	flagged by test only					Species	Ilex brasiliensis	Ilex integerrima	1.000	Plantae;Tracheophyta;NA;Aquifoliales;Aquifoliaceae;Ilex;Ilex brasiliensis
n5402	5402	port_py3_epang_T8_K25	de9e5304-b1cf-4b34-b848-8dd054541d93	flagged by test only					Species	Asterochloris irregularis	NA	0.706	Plantae;Chlorophyta;NA;Microthamniales;NA;Asterochloris;Asterochloris irregularis
n5402	5402	port_py3_epang_T8_K25	e68f9041-91fb-4252-8e25-68b758bf5555	flagged by test only					Phylum	NA	Ascomycota	1.000	Fungi;NA;NA;NA;NA;NA;NA
n5402	5402	port_py3_epang_T8_K25	e8116d55-e00c-45ac-97e6-1059562d06dc	flagged by test only					Genus	Aspergillus	NA	0.806	Fungi;Ascomycota;NA;Eurotiales;Aspergillaceae;Aspergillus;NA
n5402	5402	port_py3_epang_T8_K25	eb839d67-c3e2-43b8-ae28-d4fc38c62a39	flagged by test only					Kingdom	Plantae	Fungi	1.000	Plantae;Tracheophyta;NA;Poales;Cyperaceae;Carex;Carex acutiformis
n5402	5402	port_py3_epang_T8_K25	ec838f37-c6bf-41bd-b081-b61946835943	flagged by test only					Species	Nymphaea odorata	NA	0.999	Plantae;Tracheophyta;NA;Nymphaeales;Nymphaeaceae;Nymphaea;Nymphaea odorata
n5402	5402	port_py3_epang_T8_K25	eea84bc7-417b-43f8-b7e0-dd6d5fa18070	flagged by test only					Species	Ilex cochinchinensis	__TAXCLUSTER9__Ilex verticillata	0.447	Plantae;Tracheophyta;NA;Aquifoliales;Aquifoliaceae;Ilex;Ilex cochinchinensis
n5402	5402	port_py3_epang_T8_K25	f05d5498-bf33-420d-bd43-4c4190720f64	flagged by test only					Species	Primula algida	Cortusa matthioli	1.000	Plantae;Tracheophyta;NA;Ericales;Primulaceae;Primula;Primula algida
n5402	5402	port_py3_epang_T8_K25	f1c3d30e-ec8e-4ef4-8d9b-0bfc4aec585e	flagged by test only					Phylum	NA	Ascomycota	1.000	Fungi;NA;NA;NA;NA;NA;NA
n5402	5402	port_py3_epang_T8_K50	05bd1843-22da-4c7a-be34-c341622261bb	same rank, other proposal	Species	__TAXCLUSTER7__Scorzonera alpigena	Scorzonera laciniata	0.501	Species	__TAXCLUSTER7__Scorzonera alpigena	Scorzonera cana	0.998	Plantae;Tracheophyta;NA;Asterales;Asteraceae;Scorzonera;__TAXCLUSTER7__Scorzonera alpigena
n5402	5402	port_py3_epang_T8_K50	071049b9-39fd-4ac9-8713-e574cae880cc	same rank, other proposal	Species	NA	Ilex dumosa	0.893	Species	NA	Ilex crenata	0.510	Plantae;Tracheophyta;NA;Aquifoliales;Aquifoliaceae;Ilex;NA
n5402	5402	port_py3_epang_T8_K50	0a203e5c-1a0d-4d8d-9ed3-28f79a23e777	rank differs	Phylum	Ascomycota	NA	0.979	Family	NA	Aspergillaceae	0.991	Fungi;Ascomycota;NA;Eurotiales;NA;NA;NA
n5402	5402	port_py3_epang_T8_K50	0fbcec05-2139-4f90-86ca-d6156da61682	rank differs	Phylum	Ascomycota	NA	0.979	Genus	NA	Aspergillus	0.991	Fungi;Ascomycota;NA;Eurotiales;Aspergillaceae;NA;NA
n5402	5402	port_py3_epang_T8_K50	0fc404e0-10c3-4178-b611-e127391f3978	same rank, other proposal	Phylum	NA	Rozellomycota	0.833	Phylum	NA	Basidiomycota	1.000	Fungi;NA;NA;NA;NA;NA;NA
n5402	5402	port_py3_epang_T8_K50	1594a172-54a3-4d1c-b46d-f88ad3b3bb2f	same rank, other proposal	Phylum	Chytridiomycota	Mucoromycota	0.998	Phylum	Chytridiomycota	Basidiomycota	1.000	Fungi;Chytridiomycota;NA;NA;NA;NA;NA
n5402	5402	port_py3_epang_T8_K50	15fe320a-bd05-43c5-9350-d2f7d015b976	rank differs	Species	Scorzonera meshhedensis	NA	0.650	Family	Asteraceae	NA	0.510	Plantae;Tracheophyta;NA;Asterales;Asteraceae;Scorzonera;Scorzonera meshhedensis
n5402	5402	port_py3_epang_T8_K50	1725da22-c0dc-4cc9-b78a-398764d5ffdd	rank differs	Phylum	Ascomycota	NA	0.955	Family	Aspergillaceae	NA	0.945	Fungi;Ascomycota;NA;Eurotiales;Aspergillaceae;Aspergillus;NA
n5402	5402	port_py3_epang_T8_K50	1ebef10b-e0c3-473f-b096-28593bacb8a0	rank differs	Species	Scorzonera humilis	NA	0.480	Genus	Scorzonera	Avellara	0.487	Plantae;Tracheophyta;NA;Asterales;Asteraceae;Scorzonera;Scorzonera humilis
n5402	5402	port_py3_epang_T8_K50	1f5a8bd7-dfaf-435c-bf95-cf12f60d07c5	same rank, other proposal	Order	Asterales	Aquifoliales	0.993	Order	Asterales	Ericales	1.000	Plantae;Tracheophyta;NA;Asterales;Asteraceae;Scorzonera;Scorzonera mongolica
n5402	5402	port_py3_epang_T8_K50	21e7049f-da4a-4160-9460-94526c710175	rank differs	Phylum	Ascomycota	NA	0.979	Genus	NA	Aspergillus	0.991	Fungi;Ascomycota;NA;Eurotiales;Aspergillaceae;NA;NA
n5402	5402	port_py3_epang_T8_K50	220c0935-d999-4046-beb0-5c85b36955c9	same rank, other proposal	Species	Ilex kunthiana	Ilex dumosa	0.741	Species	Ilex kunthiana	Ilex canariensis	1.000	Plantae;Tracheophyta;NA;Aquifoliales;Aquifoliaceae;Ilex;Ilex kunthiana
n5402	5402	port_py3_epang_T8_K50	2570e0d5-a798-4f03-a215-866c1f10ff35	same rank, other proposal	Species	Primula scotica	Primula farinosa	0.712	Species	Primula scotica	NA	0.959	Plantae;Tracheophyta;NA;Ericales;Primulaceae;Primula;Primula scotica
n5402	5402	port_py3_epang_T8_K50	273b6209-05d7-45f9-8c64-c0bec9d1e371	same rank, other proposal	Species	Scorzonera grossheimii	Scorzonera laciniata	0.501	Species	Scorzonera grossheimii	Scorzonera cana	0.998	Plantae;Tracheophyta;NA;Asterales;Asteraceae;Scorzonera;Scorzonera grossheimii
n5402	5402	port_py3_epang_T8_K50	305639da-85cd-49ef-91d9-f4d119c01724	rank differs	Phylum	Ascomycota	NA	0.979	Family	NA	Aspergillaceae	0.991	Fungi;Ascomycota;NA;Eurotiales;NA;NA;NA
n5402	5402	port_py3_epang_T8_K50	32566fde-00ff-4522-b9f2-d20abdfabb4a	same rank, other proposal	Species	NA	Scorzonera laciniata	0.501	Species	NA	Scorzonera cana	0.998	Plantae;Tracheophyta;NA;Asterales;Asteraceae;Scorzonera;NA
n5402	5402	port_py3_epang_T8_K50	34565678-fd21-43bc-bdfd-81857813d66b	rank differs	Phylum	Ascomycota	NA	0.979	Family	NA	Aspergillaceae	0.991	Fungi;Ascomycota;NA;Eurotiales;NA;NA;NA
n5402	5402	port_py3_epang_T8_K50	3f6abd7f-f0d5-443f-a389-a6eee27f6f9c	same rank, other proposal	Species	Primula kialensis	Primula auriculata	0.855	Species	Primula kialensis	NA	0.635	Plantae;Tracheophyta;NA;Ericales;Primulaceae;Primula;Primula kialensis
n5402	5402	port_py3_epang_T8_K50	43d1f2da-cd5a-4920-b63c-9cad47de73d6	rank differs	Species	Scorzonera rupicola	NA	0.502	Genus	Scorzonera	Avellara	0.499	Plantae;Tracheophyta;NA;Asterales;Asteraceae;Scorzonera;Scorzonera rupicola
n5402	5402	port_py3_epang_T8_K50	48a13c9c-9be2-49d3-bfce-402636c5db17	same rank, other proposal	Species	NA	Ilex chapaensis	0.505	Species	NA	Ilex canariensis	1.000	Plantae;Tracheophyta;NA;Aquifoliales;Aquifoliaceae;Ilex;NA
n5402	5402	port_py3_epang_T8_K50	49b03b88-ea7d-4272-a021-e022a3956e26	same rank, other proposal	Species	Scorzonera meyeri	Scorzonera laciniata	0.505	Species	Scorzonera meyeri	Scorzonera cana	0.992	Plantae;Tracheophyta;NA;Asterales;Asteraceae;Scorzonera;Scorzonera meyeri
n5402	5402	port_py3_epang_T8_K50	4d80381b-695e-4280-bc97-49c12f8a19b6	same rank, other proposal	Species	Ilex kunthiana	Ilex dumosa	0.741	Species	Ilex kunthiana	Ilex canariensis	1.000	Plantae;Tracheophyta;NA;Aquifoliales;Aquifoliaceae;Ilex;Ilex kunthiana
n5402	5402	port_py3_epang_T8_K50	55d2e1c1-4323-46f9-8466-f5c06b3de798	same rank, other proposal	Species	NA	Asterochloris glomerata	0.433	Species	NA	Asterochloris irregularis	0.600	Plantae;Chlorophyta;NA;Microthamniales;NA;Asterochloris;NA
n5402	5402	port_py3_epang_T8_K50	5760c42e-ab35-48e7-b496-df3af57d3f42	same rank, other proposal	Species	Ilex paraguariensis	__TAXCLUSTER5__Ilex nitida	0.885	Species	Ilex paraguariensis	Ilex theezans	0.510	Plantae;Tracheophyta;NA;Aquifoliales;Aquifoliaceae;Ilex;Ilex paraguariensis
n5402	5402	port_py3_epang_T8_K50	5c4c7b4d-3a48-41e6-aa23-16fd38952d2b	rank differs	Phylum	Ascomycota	NA	0.955	Family	Aspergillaceae	NA	0.945	Fungi;Ascomycota;NA;Eurotiales;Aspergillaceae;Aspergillus;NA
n5402	5402	port_py3_epang_T8_K50	6072c3d3-27f2-4254-b369-2512e90d8d14	same rank, other proposal	Species	__TAXCLUSTER7__Scorzonera alpigena	Scorzonera laciniata	0.501	Species	__TAXCLUSTER7__Scorzonera alpigena	Scorzonera cana	0.998	Plantae;Tracheophyta;NA;Asterales;Asteraceae;Scorzonera;__TAXCLUSTER7__Scorzonera alpigena
n5402	5402	port_py3_epang_T8_K50	637cc4d6-fd74-4920-ac5f-b8df30a53a36	rank differs	Phylum	Marchantiophyta	Tracheophyta	0.814	Kingdom	Plantae	Fungi	1.000	Plantae;Marchantiophyta;NA
n5402	5402	port_py3_epang_T8_K50	6395c587-d1fa-4afd-927a-b8028547a117	same rank, other proposal	Species	Scorzonera meshhedensis	NA	0.736	Species	Scorzonera meshhedensis	Scorzonera cana	0.956	Plantae;Tracheophyta;NA;Asterales;Asteraceae;Scorzonera;Scorzonera meshhedensis
n5402	5402	port_py3_epang_T8_K50	6595f094-7a95-4453-8e5a-8327d805f98f	same rank, other proposal	Species	NA	Asterochloris glomerata	0.433	Species	NA	Asterochloris irregularis	0.600	Plantae;Chlorophyta;NA;Microthamniales;NA;Asterochloris;NA
n5402	5402	port_py3_epang_T8_K50	6624c4e2-ddf6-463a-bb87-55ad83adf28f	rank differs	Phylum	Ascomycota	NA	0.979	Family	NA	Aspergillaceae	0.991	Fungi;Ascomycota;NA;Eurotiales;NA;NA;NA
n5402	5402	port_py3_epang_T8_K50	6d801571-9def-47be-9b28-5c7c38b1bc5a	same rank, other proposal	Species	NA	Scorzonera laciniata	0.459	Species	NA	Scorzonera cana	0.934	Plantae;Tracheophyta;NA;Asterales;Asteraceae;Scorzonera;NA
n5402	5402	port_py3_epang_T8_K50	7a6af31f-b747-4847-94e7-918fcdcd3620	same rank, other proposal	Species	NA	Asterochloris glomerata	0.433	Species	NA	Asterochloris irregularis	0.600	Plantae;Chlorophyta;NA;Microthamniales;NA;Asterochloris;NA
n5402	5402	port_py3_epang_T8_K50	7db8eea4-eb27-413e-b113-1ab22d18a77c	same rank, other proposal	Species	Scorzonera songorica	NA	0.736	Species	Scorzonera songorica	Scorzonera cana	0.956	Plantae;Tracheophyta;NA;Asterales;Asteraceae;Scorzonera;Scorzonera songorica
n5402	5402	port_py3_epang_T8_K50	80e412c5-b073-4eca-b960-861ace5b4481	rank differs	Species	Scorzonera grossheimii	NA	0.500	Family	Asteraceae	NA	0.510	Plantae;Tracheophyta;NA;Asterales;Asteraceae;Scorzonera;Scorzonera grossheimii
n5402	5402	port_py3_epang_T8_K50	82161f98-69aa-4b58-a88a-bb51dc9d4839	rank differs	Phylum	Ascomycota	NA	0.979	Genus	NA	Aspergillus	0.991	Fungi;Ascomycota;NA;Eurotiales;Aspergillaceae;NA;NA
n5402	5402	port_py3_epang_T8_K50	828a4923-aa40-4d1e-8f73-c8f394cec4c5	rank differs	Species	Scorzonera meyeri	NA	0.500	Family	Asteraceae	NA	0.510	Plantae;Tracheophyta;NA;Asterales;Asteraceae;Scorzonera;Scorzonera meyeri
n5402	5402	port_py3_epang_T8_K50	837dbf19-2f7f-4701-8404-f7a8f028d034	rank differs	Phylum	Ascomycota	NA	0.979	Genus	NA	Aspergillus	0.991	Fungi;Ascomycota;NA;Eurotiales;Aspergillaceae;NA;NA
n5402	5402	port_py3_epang_T8_K50	87ff8bcc-1e93-4eda-8ed7-c4769d033b38	rank differs	Phylum	Ascomycota	NA	0.979	Family	NA	Aspergillaceae	0.991	Fungi;Ascomycota;NA;Eurotiales;NA;NA;NA
n5402	5402	port_py3_epang_T8_K50	880bdd32-9d7b-4ab4-89db-8bbe9f1e43c2	same rank, other proposal	Genus	Takhtajaniantha	Gelasia	0.997	Genus	Takhtajaniantha	Scorzonera	0.945	Plantae;Tracheophyta;NA;Asterales;Asteraceae;Takhtajaniantha;Scorzonera latifolia
n5402	5402	port_py3_epang_T8_K50	9a3f7c67-f7d6-400a-9d3d-91a27b0f34a3	same rank, other proposal	Species	Ilex micrococca	Ilex kwangtungensis	0.816	Species	Ilex micrococca	Ilex canariensis	1.000	Plantae;Tracheophyta;NA;Aquifoliales;Aquifoliaceae;Ilex;Ilex micrococca
n5402	5402	port_py3_epang_T8_K50	9ab4c695-afe7-4ef5-bc35-b49f03885557	rank differs	Phylum	Ascomycota	NA	0.979	Genus	NA	Aspergillus	0.991	Fungi;Ascomycota;NA;Eurotiales;Aspergillaceae;NA;NA
n5402	5402	port_py3_epang_T8_K50	9f0fc14d-aa4e-42c3-99aa-8d3bce2a1f2e	rank differs	Phylum	Ascomycota	NA	0.979	Genus	NA	Aspergillus	0.991	Fungi;Ascomycota;NA;Eurotiales;Aspergillaceae;NA;NA
n5402	5402	port_py3_epang_T8_K50	afe0c2ea-eabd-4592-bfc4-418cd425439d	same rank, other proposal	Species	Podospermum armenaicum	Scorzonera laciniata	0.513	Species	Podospermum armenaicum	Scorzonera cana	0.980	Plantae;Tracheophyta;NA;Asterales;Asteraceae;Scorzonera;Podospermum armenaicum
n5402	5402	port_py3_epang_T8_K50	b077ef98-702d-44fd-bf59-dce3a60feb28	same rank, other proposal	Species	Ilex rotunda	Ilex chapaensis	0.505	Species	Ilex rotunda	Ilex canariensis	1.000	Plantae;Tracheophyta;NA;Aquifoliales;Aquifoliaceae;Ilex;Ilex rotunda
n5402	5402	port_py3_epang_T8_K50	b2698a7f-89cd-4982-a792-9af57aae6aec	rank differs	Species	Podospermum armenaicum	NA	0.500	Family	Asteraceae	NA	0.510	Plantae;Tracheophyta;NA;Asterales;Asteraceae;Scorzonera;Podospermum armenaicum
n5402	5402	port_py3_epang_T8_K50	b6d8728e-79f1-4161-a00d-e44d0d55b6f9	same rank, other proposal	Species	Scorzonera laciniata	NA	0.731	Species	Scorzonera laciniata	Scorzonera cana	0.976	Plantae;Tracheophyta;NA;Asterales;Asteraceae;Scorzonera;Scorzonera laciniata
n5402	5402	port_py3_epang_T8_K50	bde14395-f274-48a3-bc79-04715c5e53a4	rank differs	Phylum	Ascomycota	NA	0.955	Family	Aspergillaceae	NA	0.945	Fungi;Ascomycota;NA;Eurotiales;Aspergillaceae;Aspergillus;NA
n5402	5402	port_py3_epang_T8_K50	c53a3dc1-f43c-4d83-8903-b38499f3e58b	same rank, other proposal	Species	Primula stricta	Primula farinosa	0.845	Species	Primula stricta	NA	0.861	Plantae;Tracheophyta;NA;Ericales;Primulaceae;Primula;Primula stricta
n5402	5402	port_py3_epang_T8_K50	d5331c5d-abaa-44fe-b433-8bd111bd6103	rank differs	Phylum	Ascomycota	NA	0.979	Family	NA	Aspergillaceae	0.991	Fungi;Ascomycota;NA;Eurotiales;NA;NA;NA
n5402	5402	port_py3_epang_T8_K50	d70864c5-a547-42b6-924d-f0c3ea568f80	rank differs	Phylum	Ascomycota	NA	0.979	Family	NA	Aspergillaceae	0.991	Fungi;Ascomycota;NA;Eurotiales;NA;NA;NA
n5402	5402	port_py3_epang_T8_K50	ece734cb-2da2-4219-b034-e2ab73f6e576	rank differs	Phylum	Ascomycota	NA	0.979	Genus	NA	Aspergillus	0.991	Fungi;Ascomycota;NA;Eurotiales;Aspergillaceae;NA;NA
n5402	5402	port_py3_epang_T8_K50	f40f2308-6c0a-49cc-ae56-22a3fcff4a31	rank differs	Phylum	Ascomycota	NA	0.979	Genus	NA	Aspergillus	0.991	Fungi;Ascomycota;NA;Eurotiales;Aspergillaceae;NA;NA
n5402	5402	port_py3_epang_T8_K50	00ae642b-996d-4801-bb89-c60dad5ab8f8	flagged by reference only	Species	Primula elatior	Primula vulgaris	0.932					Plantae;Tracheophyta;NA;Ericales;Primulaceae;Primula;Primula elatior
n5402	5402	port_py3_epang_T8_K50	03dcd463-dc0a-442f-b02b-3b118fcc9f89	flagged by reference only	Phylum	Ascomycota	NA	0.957					Fungi;Ascomycota;NA;Eurotiales;Aspergillaceae;Aspergillus;NA
n5402	5402	port_py3_epang_T8_K50	076e5bc3-e127-40cd-a368-db48acd30a11	flagged by reference only	Phylum	Ascomycota	NA	0.990					Fungi;Ascomycota;NA;Eurotiales;Aspergillaceae;Aspergillus;NA
n5402	5402	port_py3_epang_T8_K50	07cc3234-f742-4db1-9602-5aac4c2e1bb6	flagged by reference only	Phylum	Ascomycota	NA	0.979					Fungi;Ascomycota;NA;Eurotiales;Aspergillaceae;Aspergillus;NA
n5402	5402	port_py3_epang_T8_K50	08aa7f7b-5658-49b6-83d5-469223baad9e	flagged by reference only	Species	Scorzonera cana	Scorzonera laciniata	0.501					Plantae;Tracheophyta;NA;Asterales;Asteraceae;Scorzonera;Scorzonera cana
n5402	5402	port_py3_epang_T8_K50	0fdf9944-6815-4705-b17e-f89ce31ad9dc	flagged by reference only	Phylum	Ascomycota	NA	0.979					Fungi;Ascomycota;NA;Eurotiales;Aspergillaceae;Aspergillus;NA
n5402	5402	port_py3_epang_T8_K50	0ff9deda-1c0e-4bc0-bbdc-47daf655941a	flagged by reference only	Phylum	Ascomycota	NA	0.979					Fungi;Ascomycota;NA;Eurotiales;Aspergillaceae;Aspergillus;NA
n5402	5402	port_py3_epang_T8_K50	1397aac3-68bb-4c5b-97c4-1719b63228f4	flagged by reference only	Phylum	Ascomycota	NA	0.959					Fungi;Ascomycota;NA;Eurotiales;Aspergillaceae;Aspergillus;NA
n5402	5402	port_py3_epang_T8_K50	14644f0d-0820-4736-a717-f9f0971b1550	flagged by reference only	Species	NA	Ilex latifolia	0.712					Plantae;Tracheophyta;NA;Aquifoliales;Aquifoliaceae;Ilex;NA
n5402	5402	port_py3_epang_T8_K50	14da7cc7-2cc6-4a54-ba9a-da5f612eb809	flagged by reference only	Phylum	Ascomycota	NA	0.957					Fungi;Ascomycota;NA;Eurotiales;Aspergillaceae;Aspergillus;NA
n5402	5402	port_py3_epang_T8_K50	16abc43e-c596-428d-902e-68dbebad42fe	flagged by reference only	Order	Eurotiales	Caliciales	0.482					Fungi;Ascomycota;NA;Eurotiales;Aspergillaceae;Aspergillus;NA
n5402	5402	port_py3_epang_T8_K50	1a36c39a-4914-4d75-a7b3-380c13e5d468	flagged by reference only	Phylum	Ascomycota	NA	0.979					Fungi;Ascomycota;NA;Eurotiales;Aspergillaceae;Aspergillus;NA
n5402	5402	port_py3_epang_T8_K50	1aaace59-026a-4b50-9666-12fe244cd256	flagged by reference only	Species	Scorzonera cana	Scorzonera laciniata	0.505					Plantae;Tracheophyta;NA;Asterales;Asteraceae;Scorzonera;Scorzonera cana
n5402	5402	port_py3_epang_T8_K50	1ac1131b-fc44-4a7f-b4c9-39aef53aacd6	flagged by reference only	Phylum	Ascomycota	NA	0.979					Fungi;Ascomycota;NA;Eurotiales;Aspergillaceae;Aspergillus;NA
n5402	5402	port_py3_epang_T8_K50	1b439a0b-ec06-491e-bbea-3c918fa05089	flagged by reference only	Phylum	Ascomycota	NA	0.946					Fungi;Ascomycota;NA;Eurotiales;Aspergillaceae;Aspergillus;NA
n5402	5402	port_py3_epang_T8_K50	1b5f2ed7-24db-4c38-a313-02f216154b3d	flagged by reference only	Phylum	Ascomycota	NA	0.979					Fungi;Ascomycota;NA;Eurotiales;Aspergillaceae;Aspergillus;NA
n5402	5402	port_py3_epang_T8_K50	1ce6e2e4-35e9-437d-8f63-2e53e508cb1c	flagged by reference only	Species	Nymphaea odorata	Nymphaea mexicana	0.510					Plantae;Tracheophyta;NA;Nymphaeales;Nymphaeaceae;Nymphaea;Nymphaea odorata
n5402	5402	port_py3_epang_T8_K50	213df940-1c78-4d7b-b0e7-9f349fe330e7	flagged by reference only	Species	Scorzonera hirsuta	Gelasia caespitosa	0.509					Plantae;Tracheophyta;NA;Asterales;Asteraceae;Gelasia;Scorzonera hirsuta
n5402	5402	port_py3_epang_T8_K50	23d0cbcd-95ec-4424-887b-a8de64e50d49	flagged by reference only	Species	Primula elatior	Primula vulgaris	0.822					Plantae;Tracheophyta;NA;Ericales;Primulaceae;Primula;Primula elatior
n5402	5402	port_py3_epang_T8_K50	26a97b41-adb7-419e-b846-9fc2766b44a6	flagged by reference only	Phylum	Ascomycota	NA	0.979					Fungi;Ascomycota;NA;Eurotiales;Aspergillaceae;Aspergillus;NA
n5402	5402	port_py3_epang_T8_K50	2b01709e-55ec-459c-993a-db840a73c6b8	flagged by reference only	Species	Mucuna bennettii	Mucuna warburgii	0.929					Plantae;Tracheophyta;NA;Fabales;Fabaceae;Mucuna;Mucuna bennettii
n5402	5402	port_py3_epang_T8_K50	2cefc528-3e88-4f9c-99cd-de22c20a2745	flagged by reference only	Species	NA	Primula auriculata	0.834					Plantae;Tracheophyta;NA;Ericales;Primulaceae;Primula;NA
n5402	5402	port_py3_epang_T8_K50	2d26f9a8-cd5c-406a-9f83-a5230dbc9b24	flagged by reference only	Species	Bipolaris bicolor	NA	0.907					Fungi;Ascomycota;NA;Pleosporales;Pleosporaceae;Bipolaris;Bipolaris bicolor
n5402	5402	port_py3_epang_T8_K50	3094c049-8a9f-48f0-a1e3-5187aac72b2b	flagged by reference only	Phylum	Ascomycota	NA	0.961					Fungi;Ascomycota;NA;Eurotiales;Aspergillaceae;Aspergillus;NA
n5402	5402	port_py3_epang_T8_K50	334f9b2a-c11d-4004-8187-c57495f32044	flagged by reference only	Species	Primula nivalis	Primula longipes	0.901					Plantae;Tracheophyta;NA;Ericales;Primulaceae;Primula;Primula nivalis
n5402	5402	port_py3_epang_T8_K50	33c1c868-a488-4696-b41c-d711dff0b706	flagged by reference only	Phylum	Ascomycota	NA	0.979					Fungi;Ascomycota;NA;Eurotiales;Aspergillaceae;Aspergillus;NA
n5402	5402	port_py3_epang_T8_K50	35a682cd-60a0-4657-9fa6-873150bbc104	flagged by reference only	Species	Primula elatior	Primula vulgaris	0.912					Plantae;Tracheophyta;NA;Ericales;Primulaceae;Primula;Primula elatior
n5402	5402	port_py3_epang_T8_K50	3714416d-0f4c-4611-a62b-2c9cbe09d0f8	flagged by reference only	Species	NA	Ilex chinensis	0.964					Plantae;Tracheophyta;NA;Aquifoliales;Aquifoliaceae;Ilex;NA
n5402	5402	port_py3_epang_T8_K50	3bc2fd39-492c-45fb-90ca-2123e59b6a6b	flagged by reference only	Phylum	Ascomycota	NA	0.979					Fungi;Ascomycota;NA;Eurotiales;Aspergillaceae;Aspergillus;NA
n5402	5402	port_py3_epang_T8_K50	3c6b4584-945c-43eb-b023-47dc571558c7	flagged by reference only	Species	Asterochloris irregularis	Asterochloris glomerata	0.433					Plantae;Chlorophyta;NA;Microthamniales;NA;Asterochloris;Asterochloris irregularis
n5402	5402	port_py3_epang_T8_K50	3fc66a6e-8cb6-4775-bba6-34a263c36c8a	flagged by reference only	Species	Scorzonera cana	Scorzonera laciniata	0.477					Plantae;Tracheophyta;NA;Asterales;Asteraceae;Scorzonera;Scorzonera cana
n5402	5402	port_py3_epang_T8_K50	40e6c789-8b27-49b5-b2d3-f116be0b9f6d	flagged by reference only	Phylum	Ascomycota	NA	0.979					Fungi;Ascomycota;NA;Eurotiales;Aspergillaceae;Aspergillus;NA
n5402	5402	port_py3_epang_T8_K50	467f2e49-f2a1-4fbe-b785-b7f446063d23	flagged by reference only	Phylum	Ascomycota	NA	0.979					Fungi;Ascomycota;NA;Eurotiales;Aspergillaceae;Aspergillus;NA
n5402	5402	port_py3_epang_T8_K50	4799bbd3-6f74-478a-a51c-f7212f1b61a9	flagged by reference only	Species	Primula matthioli	Cortusa matthioli	1.000					Plantae;Tracheophyta;NA;Ericales;Primulaceae;Primula;Primula matthioli
n5402	5402	port_py3_epang_T8_K50	4927ad31-95e2-47c5-acc2-e15d6dabac3d	flagged by reference only	Species	Scorzonera cana	Scorzonera laciniata	0.501					Plantae;Tracheophyta;NA;Asterales;Asteraceae;Scorzonera;Scorzonera cana
n5402	5402	port_py3_epang_T8_K50	49efd852-fc8c-47f1-b315-403a54e85348	flagged by reference only	Phylum	Basidiomycota	NA	1.000					Fungi;Basidiomycota;NA;Cantharellales;Tulasnellaceae;NA;NA
n5402	5402	port_py3_epang_T8_K50	4b70afd0-e960-4fcd-bdc0-9e4bb7a5cd99	flagged by reference only	Phylum	Ascomycota	NA	0.979					Fungi;Ascomycota;NA;Eurotiales;Aspergillaceae;Aspergillus;NA
n5402	5402	port_py3_epang_T8_K50	4c58a234-9a0a-4052-b074-618b7c5ea398	flagged by reference only	Species	Primula auricula	Primula marginata	0.440					Plantae;Tracheophyta;NA;Ericales;Primulaceae;Primula;Primula auricula
n5402	5402	port_py3_epang_T8_K50	4c6ff2fd-9698-4e84-8ebc-39e2601dd72d	flagged by reference only	Species	Asterochloris mediterranea	NA	0.734					Plantae;Chlorophyta;NA;Microthamniales;NA;Asterochloris;Asterochloris mediterranea
n5402	5402	port_py3_epang_T8_K50	4f5a77c5-9ee4-46d5-b095-8a1600ddb6ef	flagged by reference only	Phylum	Ascomycota	NA	0.979					Fungi;Ascomycota;NA;Eurotiales;Aspergillaceae;Aspergillus;NA
n5402	5402	port_py3_epang_T8_K50	4fd4c436-cbab-44bf-956f-f676fcb68535	flagged by reference only	Phylum	Ascomycota	NA	0.979					Fungi;Ascomycota;NA;Eurotiales;Aspergillaceae;Aspergillus;NA
n5402	5402	port_py3_epang_T8_K50	4fdc2d5c-fe5d-4273-908e-6785b6f69cb7	flagged by reference only	Phylum	Ascomycota	NA	0.955					Fungi;Ascomycota;NA;Eurotiales;NA;NA;NA
n5402	5402	port_py3_epang_T8_K50	51702362-1a19-42f3-8fd4-f5abcbbe0310	flagged by reference only	Genus	Scorzonera	Gelasia	0.999					Plantae;Tracheophyta;NA;Asterales;Asteraceae;Scorzonera;NA
n5402	5402	port_py3_epang_T8_K50	51825c9b-0c38-4da9-b637-206559bb251c	flagged by reference only	Species	NA	Primula chionantha	0.486					Plantae;Tracheophyta;NA;Ericales;Primulaceae;Primula;NA
n5402	5402	port_py3_epang_T8_K50	52a54f3b-b2c6-418c-ab0b-09ad1ce64f4f	flagged by reference only	Species	Primula matthioli	Cortusa matthioli	0.999					Plantae;Tracheophyta;NA;Ericales;Primulaceae;Primula;Primula matthioli
n5402	5402	port_py3_epang_T8_K50	53123e18-fd59-4734-9557-fe6d7bf65cff	flagged by reference only	Phylum	Ascomycota	NA	0.979					Fungi;Ascomycota;NA;Eurotiales;Aspergillaceae;Aspergillus;NA
n5402	5402	port_py3_epang_T8_K50	53c36fcc-620d-4a64-977a-e634ec058619	flagged by reference only	Species	Primula dongchuanensis	__TAXCLUSTER10__Primula helodoxa	0.542					Plantae;Tracheophyta;NA;Ericales;Primulaceae;Primula;Primula dongchuanensis
n5402	5402	port_py3_epang_T8_K50	543c8f55-7170-48c2-beee-ea019268da8f	flagged by reference only	Phylum	Ascomycota	NA	0.979					Fungi;Ascomycota;NA;Eurotiales;Aspergillaceae;Aspergillus;NA
n5402	5402	port_py3_epang_T8_K50	5695f4e5-3431-47d7-bc75-86221ca53c5d	flagged by reference only	Species	Primula matthioli	Cortusa matthioli	1.000					Plantae;Tracheophyta;NA;Ericales;Primulaceae;Primula;Primula matthioli
n5402	5402	port_py3_epang_T8_K50	5b1865a8-3cb9-4d4f-9289-611ed0fc6c7a	flagged by reference only	Phylum	Ascomycota	NA	0.979					Fungi;Ascomycota;NA;Eurotiales;Aspergillaceae;Aspergillus;NA
n5402	5402	port_py3_epang_T8_K50	5fced340-2b94-47b4-b9fd-8a490474abb6	flagged by reference only	Species	Primula handeliana	Primula longipes	0.901					Plantae;Tracheophyta;NA;Ericales;Primulaceae;Primula;Primula handeliana
n5402	5402	port_py3_epang_T8_K50	5ff66743-ac50-4d3e-af55-82adaaf6efdc	flagged by reference only	Phylum	Ascomycota	NA	0.979					Fungi;Ascomycota;NA;Eurotiales;Aspergillaceae;Aspergillus;NA
n5402	5402	port_py3_epang_T8_K50	607930de-d2db-465a-81ac-2cae77b6e726	flagged by reference only	Phylum	Ascomycota	NA	0.979					Fungi;Ascomycota;NA;Eurotiales;Aspergillaceae;Aspergillus;NA
n5402	5402	port_py3_epang_T8_K50	61c76c58-d7ab-426a-b052-a8577bdce8c0	flagged by reference only	Phylum	Ascomycota	NA	0.979					Fungi;Ascomycota;NA;Eurotiales;Aspergillaceae;Aspergillus;NA
n5402	5402	port_py3_epang_T8_K50	63d38c90-3385-454d-93d0-7cd78628c5c1	flagged by reference only	Species	Primula handeliana	Primula longipes	0.901					Plantae;Tracheophyta;NA;Ericales;Primulaceae;Primula;Primula handeliana
n5402	5402	port_py3_epang_T8_K50	65e383cb-8ff3-4b15-934b-a35dc2d6e1dc	flagged by reference only	Phylum	Ascomycota	NA	0.990					Fungi;Ascomycota;NA;Eurotiales;Aspergillaceae;Aspergillus;NA
n5402	5402	port_py3_epang_T8_K50	68cc08eb-c3cc-43d6-8e36-c77f8041de97	flagged by reference only	Phylum	Ascomycota	NA	0.979					Fungi;Ascomycota;NA;Eurotiales;Aspergillaceae;Aspergillus;NA
n5402	5402	port_py3_epang_T8_K50	694550dc-2464-41d7-8575-b61eb76fb4eb	flagged by reference only	Phylum	Ascomycota	NA	0.979					Fungi;Ascomycota;NA;Eurotiales;Aspergillaceae;Aspergillus;NA
n5402	5402	port_py3_epang_T8_K50	78bc7019-e5e3-42ea-900d-34afdf5c61e8	flagged by reference only	Species	NA	Primula farinosa	0.845					Plantae;Tracheophyta;NA;Ericales;Primulaceae;Primula;NA
n5402	5402	port_py3_epang_T8_K50	7dacca45-4667-4ce5-83af-af818e59bc2f	flagged by reference only	Phylum	Ascomycota	NA	0.979					Fungi;Ascomycota;NA;Eurotiales;Aspergillaceae;Aspergillus;NA
n5402	5402	port_py3_epang_T8_K50	7db63b58-98f2-4df8-bddd-941b96ec63c7	flagged by reference only	Phylum	Ascomycota	NA	0.979					Fungi;Ascomycota;NA;Eurotiales;Aspergillaceae;Aspergillus;NA
n5402	5402	port_py3_epang_T8_K50	7e0cc1a4-3887-4b7c-869b-44f4dd00c766	flagged by reference only	Phylum	Ascomycota	NA	0.979					Fungi;Ascomycota;NA;Eurotiales;Aspergillaceae;Aspergillus;NA
n5402	5402	port_py3_epang_T8_K50	85019380-437b-475b-a8f1-3ce86f19e2cb	flagged by reference only	Phylum	Ascomycota	NA	0.955					Fungi;Ascomycota;NA;Eurotiales;NA;NA;NA
n5402	5402	port_py3_epang_T8_K50	8680bb75-da19-415f-a7b1-4efc1d967cfd	flagged by reference only	Species	Primula nutans	Primula eximia	0.499					Plantae;Tracheophyta;NA;Ericales;Primulaceae;Primula;Primula nutans
n5402	5402	port_py3_epang_T8_K50	86e6fe1d-56f4-4080-9847-f58bb6a5aa3a	flagged by reference only	Species	Mucuna bennettii	Mucuna warburgii	0.929					Plantae;Tracheophyta;NA;Fabales;Fabaceae;Mucuna;Mucuna bennettii
n5402	5402	port_py3_epang_T8_K50	8a957ac5-7f8d-4d51-bc81-8383ebe8338d	flagged by reference only	Species	NA	Asterochloris irregularis	0.719					Plantae;Chlorophyta;NA;Microthamniales;NA;Asterochloris;NA
n5402	5402	port_py3_epang_T8_K50	8aabd75f-2508-4069-be47-dc664595c211	flagged by reference only	Phylum	Ascomycota	NA	0.955					Fungi;Ascomycota;NA;Eurotiales;NA;NA;NA
n5402	5402	port_py3_epang_T8_K50	9170f2a3-a8f4-41f9-8aa2-3bf0b183bf54	flagged by reference only	Phylum	Ascomycota	NA	0.955					Fungi;Ascomycota;NA;Eurotiales;NA;NA;NA
n5402	5402	port_py3_epang_T8_K50	92073f88-172b-4d9b-898e-a3d71e7ce4b1	flagged by reference only	Species	__TAXCLUSTER17__Primula szechuanica	Primula longipes	0.901					Plantae;Tracheophyta;NA;Ericales;Primulaceae;Primula;__TAXCLUSTER17__Primula szechuanica
n5402	5402	port_py3_epang_T8_K50	94ab3c51-9283-4363-b390-f6f0ca9f7170	flagged by reference only	Phylum	Ascomycota	NA	0.955					Fungi;Ascomycota;NA;Eurotiales;NA;NA;NA
n5402	5402	port_py3_epang_T8_K50	963c8d04-1c92-45b6-ab9f-06420a402b4b	flagged by reference only	Phylum	Ascomycota	NA	0.979					Fungi;Ascomycota;NA;Eurotiales;Aspergillaceae;Aspergillus;NA
n5402	5402	port_py3_epang_T8_K50	9647f17f-d5d9-4085-9293-e57d4c0269d8	flagged by reference only	Phylum	Ascomycota	NA	0.979					Fungi;Ascomycota;NA;Eurotiales;Aspergillaceae;Aspergillus;NA
n5402	5402	port_py3_epang_T8_K50	97311ffc-d825-4d81-96cb-deaa05ae4508	flagged by reference only	Infraorder	Alternaria	Bipolaris	0.987					Fungi;Ascomycota;NA;Pleosporales;Pleosporaceae;Alternaria;NA
n5402	5402	port_py3_epang_T8_K50	9b99a095-c874-4640-b417-89177fac1f99	flagged by reference only	Species	NA	Primula longipes	0.901					Plantae;Tracheophyta;NA;Ericales;Primulaceae;Primula;NA
n5402	5402	port_py3_epang_T8_K50	9c8a9863-6909-4d38-a68a-50c8fe342051	flagged by reference only	Phylum	Ascomycota	NA	0.916					Fungi;Ascomycota;NA;Eurotiales;Aspergillaceae;Aspergillus;NA
n5402	5402	port_py3_epang_T8_K50	a006ece1-ca2b-48d5-ad77-5db17d9a1c3b	flagged by reference only	Species	Primula elatior	Primula veris	0.979					Plantae;Tracheophyta;NA;Ericales;Primulaceae;Primula;Primula elatior
n5402	5402	port_py3_epang_T8_K50	a9f98a0a-f713-4d64-8e3b-284123878207	flagged by reference only	Species	NA	Asterochloris irregularis	0.419					Plantae;Chlorophyta;NA;Microthamniales;NA;Asterochloris;NA
n5402	5402	port_py3_epang_T8_K50	b1c9f439-e9e5-49c0-9f44-157be4b25a78	flagged by reference only	Species	Scorzonera cana	NA	0.788					Plantae;Tracheophyta;NA;Asterales;Asteraceae;Scorzonera;Scorzonera cana
n5402	5402	port_py3_epang_T8_K50	b369d4e6-f8f6-49d3-8d21-6dc7684b461f	flagged by reference only	Phylum	Ascomycota	NA	0.961					Fungi;Ascomycota;NA;Eurotiales;Aspergillaceae;Aspergillus;NA
n5402	5402	port_py3_epang_T8_K50	b4701a75-4e2c-431d-b754-6b6f3ae316ac	flagged by reference only	Species	Asterochloris irregularis	Asterochloris glomerata	0.433					Plantae;Chlorophyta;NA;Microthamniales;NA;Asterochloris;Asterochloris irregularis
n5402	5402	port_py3_epang_T8_K50	b77bf342-72ce-453b-9753-58721a014e6b	flagged by reference only	Phylum	Ascomycota	NA	0.990					Fungi;Ascomycota;NA;Eurotiales;Aspergillaceae;Aspergillus;NA
n5402	5402	port_py3_epang_T8_K50	b9b7976e-d22b-4c50-aa10-5a2c6c131266	flagged by reference only	Phylum	Ascomycota	NA	0.979					Fungi;Ascomycota;NA;Eurotiales;Aspergillaceae;Aspergillus;NA
n5402	5402	port_py3_epang_T8_K50	bbd4a52a-c334-41c7-afb9-7c68a919ca1f	flagged by reference only	Phylum	Ascomycota	NA	0.979					Fungi;Ascomycota;NA;Eurotiales;Aspergillaceae;Aspergillus;NA
n5402	5402	port_py3_epang_T8_K50	bead2600-8619-4a0d-8619-0295ad20a79e	flagged by reference only	Species	Scorzonera virgata	Scorzonera tragopogonoides	0.502					Plantae;Tracheophyta;NA;Asterales;Asteraceae;Scorzonera;Scorzonera virgata
n5402	5402	port_py3_epang_T8_K50	c1ac0826-9f4a-4388-a929-f8f1c27ed151	flagged by reference only	Phylum	Ascomycota	NA	0.904					Fungi;Ascomycota;NA;Eurotiales;Aspergillaceae;Aspergillus;NA
n5402	5402	port_py3_epang_T8_K50	c5b3b83f-30c1-4c6a-81a9-1323c22eb97f	flagged by reference only	Phylum	Ascomycota	NA	0.945					Fungi;Ascomycota;NA;Eurotiales;Aspergillaceae;Aspergillus;NA
n5402	5402	port_py3_epang_T8_K50	ca36daf6-930d-419d-8d88-5bf2c8893333	flagged by reference only	Species	__TAXCLUSTER17__Primula szechuanica	Primula longipes	0.901					Plantae;Tracheophyta;NA;Ericales;Primulaceae;Primula;__TAXCLUSTER17__Primula szechuanica
n5402	5402	port_py3_epang_T8_K50	ca568fc8-9d1a-4eaf-b692-8da5beb540ab	flagged by reference only	Phylum	Basidiomycota	NA	1.000					Fungi;Basidiomycota;NA;Cantharellales;Tulasnellaceae;NA;NA
n5402	5402	port_py3_epang_T8_K50	ca8578e1-4583-44ed-8ba0-b2239ae20d75	flagged by reference only	Species	__TAXCLUSTER17__Primula szechuanica	Primula longipes	0.901					Plantae;Tracheophyta;NA;Ericales;Primulaceae;Primula;__TAXCLUSTER17__Primula szechuanica
n5402	5402	port_py3_epang_T8_K50	ce999006-80dc-4b0a-9311-cd7fa91d5764	flagged by reference only	Infraorder	Alternaria	Bipolaris	0.987					Fungi;Ascomycota;NA;Pleosporales;Pleosporaceae;Alternaria;NA
n5402	5402	port_py3_epang_T8_K50	d0ef184b-b4a3-4c7d-a595-27a16025db4e	flagged by reference only	Species	Bipolaris bicolor	NA	0.996					Fungi;Ascomycota;NA;Pleosporales;Pleosporaceae;Bipolaris;Bipolaris bicolor
n5402	5402	port_py3_epang_T8_K50	d28fb319-cb0b-463b-afb2-0bbfa78c8581	flagged by reference only	Species	Ilex venulosa	Ilex khasiana	0.529					Plantae;Tracheophyta;NA;Aquifoliales;Aquifoliaceae;Ilex;Ilex venulosa
n5402	5402	port_py3_epang_T8_K50	d479704b-1f91-42e3-81ee-bd3dc7aadd19	flagged by reference only	Species	Ahnfeltia fastigiata	Ahnfeltia borealis	0.936					Plantae;Rhodophyta;NA;Ahnfeltiales;Ahnfeltiaceae;Ahnfeltia;Ahnfeltia fastigiata
n5402	5402	port_py3_epang_T8_K50	dcf87a27-390b-4810-afb0-45ff333ac7b9	flagged by reference only	Phylum	Ascomycota	NA	0.955					Fungi;Ascomycota;NA;Eurotiales;NA;NA;NA
n5402	5402	port_py3_epang_T8_K50	dfc2b5cd-a050-4b7b-9f1b-92bccd8e8814	flagged by reference only	Species	Bipolaris bicolor	NA	0.903					Fungi;Ascomycota;NA;Pleosporales;Pleosporaceae;Bipolaris;Bipolaris bicolor
n5402	5402	port_py3_epang_T8_K50	e218e97f-2c1a-4c43-811e-c1b820686d32	flagged by reference only	Phylum	Ascomycota	NA	0.979					Fungi;Ascomycota;NA;Eurotiales;Aspergillaceae;Aspergillus;NA
n5402	5402	port_py3_epang_T8_K50	ee5718a9-cb16-4a89-9049-6c966052724e	flagged by reference only	Species	Ilex theezans	Ilex brasiliensis	0.956					Plantae;Tracheophyta;NA;Aquifoliales;Aquifoliaceae;Ilex;Ilex theezans
n5402	5402	port_py3_epang_T8_K50	eec10d11-6f76-4715-80b3-3b8709270780	flagged by reference only	Species	Primula matthioli	Cortusa matthioli	1.000					Plantae;Tracheophyta;NA;Ericales;Primulaceae;Primula;Primula matthioli
n5402	5402	port_py3_epang_T8_K50	f3f227ed-3771-471b-954a-acc803114547	flagged by reference only	Species	Primula handeliana	Primula longipes	0.977					Plantae;Tracheophyta;NA;Ericales;Primulaceae;Primula;Primula handeliana
n5402	5402	port_py3_epang_T8_K50	f4e6b4af-f2b7-484a-82a1-a94f10036a4e	flagged by reference only	Phylum	Ascomycota	NA	0.935					Fungi;Ascomycota;NA;Eurotiales;Aspergillaceae;Aspergillus;NA
n5402	5402	port_py3_epang_T8_K50	f56e8933-d80f-47a1-ac4b-a2f99f04421c	flagged by reference only	Species	Scorzonera cana	Scorzonera laciniata	0.505					Plantae;Tracheophyta;NA;Asterales;Asteraceae;Scorzonera;Scorzonera cana
n5402	5402	port_py3_epang_T8_K50	fc2f9287-bd3f-410a-9123-2b316fdec5e9	flagged by reference only	Species	Cortusa matthioli	Primula algida	0.805					Plantae;Tracheophyta;NA;Ericales;Primulaceae;Primula;Cortusa matthioli
n5402	5402	port_py3_epang_T8_K50	00191c72-2b00-41db-9d09-a49ea3c5ffd9	flagged by test only					Species	Primula algida	Cortusa matthioli	1.000	Plantae;Tracheophyta;NA;Ericales;Primulaceae;Primula;Primula algida
n5402	5402	port_py3_epang_T8_K50	0043ddd3-9e72-4a19-bcfd-47feed13ef05	flagged by test only					Phylum	NA	Ascomycota	1.000	Fungi;NA;NA;NA;NA;NA;NA
n5402	5402	port_py3_epang_T8_K50	0326d4e3-c803-4299-a077-8d71e9c7ee1f	flagged by test only					Kingdom	Plantae	Fungi	1.000	Plantae;Tracheophyta;NA;Poales;Cyperaceae;Carex;Carex acutiformis
n5402	5402	port_py3_epang_T8_K50	046a6bab-79d9-4153-9319-29e8ec004cbf	flagged by test only					Species	Ilex pernyi	Ilex crenata	0.510	Plantae;Tracheophyta;NA;Aquifoliales;Aquifoliaceae;Ilex;Ilex pernyi
n5402	5402	port_py3_epang_T8_K50	04f17627-601d-4f8f-bb1b-aa3d09da7e32	flagged by test only					Phylum	NA	Ascomycota	1.000	Fungi;NA;NA;NA;NA;NA;NA
n5402	5402	port_py3_epang_T8_K50	06c3d543-3c24-4673-afe0-617dffd6391c	flagged by test only					Species	Primula grandis	Primula elatior	1.000	Plantae;Tracheophyta;NA;Ericales;Primulaceae;Primula;Primula grandis
n5402	5402	port_py3_epang_T8_K50	06dcde95-2593-4d6f-9a52-d2f36bf02aee	flagged by test only					Species	Ilex integerrima	Ilex theezans	0.510	Plantae;Tracheophyta;NA;Aquifoliales;Aquifoliaceae;Ilex;Ilex integerrima
n5402	5402	port_py3_epang_T8_K50	0ad0a660-47a5-4cc8-9f14-5bfc92165579	flagged by test only					Species	Asterochloris irregularis	NA	0.824	Plantae;Chlorophyta;NA;Microthamniales;NA;Asterochloris;Asterochloris irregularis
n5402	5402	port_py3_epang_T8_K50	0cd4a3aa-5fa7-471f-be91-d2ba94ae0cbd	flagged by test only					Species	Primula nutans	Primula egaliksensis	0.777	Plantae;Tracheophyta;NA;Ericales;Primulaceae;Primula;Primula nutans
n5402	5402	port_py3_epang_T8_K50	10664ba8-3f6c-48e5-9c9f-aa5940b751bd	flagged by test only					Species	Ilex opaca	Ilex theezans	0.510	Plantae;Tracheophyta;NA;Aquifoliales;Aquifoliaceae;Ilex;Ilex opaca
n5402	5402	port_py3_epang_T8_K50	11911fb5-383b-4692-ac57-a6ec792a337d	flagged by test only					Species	Bipolaris sorokiniana	NA	0.994	Fungi;Ascomycota;NA;Pleosporales;Pleosporaceae;Bipolaris;Bipolaris sorokiniana
n5402	5402	port_py3_epang_T8_K50	11bc3933-50e8-4c91-8d8e-7fe36e149352	flagged by test only					Species	Ilex pubescens	Ilex canariensis	1.000	Plantae;Tracheophyta;NA;Aquifoliales;Aquifoliaceae;Ilex;Ilex pubescens
n5402	5402	port_py3_epang_T8_K50	13696475-39a1-416d-8d98-0b7160c3e7e5	flagged by test only					Phylum	NA	Basidiomycota	1.000	Fungi;NA;NA;NA;NA;NA;NA
n5402	5402	port_py3_epang_T8_K50	1d332df3-a7f6-4e19-8b4a-46434cbdbfa5	flagged by test only					Species	Ilex canariensis	Ilex crenata	0.510	Plantae;Tracheophyta;NA;Aquifoliales;Aquifoliaceae;Ilex;Ilex canariensis
n5402	5402	port_py3_epang_T8_K50	1d7d9a48-a7e5-4065-af2c-1030fd3c36fe	flagged by test only					Kingdom	Plantae	Fungi	1.000	Plantae;Tracheophyta;NA;Poales;Cyperaceae;Carex;Carex acutiformis
n5402	5402	port_py3_epang_T8_K50	1ff93911-5ef5-458e-b675-617c8b7ec62d	flagged by test only					Phylum	NA	Basidiomycota	1.000	Fungi;NA;NA;NA;NA;NA;NA
n5402	5402	port_py3_epang_T8_K50	1ffced88-f8a8-4095-9d0e-06751b0cbf0c	flagged by test only					Kingdom	Plantae	Fungi	1.000	Plantae;Tracheophyta;NA;Poales;Cyperaceae;Carex;Carex arcta
n5402	5402	port_py3_epang_T8_K50	22fd837a-0e38-41ee-9227-9fef9c1b9d92	flagged by test only					Species	Ilex canariensis	Ilex crenata	0.510	Plantae;Tracheophyta;NA;Aquifoliales;Aquifoliaceae;Ilex;Ilex canariensis
n5402	5402	port_py3_epang_T8_K50	24ce2043-f17b-433d-9e78-bffce358e3f9	flagged by test only					Species	Ilex khasiana	Ilex theezans	0.510	Plantae;Tracheophyta;NA;Aquifoliales;Aquifoliaceae;Ilex;Ilex khasiana
n5402	5402	port_py3_epang_T8_K50	25569ec5-197d-4eb1-880e-fc51fddfe299	flagged by test only					Genus	NA	Aspergillus	0.474	Fungi;Ascomycota;NA;Eurotiales;Aspergillaceae;NA;NA
n5402	5402	port_py3_epang_T8_K50	258cc3a5-bc03-4877-8e90-2c06b2701773	flagged by test only					Species	Ilex mitis	NA	0.833	Plantae;Tracheophyta;NA;Aquifoliales;Aquifoliaceae;Ilex;Ilex mitis
n5402	5402	port_py3_epang_T8_K50	27923d6d-37fe-4450-bd5d-09df700b5510	flagged by test only					Family	Asteraceae	NA	0.510	Plantae;Tracheophyta;NA;Asterales;Asteraceae;Scorzonera;NA
n5402	5402	port_py3_epang_T8_K50	29ae626e-7ca4-4f6d-bf41-f8e967b555be	flagged by test only					Species	NA	Scorzonera cana	0.998	Plantae;Tracheophyta;NA;Asterales;Asteraceae;Scorzonera;NA
n5402	5402	port_py3_epang_T8_K50	2d7824b6-43ce-41e9-adc9-7bb57c18be6a	flagged by test only					Species	Scorzonera tragopogonoides	Scorzonera albicaulis	1.000	Plantae;Tracheophyta;NA;Asterales;Asteraceae;Scorzonera;Scorzonera tragopogonoides
n5402	5402	port_py3_epang_T8_K50	2daca48d-67cf-41a9-b2a8-898626cb179f	flagged by test only					Kingdom	Plantae	Fungi	1.000	Plantae;Tracheophyta;NA;Poales;Cyperaceae;Carex;Carex acutiformis
n5402	5402	port_py3_epang_T8_K50	2e188f33-6f0e-4045-8d86-40a13f23616f	flagged by test only					Phylum	NA	Ascomycota	1.000	Fungi;NA;NA;NA;NA;NA;NA
n5402	5402	port_py3_epang_T8_K50	30ebdfc5-8dcd-42ed-b3ce-40423848ffe3	flagged by test only					Species	Ilex dumosa	Ilex theezans	0.510	Plantae;Tracheophyta;NA;Aquifoliales;Aquifoliaceae;Ilex;Ilex dumosa
n5402	5402	port_py3_epang_T8_K50	39044952-aa56-44f1-a6d5-8386ce0c0e6a	flagged by test only					Species	Primula grandis	Primula elatior	0.999	Plantae;Tracheophyta;NA;Ericales;Primulaceae;Primula;Primula grandis
n5402	5402	port_py3_epang_T8_K50	3bec258e-fd1e-4fd4-8d10-becae65be132	flagged by test only					Species	__TAXCLUSTER21__Ilex suaveolens	Ilex crenata	0.510	Plantae;Tracheophyta;NA;Aquifoliales;Aquifoliaceae;Ilex;__TAXCLUSTER21__Ilex suaveolens
n5402	5402	port_py3_epang_T8_K50	417101c9-6b03-487f-bab0-126c9283c2d1	flagged by test only					Phylum	NA	Ascomycota	1.000	Fungi;NA;NA;NA;NA;NA;NA
n5402	5402	port_py3_epang_T8_K50	488136ce-d074-4a00-b3ec-3adf7edb4eef	flagged by test only					Genus	Tourneuxia	Scorzonera	0.471	Plantae;Tracheophyta;NA;Asterales;Asteraceae;Tourneuxia;Tourneuxia variifolia
n5402	5402	port_py3_epang_T8_K50	4e54986c-299e-4d4a-805a-5c518c9b0ce4	flagged by test only					Kingdom	Plantae	Fungi	1.000	Plantae;Tracheophyta;NA;Poales;Cyperaceae;Carex;Carex annectens
n5402	5402	port_py3_epang_T8_K50	50b143fa-a5a9-4241-b7fc-1fd75fec0d19	flagged by test only					Species	Ilex canariensis	Ilex crenata	0.509	Plantae;Tracheophyta;NA;Aquifoliales;Aquifoliaceae;Ilex;Ilex canariensis
n5402	5402	port_py3_epang_T8_K50	51accbf2-4b92-4f94-9c40-d49682b93734	flagged by test only					Phylum	NA	Ascomycota	1.000	Fungi;NA;NA;NA;NA;NA;NA
n5402	5402	port_py3_epang_T8_K50	52c009b6-020f-4f84-8bc0-8486e22a901c	flagged by test only					Order	Ericales	Asterales	0.476	Plantae;Tracheophyta;NA;Ericales;Primulaceae;Primula;Primula dongchuanensis
n5402	5402	port_py3_epang_T8_K50	554d4ef6-80da-41c4-b2d3-741422082908	flagged by test only					Family	Asteraceae	NA	0.510	Plantae;Tracheophyta;NA;Asterales;Asteraceae;Scorzonera;NA
n5402	5402	port_py3_epang_T8_K50	569d128a-d4c0-4085-9fbe-296b9743a456	flagged by test only					Species	Ilex microdonta	Ilex theezans	0.510	Plantae;Tracheophyta;NA;Aquifoliales;Aquifoliaceae;Ilex;Ilex microdonta
n5402	5402	port_py3_epang_T8_K50	56a9e1c8-821c-4e7f-8db3-163e25910c5d	flagged by test only					Species	Ilex dumosa	Ilex crenata	0.510	Plantae;Tracheophyta;NA;Aquifoliales;Aquifoliaceae;Ilex;Ilex dumosa
n5402	5402	port_py3_epang_T8_K50	56fbcbf4-22c8-47a1-a1d4-f510612b2617	flagged by test only					Species	NA	__TAXCLUSTER9__Ilex verticillata	0.447	Plantae;Tracheophyta;NA;Aquifoliales;Aquifoliaceae;Ilex;NA
n5402	5402	port_py3_epang_T8_K50	57077e79-77d6-44a9-9b0c-773000cf137d	flagged by test only					Phylum	NA	Basidiomycota	1.000	Fungi;NA;NA;NA;NA;NA;NA
n5402	5402	port_py3_epang_T8_K50	5bd2c352-f26b-49b2-9226-01371136eec4	flagged by test only					Species	__TAXCLUSTER14__Ilex lohfauensis	Ilex canariensis	1.000	Plantae;Tracheophyta;NA;Aquifoliales;Aquifoliaceae;Ilex;__TAXCLUSTER14__Ilex lohfauensis
n5402	5402	port_py3_epang_T8_K50	5d3d21bd-207d-41e1-aea7-fc5ec33b1187	flagged by test only					Phylum	NA	Ascomycota	1.000	Fungi;NA;NA;NA;NA;NA;NA
n5402	5402	port_py3_epang_T8_K50	60f61185-b905-4503-beb6-6765f1ada7ef	flagged by test only					Species	Ilex cornuta	Ilex theezans	0.510	Plantae;Tracheophyta;NA;Aquifoliales;Aquifoliaceae;Ilex;Ilex cornuta
n5402	5402	port_py3_epang_T8_K50	6567099c-e803-47e8-8f0c-cead60d41f35	flagged by test only					Kingdom	Plantae	Fungi	1.000	Plantae;Tracheophyta;NA;Poales;Cyperaceae;Carex;Carex annectens
n5402	5402	port_py3_epang_T8_K50	657eab65-d53e-4a3a-ab79-3d90c64e8d5f	flagged by test only					Phylum	Chytridiomycota	Basidiomycota	0.957	Fungi;Chytridiomycota;NA;NA;NA;NA;NA
n5402	5402	port_py3_epang_T8_K50	6809154e-54a3-4235-9310-d472bc537b2b	flagged by test only					Species	Ilex dumosa	Ilex theezans	0.510	Plantae;Tracheophyta;NA;Aquifoliales;Aquifoliaceae;Ilex;Ilex dumosa
n5402	5402	port_py3_epang_T8_K50	686f72a8-899a-44f7-9cdd-83684c68186b	flagged by test only					Order	Caryophyllales	Nymphaeales	0.592	Plantae;Tracheophyta;NA;Caryophyllales;Caryophyllaceae;Acanthophyllum;Acanthophyllum pungens
n5402	5402	port_py3_epang_T8_K50	69debbc0-4206-49bb-8690-f0cb6029c71c	flagged by test only					Species	Ilex brevicuspis	Ilex crenata	0.510	Plantae;Tracheophyta;NA;Aquifoliales;Aquifoliaceae;Ilex;Ilex brevicuspis
n5402	5402	port_py3_epang_T8_K50	6aaa63af-eb47-4c53-94ed-365f7cc4504e	flagged by test only					Species	NA	Primula egaliksensis	0.837	Plantae;Tracheophyta;NA;Ericales;Primulaceae;Primula;NA
n5402	5402	port_py3_epang_T8_K50	6d461fc8-1820-4836-b1af-46f3aefae397	flagged by test only					Species	Primula algida	Cortusa matthioli	1.000	Plantae;Tracheophyta;NA;Ericales;Primulaceae;Primula;Primula algida
n5402	5402	port_py3_epang_T8_K50	6e9bd1dd-4180-4e61-8718-7f0c64393f17	flagged by test only					Kingdom	Plantae	Fungi	1.000	Plantae;Tracheophyta;NA;Poales;Cyperaceae;Carex;Carex acuta
n5402	5402	port_py3_epang_T8_K50	70bfe58d-2fca-4a84-8b0d-d0653ddc954b	flagged by test only					Species	Carex acuta	Carex alba	0.632	Plantae;Tracheophyta;NA;Poales;Cyperaceae;Carex;Carex acuta
n5402	5402	port_py3_epang_T8_K50	712af03e-b0e6-4cf6-8dc6-8e9f5b00c22f	flagged by test only					Species	Aspergillus penicillioides	NA	0.944	Fungi;Ascomycota;NA;Eurotiales;Aspergillaceae;Aspergillus;Aspergillus penicillioides
n5402	5402	port_py3_epang_T8_K50	7a8b992e-efa4-48fb-97bc-13db6a964c3a	flagged by test only					Species	Ilex microdonta	Ilex theezans	0.510	Plantae;Tracheophyta;NA;Aquifoliales;Aquifoliaceae;Ilex;Ilex microdonta
n5402	5402	port_py3_epang_T8_K50	82a10728-b624-4e33-9c32-62435035e484	flagged by test only					Species	Primula vulgaris	Primula elatior	0.495	Plantae;Tracheophyta;NA;Ericales;Primulaceae;Primula;Primula vulgaris
n5402	5402	port_py3_epang_T8_K50	82c02d6a-5853-4127-b41f-fdb35080e0ae	flagged by test only					Species	Ilex brasiliensis	Ilex integerrima	1.000	Plantae;Tracheophyta;NA;Aquifoliales;Aquifoliaceae;Ilex;Ilex brasiliensis
n5402	5402	port_py3_epang_T8_K50	82dfda4f-dc61-4f81-8b8a-65477c94251c	flagged by test only					Species	__TAXCLUSTER2__Ilex macrocarpa	Ilex rotunda	1.000	Plantae;Tracheophyta;NA;Aquifoliales;Aquifoliaceae;Ilex;__TAXCLUSTER2__Ilex macrocarpa
n5402	5402	port_py3_epang_T8_K50	83f3dd9f-7506-454f-b0f5-a6443e5d0cfa	flagged by test only					Species	Ilex dumosa	Ilex theezans	0.510	Plantae;Tracheophyta;NA;Aquifoliales;Aquifoliaceae;Ilex;Ilex dumosa
n5402	5402	port_py3_epang_T8_K50	8a62dc61-0c7b-4a47-9c0f-a8371abd63d0	flagged by test only					Species	Ilex rotunda	Ilex cornuta	0.510	Plantae;Tracheophyta;NA;Aquifoliales;Aquifoliaceae;Ilex;Ilex rotunda
n5402	5402	port_py3_epang_T8_K50	8b76cfa6-c284-4e30-8646-ad838a07d1a2	flagged by test only					Phylum	NA	Ascomycota	0.993	Fungi;NA;NA;NA;NA;NA;NA
n5402	5402	port_py3_epang_T8_K50	8cca4641-2551-48de-926e-0d5c0882a04f	flagged by test only					Species	NA	Bipolaris sorokiniana	0.621	Fungi;Ascomycota;NA;Pleosporales;Pleosporaceae;Bipolaris;NA
n5402	5402	port_py3_epang_T8_K50	8e67bf12-83de-4019-a7df-f065ec3f0046	flagged by test only					Kingdom	Plantae	Fungi	1.000	Plantae;Tracheophyta;NA;Poales;Cyperaceae;Carex;Carex arcta
n5402	5402	port_py3_epang_T8_K50	8ea50d64-853c-4891-b59a-bcbc0f71ccb6	flagged by test only					Species	Ilex integerrima	Ilex theezans	0.510	Plantae;Tracheophyta;NA;Aquifoliales;Aquifoliaceae;Ilex;Ilex integerrima
n5402	5402	port_py3_epang_T8_K50	925d0082-c59b-4a6f-951e-a7fa43cb7ca5	flagged by test only					Species	Ilex serrata	NA	0.833	Plantae;Tracheophyta;NA;Aquifoliales;Aquifoliaceae;Ilex;Ilex serrata
n5402	5402	port_py3_epang_T8_K50	93b03229-92b3-49ee-8326-4280a23ac3b5	flagged by test only					Species	Scorzonera laciniata	Scorzonera cana	0.998	Plantae;Tracheophyta;NA;Asterales;Asteraceae;Scorzonera;Scorzonera laciniata
n5402	5402	port_py3_epang_T8_K50	941d10d9-701c-451f-bc40-0d8c856862ef	flagged by test only					Species	Actinidia hemsleyana	Actinidia rufa	0.509	Plantae;Tracheophyta;NA;Ericales;Actinidiaceae;Actinidia;Actinidia hemsleyana
n5402	5402	port_py3_epang_T8_K50	97f0611a-3880-4841-8ab7-624a9b2c3f8c	flagged by test only					Kingdom	Plantae	Fungi	1.000	Plantae;Tracheophyta;NA;Poales;Cyperaceae;Carex;Carex acuta
n5402	5402	port_py3_epang_T8_K50	9b4da111-e66e-40eb-8252-b2738ccc0c1b	flagged by test only					Species	Asterochloris woessiae	NA	0.940	Plantae;Chlorophyta;NA;Microthamniales;NA;Asterochloris;Asterochloris woessiae
n5402	5402	port_py3_epang_T8_K50	9d4b22f7-024c-4524-8036-5220a2b665f4	flagged by test only					Kingdom	Plantae	Fungi	1.000	Plantae;Chlorophyta;NA;Chlamydomonadales;Chlamydomonadaceae;Chlamydomonas
n5402	5402	port_py3_epang_T8_K50	a2611942-3783-4cd8-8fc9-fcad4bd99af3	flagged by test only					Species	NA	Nymphaea odorata	1.000	Plantae;Tracheophyta;NA;Nymphaeales;Nymphaeaceae;Nymphaea;NA
n5402	5402	port_py3_epang_T8_K50	a50adb88-9deb-44bc-9799-b0a4e697a640	flagged by test only					Species	Ilex ficoidea	Ilex canariensis	1.000	Plantae;Tracheophyta;NA;Aquifoliales;Aquifoliaceae;Ilex;Ilex ficoidea
n5402	5402	port_py3_epang_T8_K50	a5c3105a-bb21-4de5-b0f6-02842a4890e1	flagged by test only					Species	Primula algida	Cortusa matthioli	1.000	Plantae;Tracheophyta;NA;Ericales;Primulaceae;Primula;Primula algida
n5402	5402	port_py3_epang_T8_K50	a824afba-bc21-468f-b735-7243e29a04f0	flagged by test only					Species	Ilex pseudobuxus	Ilex theezans	0.510	Plantae;Tracheophyta;NA;Aquifoliales;Aquifoliaceae;Ilex;Ilex pseudobuxus
n5402	5402	port_py3_epang_T8_K50	abc0c41f-0a5b-488a-b4b0-7ac175fbe93c	flagged by test only					Phylum	NA	Ascomycota	0.993	Fungi;NA;NA;NA;NA;NA;NA
n5402	5402	port_py3_epang_T8_K50	b2a2ca38-6a48-47f9-b4cf-ffee1a07c357	flagged by test only					Species	Ilex canariensis	Ilex crenata	0.510	Plantae;Tracheophyta;NA;Aquifoliales;Aquifoliaceae;Ilex;Ilex canariensis
n5402	5402	port_py3_epang_T8_K50	b834bcb3-d108-4b32-8004-9c2f76310672	flagged by test only					Species	NA	Primula kialensis	0.486	Plantae;Tracheophyta;NA;Ericales;Primulaceae;Primula;NA
n5402	5402	port_py3_epang_T8_K50	bdd36230-d666-4026-ad7f-018513f36ca0	flagged by test only					Species	Ilex mitis	NA	0.833	Plantae;Tracheophyta;NA;Aquifoliales;Aquifoliaceae;Ilex;Ilex mitis
n5402	5402	port_py3_epang_T8_K50	bfe0b73e-c402-4d9e-a93f-a121bf41644b	flagged by test only					Species	Ilex dumosa	Ilex theezans	0.510	Plantae;Tracheophyta;NA;Aquifoliales;Aquifoliaceae;Ilex;Ilex dumosa
n5402	5402	port_py3_epang_T8_K50	c5110d63-8c70-4b82-963d-b04fb554b21b	flagged by test only					Species	Ilex khasiana	Ilex theezans	0.510	Plantae;Tracheophyta;NA;Aquifoliales;Aquifoliaceae;Ilex;Ilex khasiana
n5402	5402	port_py3_epang_T8_K50	c87e46f3-3d7b-4b19-aef7-a5e12844bec4	flagged by test only					Phylum	NA	Ascomycota	1.000	Fungi;NA;NA;NA;NA;NA;NA
n5402	5402	port_py3_epang_T8_K50	cb24e5f2-8393-4d67-a24f-f878ebf4d090	flagged by test only					Species	Ilex serrata	NA	0.833	Plantae;Tracheophyta;NA;Aquifoliales;Aquifoliaceae;Ilex;Ilex serrata
n5402	5402	port_py3_epang_T8_K50	cc5010c5-5d72-4200-b889-b1a810113468	flagged by test only					Phylum	NA	Ascomycota	1.000	Fungi;NA;NA;NA;NA;NA;NA
n5402	5402	port_py3_epang_T8_K50	cc51194b-e66f-4007-aa94-db02ddb6dd36	flagged by test only					Species	Nymphaea ampla	Nymphaea colorata	0.510	Plantae;Tracheophyta;NA;Nymphaeales;Nymphaeaceae;Nymphaea;Nymphaea ampla
n5402	5402	port_py3_epang_T8_K50	cf97ea73-785a-42ff-8d69-7e8550709569	flagged by test only					Species	Primula latifolia	Primula marginata	1.000	Plantae;Tracheophyta;NA;Ericales;Primulaceae;Primula;Primula latifolia
n5402	5402	port_py3_epang_T8_K50	d1ec4ad5-520b-4410-8e28-bea482f8498b	flagged by test only					Species	Bipolaris bicolor	NA	0.994	Fungi;Ascomycota;NA;Pleosporales;Pleosporaceae;Bipolaris;Bipolaris bicolor
n5402	5402	port_py3_epang_T8_K50	d4331726-bc8f-48bf-a19e-1e5cf5701314	flagged by test only					Species	__TAXCLUSTER21__Ilex suaveolens	Ilex crenata	0.510	Plantae;Tracheophyta;NA;Aquifoliales;Aquifoliaceae;Ilex;__TAXCLUSTER21__Ilex suaveolens
n5402	5402	port_py3_epang_T8_K50	d4e326a4-78ba-4884-920d-5df7177e6abf	flagged by test only					Species	Ilex cochinchinensis	__TAXCLUSTER9__Ilex verticillata	0.447	Plantae;Tracheophyta;NA;Aquifoliales;Aquifoliaceae;Ilex;Ilex cochinchinensis
n5402	5402	port_py3_epang_T8_K50	db1f584c-f3d4-4780-ad3e-76e4eca73d40	flagged by test only					Species	Ilex brasiliensis	Ilex integerrima	1.000	Plantae;Tracheophyta;NA;Aquifoliales;Aquifoliaceae;Ilex;Ilex brasiliensis
n5402	5402	port_py3_epang_T8_K50	de9e5304-b1cf-4b34-b848-8dd054541d93	flagged by test only					Species	Asterochloris irregularis	NA	0.824	Plantae;Chlorophyta;NA;Microthamniales;NA;Asterochloris;Asterochloris irregularis
n5402	5402	port_py3_epang_T8_K50	e5ed5919-6a93-4379-84b8-d867ade4fa5b	flagged by test only					Genus	Aspergillus	NA	0.875	Fungi;Ascomycota;NA;Eurotiales;Aspergillaceae;Aspergillus;NA
n5402	5402	port_py3_epang_T8_K50	e68f9041-91fb-4252-8e25-68b758bf5555	flagged by test only					Phylum	NA	Ascomycota	1.000	Fungi;NA;NA;NA;NA;NA;NA
n5402	5402	port_py3_epang_T8_K50	eb839d67-c3e2-43b8-ae28-d4fc38c62a39	flagged by test only					Kingdom	Plantae	Fungi	1.000	Plantae;Tracheophyta;NA;Poales;Cyperaceae;Carex;Carex acutiformis
n5402	5402	port_py3_epang_T8_K50	ee78533f-11f2-40bc-8622-50dd31e4a7a7	flagged by test only					Species	Ilex canariensis	Ilex crenata	0.510	Plantae;Tracheophyta;NA;Aquifoliales;Aquifoliaceae;Ilex;Ilex canariensis
n5402	5402	port_py3_epang_T8_K50	eea84bc7-417b-43f8-b7e0-dd6d5fa18070	flagged by test only					Species	Ilex cochinchinensis	__TAXCLUSTER9__Ilex verticillata	0.447	Plantae;Tracheophyta;NA;Aquifoliales;Aquifoliaceae;Ilex;Ilex cochinchinensis
n5402	5402	port_py3_epang_T8_K50	f05d5498-bf33-420d-bd43-4c4190720f64	flagged by test only					Species	Primula algida	Cortusa matthioli	1.000	Plantae;Tracheophyta;NA;Ericales;Primulaceae;Primula;Primula algida
n5402	5402	port_py3_epang_T8_K50	f1c3d30e-ec8e-4ef4-8d9b-0bfc4aec585e	flagged by test only					Phylum	NA	Ascomycota	1.000	Fungi;NA;NA;NA;NA;NA;NA
n5402	5402	port_py3_epang_T8_K50	f6a20e51-3b38-46c4-9b35-cda4706b148a	flagged by test only					Species	NA	Nymphaea odorata	1.000	Plantae;Tracheophyta;NA;Nymphaeales;Nymphaeaceae;Nymphaea;NA
n5402	5402	port_py3_epang_T8_gammainfo	00ae642b-996d-4801-bb89-c60dad5ab8f8	same rank, other proposal	Species	Primula elatior	Primula vulgaris	0.932	Species	Primula elatior	Primula veris	0.997	Plantae;Tracheophyta;NA;Ericales;Primulaceae;Primula;Primula elatior
n5402	5402	port_py3_epang_T8_gammainfo	04e58906-beb1-48d0-a876-52c5bbc5efee	same rank, other proposal	Species	Bipolaris bicolor	NA	0.999	Species	Bipolaris bicolor	Bipolaris sorokiniana	0.975	Fungi;Ascomycota;NA;Pleosporales;Pleosporaceae;Bipolaris;Bipolaris bicolor
n5402	5402	port_py3_epang_T8_gammainfo	05bd1843-22da-4c7a-be34-c341622261bb	same rank, other proposal	Species	__TAXCLUSTER7__Scorzonera alpigena	Scorzonera laciniata	0.501	Species	__TAXCLUSTER7__Scorzonera alpigena	NA	0.539	Plantae;Tracheophyta;NA;Asterales;Asteraceae;Scorzonera;__TAXCLUSTER7__Scorzonera alpigena
n5402	5402	port_py3_epang_T8_gammainfo	078e8af4-d147-40ec-92aa-d3bad38c19d3	rank differs	Species	Ilex pubescens	Ilex crenata	1.000	Order	Aquifoliales	Ericales	1.000	Plantae;Tracheophyta;NA;Aquifoliales;Aquifoliaceae;Ilex;Ilex pubescens
n5402	5402	port_py3_epang_T8_gammainfo	08aa7f7b-5658-49b6-83d5-469223baad9e	same rank, other proposal	Species	Scorzonera cana	Scorzonera laciniata	0.501	Species	Scorzonera cana	NA	0.539	Plantae;Tracheophyta;NA;Asterales;Asteraceae;Scorzonera;Scorzonera cana
n5402	5402	port_py3_epang_T8_gammainfo	0b7d5e7e-6c0b-4b4f-8ec0-e3134ba5d7ab	rank differs	Species	Ilex kaushue	Ilex crenata	1.000	Order	Aquifoliales	Ericales	1.000	Plantae;Tracheophyta;NA;Aquifoliales;Aquifoliaceae;Ilex;Ilex kaushue
n5402	5402	port_py3_epang_T8_gammainfo	0bbb8054-db0f-4d6a-8602-ab0955279993	same rank, other proposal	Species	NA	Ilex pseudobuxus	0.810	Species	NA	Ilex microdonta	0.542	Plantae;Tracheophyta;NA;Aquifoliales;Aquifoliaceae;Ilex;NA
n5402	5402	port_py3_epang_T8_gammainfo	0c96584f-d5b0-46a4-9adb-21152343baa2	same rank, other proposal	Species	NA	Primula farinosa	0.851	Species	NA	Primula pinnata	0.440	Plantae;Tracheophyta;NA;Ericales;Primulaceae;Primula;NA
n5402	5402	port_py3_epang_T8_gammainfo	0fc404e0-10c3-4178-b611-e127391f3978	same rank, other proposal	Phylum	NA	Rozellomycota	0.833	Phylum	NA	Ascomycota	1.000	Fungi;NA;NA;NA;NA;NA;NA
n5402	5402	port_py3_epang_T8_gammainfo	1006dc52-3100-4d8c-aeda-a6f687afae37	same rank, other proposal	Species	NA	Primula farinosa	0.851	Species	NA	Primula pinnata	0.440	Plantae;Tracheophyta;NA;Ericales;Primulaceae;Primula;NA
n5402	5402	port_py3_epang_T8_gammainfo	12e2abec-726f-41a5-b391-af17d8ceee0a	rank differs	Species	Ilex vomitoria	Ilex crenata	1.000	Order	Aquifoliales	Ericales	1.000	Plantae;Tracheophyta;NA;Aquifoliales;Aquifoliaceae;Ilex;Ilex vomitoria
n5402	5402	port_py3_epang_T8_gammainfo	1725da22-c0dc-4cc9-b78a-398764d5ffdd	rank differs	Phylum	Ascomycota	NA	0.955	Family	Aspergillaceae	NA	0.968	Fungi;Ascomycota;NA;Eurotiales;Aspergillaceae;Aspergillus;NA
n5402	5402	port_py3_epang_T8_gammainfo	182bd40a-8685-4983-b0b4-91db409ba8b7	rank differs	Species	Ilex asprella	Ilex crenata	1.000	Order	Aquifoliales	Ericales	1.000	Plantae;Tracheophyta;NA;Aquifoliales;Aquifoliaceae;Ilex;Ilex asprella
n5402	5402	port_py3_epang_T8_gammainfo	1843d5a8-d171-4269-bab8-3b107f9fe3f7	rank differs	Species	__TAXCLUSTER6__Ilex lihuaiensis	Ilex crenata	1.000	Order	Aquifoliales	Ericales	1.000	Plantae;Tracheophyta;NA;Aquifoliales;Aquifoliaceae;Ilex;__TAXCLUSTER6__Ilex lihuaiensis
n5402	5402	port_py3_epang_T8_gammainfo	1ebef10b-e0c3-473f-b096-28593bacb8a0	rank differs	Species	Scorzonera humilis	NA	0.480	Genus	Scorzonera	Avellara	0.458	Plantae;Tracheophyta;NA;Asterales;Asteraceae;Scorzonera;Scorzonera humilis
n5402	5402	port_py3_epang_T8_gammainfo	1f5a8bd7-dfaf-435c-bf95-cf12f60d07c5	same rank, other proposal	Order	Asterales	Aquifoliales	0.993	Order	Asterales	Ericales	1.000	Plantae;Tracheophyta;NA;Asterales;Asteraceae;Scorzonera;Scorzonera mongolica
n5402	5402	port_py3_epang_T8_gammainfo	227576b0-4698-4add-9e64-c0916b04df57	rank differs	Species	Ilex pubilimba	Ilex crenata	1.000	Order	Aquifoliales	Ericales	1.000	Plantae;Tracheophyta;NA;Aquifoliales;Aquifoliaceae;Ilex;Ilex pubilimba
n5402	5402	port_py3_epang_T8_gammainfo	23d0cbcd-95ec-4424-887b-a8de64e50d49	same rank, other proposal	Species	Primula elatior	Primula vulgaris	0.822	Species	Primula elatior	Primula veris	0.997	Plantae;Tracheophyta;NA;Ericales;Primulaceae;Primula;Primula elatior
n5402	5402	port_py3_epang_T8_gammainfo	2570e0d5-a798-4f03-a215-866c1f10ff35	same rank, other proposal	Species	Primula scotica	Primula farinosa	0.712	Species	Primula scotica	NA	0.996	Plantae;Tracheophyta;NA;Ericales;Primulaceae;Primula;Primula scotica
n5402	5402	port_py3_epang_T8_gammainfo	273b6209-05d7-45f9-8c64-c0bec9d1e371	same rank, other proposal	Species	Scorzonera grossheimii	Scorzonera laciniata	0.501	Species	Scorzonera grossheimii	NA	0.539	Plantae;Tracheophyta;NA;Asterales;Asteraceae;Scorzonera;Scorzonera grossheimii
n5402	5402	port_py3_epang_T8_gammainfo	296a4da0-2b7f-4657-a79b-aaf9e081fdfa	same rank, other proposal	Species	Primula scandinavica	Primula farinosa	0.851	Species	Primula scandinavica	Primula pinnata	0.440	Plantae;Tracheophyta;NA;Ericales;Primulaceae;Primula;Primula scandinavica
n5402	5402	port_py3_epang_T8_gammainfo	2bb1840f-8370-4fb6-84ba-f812c95e0803	same rank, other proposal	Phylum	NA	Basidiomycota	0.994	Phylum	NA	Ascomycota	1.000	Fungi;NA;NA;NA;NA;NA;NA
n5402	5402	port_py3_epang_T8_gammainfo	340ecea6-e835-4bdb-a975-2a1cf50d575b	same rank, other proposal	Species	NA	Primula kisoana	0.747	Species	NA	Primula saxatilis	0.502	Plantae;Tracheophyta;NA;Ericales;Primulaceae;Primula;NA
n5402	5402	port_py3_epang_T8_gammainfo	3a9bea8c-2003-4a51-bc5b-f3bd71a29006	same rank, other proposal	Species	NA	Primula vulgaris	0.940	Species	NA	Primula veris	0.997	Plantae;Tracheophyta;NA;Ericales;Primulaceae;Primula;NA
n5402	5402	port_py3_epang_T8_gammainfo	3c00ce5d-0ffd-47dc-afe1-4f8ed7e8e436	rank differs	Kingdom	Fungi	Plantae	0.998	Phylum	Rozellomycota	Basidiomycota	0.586	Fungi;Rozellomycota;NA;NA;NA;NA;NA
n5402	5402	port_py3_epang_T8_gammainfo	3f6abd7f-f0d5-443f-a389-a6eee27f6f9c	same rank, other proposal	Species	Primula kialensis	Primula auriculata	0.855	Species	Primula kialensis	NA	0.568	Plantae;Tracheophyta;NA;Ericales;Primulaceae;Primula;Primula kialensis
n5402	5402	port_py3_epang_T8_gammainfo	42a9c432-23cb-47a3-b43b-99f3dfa459d2	rank differs	Genus	Scorzonera	Gelasia	0.999	Species	Scorzonera pseudolanata	NA	0.626	Plantae;Tracheophyta;NA;Asterales;Asteraceae;Scorzonera;Scorzonera pseudolanata
n5402	5402	port_py3_epang_T8_gammainfo	43fe052b-33c4-438e-8b4b-ef63fd2f3580	rank differs	Species	__TAXCLUSTER1__Ilex sugerokii	Ilex crenata	1.000	Order	Aquifoliales	Ericales	1.000	Plantae;Tracheophyta;NA;Aquifoliales;Aquifoliaceae;Ilex;__TAXCLUSTER1__Ilex sugerokii
n5402	5402	port_py3_epang_T8_gammainfo	47c27189-c720-45d4-82ae-1156544c899c	same rank, other proposal	Order	Caryophyllales	Aquifoliales	1.000	Order	Caryophyllales	Ericales	1.000	Plantae;Tracheophyta;NA;Caryophyllales;Caryophyllaceae;Saponaria;Saponaria officinalis
n5402	5402	port_py3_epang_T8_gammainfo	48a13c9c-9be2-49d3-bfce-402636c5db17	same rank, other proposal	Species	NA	Ilex chapaensis	0.505	Species	NA	Ilex canariensis	1.000	Plantae;Tracheophyta;NA;Aquifoliales;Aquifoliaceae;Ilex;NA
n5402	5402	port_py3_epang_T8_gammainfo	4927ad31-95e2-47c5-acc2-e15d6dabac3d	same rank, other proposal	Species	Scorzonera cana	Scorzonera laciniata	0.501	Species	Scorzonera cana	NA	0.539	Plantae;Tracheophyta;NA;Asterales;Asteraceae;Scorzonera;Scorzonera cana
n5402	5402	port_py3_epang_T8_gammainfo	49b03b88-ea7d-4272-a021-e022a3956e26	same rank, other proposal	Species	Scorzonera meyeri	Scorzonera laciniata	0.505	Species	Scorzonera meyeri	NA	0.581	Plantae;Tracheophyta;NA;Asterales;Asteraceae;Scorzonera;Scorzonera meyeri
n5402	5402	port_py3_epang_T8_gammainfo	4d80381b-695e-4280-bc97-49c12f8a19b6	same rank, other proposal	Species	Ilex kunthiana	Ilex dumosa	0.741	Species	Ilex kunthiana	Ilex canariensis	1.000	Plantae;Tracheophyta;NA;Aquifoliales;Aquifoliaceae;Ilex;Ilex kunthiana
n5402	5402	port_py3_epang_T8_gammainfo	53584a46-159d-4857-86fb-41e26873c3bb	same rank, other proposal	Order	Asterales	Aquifoliales	1.000	Order	Asterales	Ericales	1.000	Plantae;Tracheophyta;NA;Asterales;Asteraceae;Koelpinia;Koelpinia linearis
n5402	5402	port_py3_epang_T8_gammainfo	560fd394-29fa-472d-9609-bb92d7f82113	same rank, other proposal	Species	Nymphaea caerulea	Nymphaea thermarum	0.499	Species	Nymphaea caerulea	NA	0.846	Plantae;Tracheophyta;NA;Nymphaeales;Nymphaeaceae;Nymphaea;Nymphaea caerulea
n5402	5402	port_py3_epang_T8_gammainfo	575cae70-a08a-4ff5-8aa5-48605c5605e6	same rank, other proposal	Genus	Scorzonera	Gelasia	0.417	Genus	Scorzonera	Takhtajaniantha	0.508	Plantae;Tracheophyta;NA;Asterales;Asteraceae;Scorzonera;Scorzonera pseudolanata
n5402	5402	port_py3_epang_T8_gammainfo	5c4c7b4d-3a48-41e6-aa23-16fd38952d2b	rank differs	Phylum	Ascomycota	NA	0.955	Family	Aspergillaceae	NA	0.968	Fungi;Ascomycota;NA;Eurotiales;Aspergillaceae;Aspergillus;NA
n5402	5402	port_py3_epang_T8_gammainfo	5eeac631-a697-4b10-915c-8942b9d0e229	rank differs	Order	Ericales	Aquifoliales	0.995	Family	Actinidiaceae	Primulaceae	1.000	Plantae;Tracheophyta;NA;Ericales;Actinidiaceae;Actinidia;Actinidia valvata
n5402	5402	port_py3_epang_T8_gammainfo	6072c3d3-27f2-4254-b369-2512e90d8d14	same rank, other proposal	Species	__TAXCLUSTER7__Scorzonera alpigena	Scorzonera laciniata	0.501	Species	__TAXCLUSTER7__Scorzonera alpigena	NA	0.539	Plantae;Tracheophyta;NA;Asterales;Asteraceae;Scorzonera;__TAXCLUSTER7__Scorzonera alpigena
n5402	5402	port_py3_epang_T8_gammainfo	637cc4d6-fd74-4920-ac5f-b8df30a53a36	rank differs	Phylum	Marchantiophyta	Tracheophyta	0.814	Kingdom	Plantae	Fungi	1.000	Plantae;Marchantiophyta;NA
n5402	5402	port_py3_epang_T8_gammainfo	69baaf6f-5d3e-4b03-af8e-1c931b920d5e	rank differs	Species	Ilex hirsuta	Ilex crenata	1.000	Order	Aquifoliales	Ericales	1.000	Plantae;Tracheophyta;NA;Aquifoliales;Aquifoliaceae;Ilex;Ilex hirsuta
n5402	5402	port_py3_epang_T8_gammainfo	77429ba3-a76a-41c4-9265-c1547151eb44	rank differs	Order	Ericales	Aquifoliales	0.640	Family	Actinidiaceae	Primulaceae	1.000	Plantae;Tracheophyta;NA;Ericales;Actinidiaceae;Actinidia;Actinidia hemsleyana
n5402	5402	port_py3_epang_T8_gammainfo	830f49d6-6c13-4de6-b940-2e4652256c39	same rank, other proposal	Species	NA	Primula farinosa	0.851	Species	NA	Primula pinnata	0.437	Plantae;Tracheophyta;NA;Ericales;Primulaceae;Primula;NA
n5402	5402	port_py3_epang_T8_gammainfo	880bdd32-9d7b-4ab4-89db-8bbe9f1e43c2	same rank, other proposal	Genus	Takhtajaniantha	Gelasia	0.997	Genus	Takhtajaniantha	Scorzonera	0.958	Plantae;Tracheophyta;NA;Asterales;Asteraceae;Takhtajaniantha;Scorzonera latifolia
n5402	5402	port_py3_epang_T8_gammainfo	8c05a66f-5f15-4683-9bfc-dc04343e34c1	rank differs	Species	Ilex serrata	Ilex crenata	1.000	Order	Aquifoliales	Ericales	1.000	Plantae;Tracheophyta;NA;Aquifoliales;Aquifoliaceae;Ilex;Ilex serrata
n5402	5402	port_py3_epang_T8_gammainfo	8c5fca7c-cf67-439d-b0f3-805967bebfcf	rank differs	Order	Ericales	Aquifoliales	0.886	Family	Actinidiaceae	Primulaceae	1.000	Plantae;Tracheophyta;NA;Ericales;Actinidiaceae;Actinidia;Actinidia chrysantha
n5402	5402	port_py3_epang_T8_gammainfo	8cd0e442-47b3-49ee-bd90-4884f9affaba	same rank, other proposal	Species	NA	Nymphaea alba	0.751	Species	NA	Nymphaea candida	0.510	Plantae;Tracheophyta;NA;Nymphaeales;Nymphaeaceae;Nymphaea;NA
n5402	5402	port_py3_epang_T8_gammainfo	93f887af-fd8f-4f96-968f-32cccdca8a3f	same rank, other proposal	Species	Ilex brevicuspis	Ilex integerrima	0.528	Species	Ilex brevicuspis	Ilex brasiliensis	1.000	Plantae;Tracheophyta;NA;Aquifoliales;Aquifoliaceae;Ilex;Ilex brevicuspis
n5402	5402	port_py3_epang_T8_gammainfo	9c27cf65-ba28-47ed-96b7-8f6f8d99ae71	rank differs	Species	Ilex serrata	Ilex crenata	1.000	Order	Aquifoliales	Ericales	1.000	Plantae;Tracheophyta;NA;Aquifoliales;Aquifoliaceae;Ilex;Ilex serrata
n5402	5402	port_py3_epang_T8_gammainfo	9dbad80d-47c7-45ce-ad81-f127aa3a15c0	same rank, other proposal	Species	Primula juliae	Primula vulgaris	0.940	Species	Primula juliae	Primula veris	0.997	Plantae;Tracheophyta;NA;Ericales;Primulaceae;Primula;Primula juliae
n5402	5402	port_py3_epang_T8_gammainfo	a60576b4-b844-4438-adba-1d63e0b39a85	same rank, other proposal	Species	Primula juliae	Primula vulgaris	0.936	Species	Primula juliae	Primula veris	0.997	Plantae;Tracheophyta;NA;Ericales;Primulaceae;Primula;Primula juliae
n5402	5402	port_py3_epang_T8_gammainfo	ad6947f1-91f4-4f8d-996d-efc91eff31fc	rank differs	Species	Ilex wuiana	Ilex crenata	1.000	Order	Aquifoliales	Ericales	1.000	Plantae;Tracheophyta;NA;Aquifoliales;Aquifoliaceae;Ilex;Ilex wuiana
n5402	5402	port_py3_epang_T8_gammainfo	af9c2d3b-b6b1-435a-ad27-032c32995a67	rank differs	Species	Ilex chingiana	Ilex crenata	1.000	Order	Aquifoliales	Ericales	1.000	Plantae;Tracheophyta;NA;Aquifoliales;Aquifoliaceae;Ilex;Ilex chingiana
n5402	5402	port_py3_epang_T8_gammainfo	b077ef98-702d-44fd-bf59-dce3a60feb28	same rank, other proposal	Species	Ilex rotunda	Ilex chapaensis	0.505	Species	Ilex rotunda	Ilex canariensis	1.000	Plantae;Tracheophyta;NA;Aquifoliales;Aquifoliaceae;Ilex;Ilex rotunda
n5402	5402	port_py3_epang_T8_gammainfo	b34362cc-97f3-4356-9c5a-fed1457646cb	same rank, other proposal	Species	Bipolaris bicolor	NA	0.999	Species	Bipolaris bicolor	Bipolaris sorokiniana	0.975	Fungi;Ascomycota;NA;Pleosporales;Pleosporaceae;Bipolaris;Bipolaris bicolor
n5402	5402	port_py3_epang_T8_gammainfo	b3618231-edc4-4300-a683-5a8bd1c90740	same rank, other proposal	Species	NA	Nymphaea alba	0.751	Species	NA	Nymphaea candida	0.510	Plantae;Tracheophyta;NA;Nymphaeales;Nymphaeaceae;Nymphaea;NA
n5402	5402	port_py3_epang_T8_gammainfo	b5563c97-428d-4eda-a643-59ff263f09ef	rank differs	Order	Ericales	Aquifoliales	0.995	Family	Actinidiaceae	Primulaceae	1.000	Plantae;Tracheophyta;NA;Ericales;Actinidiaceae;Actinidia;Actinidia macrosperma
n5402	5402	port_py3_epang_T8_gammainfo	b570e38a-d475-4089-b7d3-522005613173	rank differs	Species	Ilex opaca	Ilex crenata	1.000	Order	Aquifoliales	Ericales	1.000	Plantae;Tracheophyta;NA;Aquifoliales;Aquifoliaceae;Ilex;Ilex opaca
n5402	5402	port_py3_epang_T8_gammainfo	b6d8728e-79f1-4161-a00d-e44d0d55b6f9	same rank, other proposal	Species	Scorzonera laciniata	NA	0.731	Species	Scorzonera laciniata	Scorzonera cana	1.000	Plantae;Tracheophyta;NA;Asterales;Asteraceae;Scorzonera;Scorzonera laciniata
n5402	5402	port_py3_epang_T8_gammainfo	b850dd5e-fd46-403b-87c7-b98a9f9ce2c4	same rank, other proposal	Species	Bipolaris bicolor	NA	0.999	Species	Bipolaris bicolor	Bipolaris sorokiniana	0.975	Fungi;Ascomycota;NA;Pleosporales;Pleosporaceae;Bipolaris;Bipolaris bicolor
n5402	5402	port_py3_epang_T8_gammainfo	bc4d0e39-503a-4b41-a551-9ae8bfc95ff5	same rank, other proposal	Species	NA	Primula farinosa	0.851	Species	NA	Primula pinnata	0.440	Plantae;Tracheophyta;NA;Ericales;Primulaceae;Primula;NA
n5402	5402	port_py3_epang_T8_gammainfo	bde14395-f274-48a3-bc79-04715c5e53a4	rank differs	Phylum	Ascomycota	NA	0.955	Family	Aspergillaceae	NA	0.968	Fungi;Ascomycota;NA;Eurotiales;Aspergillaceae;Aspergillus;NA
n5402	5402	port_py3_epang_T8_gammainfo	c53a3dc1-f43c-4d83-8903-b38499f3e58b	same rank, other proposal	Species	Primula stricta	Primula farinosa	0.845	Species	Primula stricta	NA	0.978	Plantae;Tracheophyta;NA;Ericales;Primulaceae;Primula;Primula stricta
n5402	5402	port_py3_epang_T8_gammainfo	cd4e2083-973a-4df4-a7d0-ee6cda500a7e	rank differs	Species	Ilex corallina	Ilex crenata	1.000	Order	Aquifoliales	Ericales	1.000	Plantae;Tracheophyta;NA;Aquifoliales;Aquifoliaceae;Ilex;Ilex corallina
n5402	5402	port_py3_epang_T8_gammainfo	d6853e3d-024f-428a-b996-63416a4745a0	same rank, other proposal	Species	Nymphaea micrantha	Nymphaea thermarum	0.499	Species	Nymphaea micrantha	NA	0.846	Plantae;Tracheophyta;NA;Nymphaeales;Nymphaeaceae;Nymphaea;Nymphaea micrantha
n5402	5402	port_py3_epang_T8_gammainfo	d752c6a7-ab58-446f-b557-83e0b9eee760	rank differs	Species	Ilex cornuta	Ilex crenata	1.000	Order	Aquifoliales	Ericales	1.000	Plantae;Tracheophyta;NA;Aquifoliales;Aquifoliaceae;Ilex;Ilex cornuta
n5402	5402	port_py3_epang_T8_gammainfo	e0232502-b64b-400a-b811-195e793921e8	rank differs	Order	Ericales	Aquifoliales	0.997	Family	Actinidiaceae	Primulaceae	1.000	Plantae;Tracheophyta;NA;Ericales;Actinidiaceae;Actinidia;Actinidia callosa
n5402	5402	port_py3_epang_T8_gammainfo	f3f227ed-3771-471b-954a-acc803114547	same rank, other proposal	Species	Primula handeliana	Primula longipes	0.977	Species	Primula handeliana	Primula dongchuanensis	0.996	Plantae;Tracheophyta;NA;Ericales;Primulaceae;Primula;Primula handeliana
n5402	5402	port_py3_epang_T8_gammainfo	f56e8933-d80f-47a1-ac4b-a2f99f04421c	same rank, other proposal	Species	Scorzonera cana	Scorzonera laciniata	0.505	Species	Scorzonera cana	NA	0.629	Plantae;Tracheophyta;NA;Asterales;Asteraceae;Scorzonera;Scorzonera cana
n5402	5402	port_py3_epang_T8_gammainfo	f7b3c537-4569-4dd7-aa46-bf88b8da640f	rank differs	Species	Ilex formosana	Ilex crenata	1.000	Order	Aquifoliales	Ericales	1.000	Plantae;Tracheophyta;NA;Aquifoliales;Aquifoliaceae;Ilex;Ilex formosana
n5402	5402	port_py3_epang_T8_gammainfo	fa878176-6278-4a61-97e6-8de0e5a4b233	same rank, other proposal	Species	NA	Primula farinosa	0.851	Species	NA	Primula pinnata	0.440	Plantae;Tracheophyta;NA;Ericales;Primulaceae;Primula;NA
n5402	5402	port_py3_epang_T8_gammainfo	04e0400c-1490-4903-9170-5ba14564f7dd	flagged by reference only	Species	Actinidia eriantha	NA	0.600					Plantae;Tracheophyta;NA;Ericales;Actinidiaceae;Actinidia;Actinidia eriantha
n5402	5402	port_py3_epang_T8_gammainfo	05791ae8-96c4-4ca4-862f-42c63d15dba5	flagged by reference only	Species	Bouteloua media	Bouteloua warnockii	0.981					Plantae;Tracheophyta;NA;Poales;Poaceae;Bouteloua;Bouteloua media
n5402	5402	port_py3_epang_T8_gammainfo	071049b9-39fd-4ac9-8713-e574cae880cc	flagged by reference only	Species	NA	Ilex dumosa	0.893					Plantae;Tracheophyta;NA;Aquifoliales;Aquifoliaceae;Ilex;NA
n5402	5402	port_py3_epang_T8_gammainfo	076e5bc3-e127-40cd-a368-db48acd30a11	flagged by reference only	Phylum	Ascomycota	NA	0.990					Fungi;Ascomycota;NA;Eurotiales;Aspergillaceae;Aspergillus;NA
n5402	5402	port_py3_epang_T8_gammainfo	0e964ccd-fde7-498d-8720-97f064a0686f	flagged by reference only	Species	Bipolaris sorokiniana	NA	0.999					Fungi;Ascomycota;NA;Pleosporales;Pleosporaceae;Bipolaris;Bipolaris sorokiniana
n5402	5402	port_py3_epang_T8_gammainfo	11e94f0c-7474-4915-9292-eb3f363dbf47	flagged by reference only	Species	Ilex tsoi	Ilex macropoda	0.444					Plantae;Tracheophyta;NA;Aquifoliales;Aquifoliaceae;Ilex;Ilex tsoi
n5402	5402	port_py3_epang_T8_gammainfo	14644f0d-0820-4736-a717-f9f0971b1550	flagged by reference only	Species	NA	Ilex latifolia	0.712					Plantae;Tracheophyta;NA;Aquifoliales;Aquifoliaceae;Ilex;NA
n5402	5402	port_py3_epang_T8_gammainfo	15fe320a-bd05-43c5-9350-d2f7d015b976	flagged by reference only	Species	Scorzonera meshhedensis	NA	0.650					Plantae;Tracheophyta;NA;Asterales;Asteraceae;Scorzonera;Scorzonera meshhedensis
n5402	5402	port_py3_epang_T8_gammainfo	16abc43e-c596-428d-902e-68dbebad42fe	flagged by reference only	Order	Eurotiales	Caliciales	0.482					Fungi;Ascomycota;NA;Eurotiales;Aspergillaceae;Aspergillus;NA
n5402	5402	port_py3_epang_T8_gammainfo	1aaace59-026a-4b50-9666-12fe244cd256	flagged by reference only	Species	Scorzonera cana	Scorzonera laciniata	0.505					Plantae;Tracheophyta;NA;Asterales;Asteraceae;Scorzonera;Scorzonera cana
n5402	5402	port_py3_epang_T8_gammainfo	1b5f2ed7-24db-4c38-a313-02f216154b3d	flagged by reference only	Phylum	Ascomycota	NA	0.979					Fungi;Ascomycota;NA;Eurotiales;Aspergillaceae;Aspergillus;NA
n5402	5402	port_py3_epang_T8_gammainfo	1be5fa10-3994-4097-ad2a-cf08e852471b	flagged by reference only	Species	Bipolaris sorokiniana	NA	0.999					Fungi;Ascomycota;NA;Pleosporales;Pleosporaceae;Bipolaris;Bipolaris sorokiniana
n5402	5402	port_py3_epang_T8_gammainfo	1ce6e2e4-35e9-437d-8f63-2e53e508cb1c	flagged by reference only	Species	Nymphaea odorata	Nymphaea mexicana	0.510					Plantae;Tracheophyta;NA;Nymphaeales;Nymphaeaceae;Nymphaea;Nymphaea odorata
n5402	5402	port_py3_epang_T8_gammainfo	1d4d10d6-6506-43a4-82d2-7646e2e6bf04	flagged by reference only	Order	Trebouxiales	Microthamniales	0.991					Plantae;Chlorophyta;NA;Trebouxiales;NA;Asterochloris;NA
n5402	5402	port_py3_epang_T8_gammainfo	1f07f72d-8296-485a-9c1b-df0e328b1968	flagged by reference only	Species	Ilex crenata	Ilex venusta	0.755					Plantae;Tracheophyta;NA;Aquifoliales;Aquifoliaceae;Ilex;Ilex crenata
n5402	5402	port_py3_epang_T8_gammainfo	213df940-1c78-4d7b-b0e7-9f349fe330e7	flagged by reference only	Species	Scorzonera hirsuta	Gelasia caespitosa	0.509					Plantae;Tracheophyta;NA;Asterales;Asteraceae;Gelasia;Scorzonera hirsuta
n5402	5402	port_py3_epang_T8_gammainfo	220c0935-d999-4046-beb0-5c85b36955c9	flagged by reference only	Species	Ilex kunthiana	Ilex dumosa	0.741					Plantae;Tracheophyta;NA;Aquifoliales;Aquifoliaceae;Ilex;Ilex kunthiana
n5402	5402	port_py3_epang_T8_gammainfo	26a97b41-adb7-419e-b846-9fc2766b44a6	flagged by reference only	Phylum	Ascomycota	NA	0.979					Fungi;Ascomycota;NA;Eurotiales;Aspergillaceae;Aspergillus;NA
n5402	5402	port_py3_epang_T8_gammainfo	2cefc528-3e88-4f9c-99cd-de22c20a2745	flagged by reference only	Species	NA	Primula auriculata	0.834					Plantae;Tracheophyta;NA;Ericales;Primulaceae;Primula;NA
n5402	5402	port_py3_epang_T8_gammainfo	2d26f9a8-cd5c-406a-9f83-a5230dbc9b24	flagged by reference only	Species	Bipolaris bicolor	NA	0.907					Fungi;Ascomycota;NA;Pleosporales;Pleosporaceae;Bipolaris;Bipolaris bicolor
n5402	5402	port_py3_epang_T8_gammainfo	2ec4062a-2809-4004-865d-def13ca02814	flagged by reference only	Species	NA	Primula elatior	0.980					Plantae;Tracheophyta;NA;Ericales;Primulaceae;Primula;NA
n5402	5402	port_py3_epang_T8_gammainfo	3094c049-8a9f-48f0-a1e3-5187aac72b2b	flagged by reference only	Phylum	Ascomycota	NA	0.961					Fungi;Ascomycota;NA;Eurotiales;Aspergillaceae;Aspergillus;NA
n5402	5402	port_py3_epang_T8_gammainfo	32566fde-00ff-4522-b9f2-d20abdfabb4a	flagged by reference only	Species	NA	Scorzonera laciniata	0.501					Plantae;Tracheophyta;NA;Asterales;Asteraceae;Scorzonera;NA
n5402	5402	port_py3_epang_T8_gammainfo	328ba0a4-5b74-48b5-8dd9-fc49e27c76df	flagged by reference only	Species	Primula reinii	Primula jesoana	0.848					Plantae;Tracheophyta;NA;Ericales;Primulaceae;Primula;Primula reinii
n5402	5402	port_py3_epang_T8_gammainfo	334f9b2a-c11d-4004-8187-c57495f32044	flagged by reference only	Species	Primula nivalis	Primula longipes	0.901					Plantae;Tracheophyta;NA;Ericales;Primulaceae;Primula;Primula nivalis
n5402	5402	port_py3_epang_T8_gammainfo	33c1c868-a488-4696-b41c-d711dff0b706	flagged by reference only	Phylum	Ascomycota	NA	0.979					Fungi;Ascomycota;NA;Eurotiales;Aspergillaceae;Aspergillus;NA
n5402	5402	port_py3_epang_T8_gammainfo	35a682cd-60a0-4657-9fa6-873150bbc104	flagged by reference only	Species	Primula elatior	Primula vulgaris	0.912					Plantae;Tracheophyta;NA;Ericales;Primulaceae;Primula;Primula elatior
n5402	5402	port_py3_epang_T8_gammainfo	3714416d-0f4c-4611-a62b-2c9cbe09d0f8	flagged by reference only	Species	NA	Ilex chinensis	0.964					Plantae;Tracheophyta;NA;Aquifoliales;Aquifoliaceae;Ilex;NA
n5402	5402	port_py3_epang_T8_gammainfo	3958b67b-d016-42ed-a0ac-8b1723a9c5c6	flagged by reference only	Species	Primula veris	Primula elatior	0.979					Plantae;Tracheophyta;NA;Ericales;Primulaceae;Primula;Primula veris
n5402	5402	port_py3_epang_T8_gammainfo	3c6b4584-945c-43eb-b023-47dc571558c7	flagged by reference only	Species	Asterochloris irregularis	Asterochloris glomerata	0.433					Plantae;Chlorophyta;NA;Microthamniales;NA;Asterochloris;Asterochloris irregularis
n5402	5402	port_py3_epang_T8_gammainfo	3e2926e5-ee59-43eb-917e-28902cce4097	flagged by reference only	Species	Bipolaris sorokiniana	NA	0.999					Fungi;Ascomycota;NA;Pleosporales;Pleosporaceae;Bipolaris;Bipolaris sorokiniana
n5402	5402	port_py3_epang_T8_gammainfo	3fc66a6e-8cb6-4775-bba6-34a263c36c8a	flagged by reference only	Species	Scorzonera cana	Scorzonera laciniata	0.477					Plantae;Tracheophyta;NA;Asterales;Asteraceae;Scorzonera;Scorzonera cana
n5402	5402	port_py3_epang_T8_gammainfo	42791826-a05d-4082-b6d0-a9e16211e6c4	flagged by reference only	Species	Primula denticulata	NA	0.481					Plantae;Tracheophyta;NA;Ericales;Primulaceae;Primula;Primula denticulata
n5402	5402	port_py3_epang_T8_gammainfo	43d1f2da-cd5a-4920-b63c-9cad47de73d6	flagged by reference only	Species	Scorzonera rupicola	NA	0.502					Plantae;Tracheophyta;NA;Asterales;Asteraceae;Scorzonera;Scorzonera rupicola
n5402	5402	port_py3_epang_T8_gammainfo	452f6a8a-c1a5-4fa6-883a-54b6d712f01b	flagged by reference only	Species	Primula poissonii	__TAXCLUSTER16__Primula miyabeana	0.899					Plantae;Tracheophyta;NA;Ericales;Primulaceae;Primula;Primula poissonii
n5402	5402	port_py3_epang_T8_gammainfo	4799bbd3-6f74-478a-a51c-f7212f1b61a9	flagged by reference only	Species	Primula matthioli	Cortusa matthioli	1.000					Plantae;Tracheophyta;NA;Ericales;Primulaceae;Primula;Primula matthioli
n5402	5402	port_py3_epang_T8_gammainfo	49efd852-fc8c-47f1-b315-403a54e85348	flagged by reference only	Phylum	Basidiomycota	NA	1.000					Fungi;Basidiomycota;NA;Cantharellales;Tulasnellaceae;NA;NA
n5402	5402	port_py3_epang_T8_gammainfo	4c6ff2fd-9698-4e84-8ebc-39e2601dd72d	flagged by reference only	Species	Asterochloris mediterranea	NA	0.734					Plantae;Chlorophyta;NA;Microthamniales;NA;Asterochloris;Asterochloris mediterranea
n5402	5402	port_py3_epang_T8_gammainfo	4f5a77c5-9ee4-46d5-b095-8a1600ddb6ef	flagged by reference only	Phylum	Ascomycota	NA	0.979					Fungi;Ascomycota;NA;Eurotiales;Aspergillaceae;Aspergillus;NA
n5402	5402	port_py3_epang_T8_gammainfo	4fd4c436-cbab-44bf-956f-f676fcb68535	flagged by reference only	Phylum	Ascomycota	NA	0.979					Fungi;Ascomycota;NA;Eurotiales;Aspergillaceae;Aspergillus;NA
n5402	5402	port_py3_epang_T8_gammainfo	4fdc2d5c-fe5d-4273-908e-6785b6f69cb7	flagged by reference only	Phylum	Ascomycota	NA	0.955					Fungi;Ascomycota;NA;Eurotiales;NA;NA;NA
n5402	5402	port_py3_epang_T8_gammainfo	51702362-1a19-42f3-8fd4-f5abcbbe0310	flagged by reference only	Genus	Scorzonera	Gelasia	0.999					Plantae;Tracheophyta;NA;Asterales;Asteraceae;Scorzonera;NA
n5402	5402	port_py3_epang_T8_gammainfo	51825c9b-0c38-4da9-b637-206559bb251c	flagged by reference only	Species	NA	Primula chionantha	0.486					Plantae;Tracheophyta;NA;Ericales;Primulaceae;Primula;NA
n5402	5402	port_py3_epang_T8_gammainfo	5193a508-56a2-4b50-9133-81a981faa97c	flagged by reference only	Species	Actinidia chrysantha	NA	0.460					Plantae;Tracheophyta;NA;Ericales;Actinidiaceae;Actinidia;Actinidia chrysantha
n5402	5402	port_py3_epang_T8_gammainfo	52859559-d389-4c1d-9655-ef166021c9e9	flagged by reference only	Species	NA	Actinidia fulvicoma	0.842					Plantae;Tracheophyta;NA;Ericales;Actinidiaceae;Actinidia;NA
n5402	5402	port_py3_epang_T8_gammainfo	52a54f3b-b2c6-418c-ab0b-09ad1ce64f4f	flagged by reference only	Species	Primula matthioli	Cortusa matthioli	0.999					Plantae;Tracheophyta;NA;Ericales;Primulaceae;Primula;Primula matthioli
n5402	5402	port_py3_epang_T8_gammainfo	53c36fcc-620d-4a64-977a-e634ec058619	flagged by reference only	Species	Primula dongchuanensis	__TAXCLUSTER10__Primula helodoxa	0.542					Plantae;Tracheophyta;NA;Ericales;Primulaceae;Primula;Primula dongchuanensis
n5402	5402	port_py3_epang_T8_gammainfo	55d2e1c1-4323-46f9-8466-f5c06b3de798	flagged by reference only	Species	NA	Asterochloris glomerata	0.433					Plantae;Chlorophyta;NA;Microthamniales;NA;Asterochloris;NA
n5402	5402	port_py3_epang_T8_gammainfo	5695f4e5-3431-47d7-bc75-86221ca53c5d	flagged by reference only	Species	Primula matthioli	Cortusa matthioli	1.000					Plantae;Tracheophyta;NA;Ericales;Primulaceae;Primula;Primula matthioli
n5402	5402	port_py3_epang_T8_gammainfo	570b40f4-c264-4c5f-ab6e-fb17a951573c	flagged by reference only	Species	Actinidia fulvicoma	NA	0.461					Plantae;Tracheophyta;NA;Ericales;Actinidiaceae;Actinidia;Actinidia fulvicoma
n5402	5402	port_py3_epang_T8_gammainfo	5760c42e-ab35-48e7-b496-df3af57d3f42	flagged by reference only	Species	Ilex paraguariensis	__TAXCLUSTER5__Ilex nitida	0.885					Plantae;Tracheophyta;NA;Aquifoliales;Aquifoliaceae;Ilex;Ilex paraguariensis
n5402	5402	port_py3_epang_T8_gammainfo	5e97f9e4-c103-4f91-9d72-e3e667863ac7	flagged by reference only	Species	Bipolaris sorokiniana	NA	0.999					Fungi;Ascomycota;NA;Pleosporales;Pleosporaceae;Bipolaris;Bipolaris sorokiniana
n5402	5402	port_py3_epang_T8_gammainfo	5fced340-2b94-47b4-b9fd-8a490474abb6	flagged by reference only	Species	Primula handeliana	Primula longipes	0.901					Plantae;Tracheophyta;NA;Ericales;Primulaceae;Primula;Primula handeliana
n5402	5402	port_py3_epang_T8_gammainfo	607930de-d2db-465a-81ac-2cae77b6e726	flagged by reference only	Phylum	Ascomycota	NA	0.979					Fungi;Ascomycota;NA;Eurotiales;Aspergillaceae;Aspergillus;NA
n5402	5402	port_py3_epang_T8_gammainfo	620af553-a237-48d9-b2c9-a71465b18490	flagged by reference only	Genus	Eudorina	Pandorina	1.000					Plantae;Chlorophyta;NA;Chlamydomonadales;Volvocaceae;Eudorina;Eudorina elegans
n5402	5402	port_py3_epang_T8_gammainfo	6395c587-d1fa-4afd-927a-b8028547a117	flagged by reference only	Species	Scorzonera meshhedensis	NA	0.736					Plantae;Tracheophyta;NA;Asterales;Asteraceae;Scorzonera;Scorzonera meshhedensis
n5402	5402	port_py3_epang_T8_gammainfo	63d38c90-3385-454d-93d0-7cd78628c5c1	flagged by reference only	Species	Primula handeliana	Primula longipes	0.901					Plantae;Tracheophyta;NA;Ericales;Primulaceae;Primula;Primula handeliana
n5402	5402	port_py3_epang_T8_gammainfo	6595f094-7a95-4453-8e5a-8327d805f98f	flagged by reference only	Species	NA	Asterochloris glomerata	0.433					Plantae;Chlorophyta;NA;Microthamniales;NA;Asterochloris;NA
n5402	5402	port_py3_epang_T8_gammainfo	65e383cb-8ff3-4b15-934b-a35dc2d6e1dc	flagged by reference only	Phylum	Ascomycota	NA	0.990					Fungi;Ascomycota;NA;Eurotiales;Aspergillaceae;Aspergillus;NA
n5402	5402	port_py3_epang_T8_gammainfo	66eab39d-47b3-4887-bcff-a0292e32914a	flagged by reference only	Order	Trebouxiales	Microthamniales	0.999					Plantae;Chlorophyta;NA;Trebouxiales;NA;Asterochloris;NA
n5402	5402	port_py3_epang_T8_gammainfo	6720a938-42e3-42bb-abe7-d313d978ec2e	flagged by reference only	Species	Bipolaris sorokiniana	NA	0.999					Fungi;Ascomycota;NA;Pleosporales;Pleosporaceae;Bipolaris;Bipolaris sorokiniana
n5402	5402	port_py3_epang_T8_gammainfo	6790a1d9-1b8a-4158-aa57-667b6b58e359	flagged by reference only	Genus	Pseudopodospermum	Scorzonera	0.999					Plantae;Tracheophyta;NA;Asterales;Asteraceae;Pseudopodospermum
n5402	5402	port_py3_epang_T8_gammainfo	6c7f2400-e683-4bab-882f-3f85d895c5d1	flagged by reference only	Order	Trebouxiales	Microthamniales	0.999					Plantae;Chlorophyta;NA;Trebouxiales;NA;Asterochloris;NA
n5402	5402	port_py3_epang_T8_gammainfo	6d801571-9def-47be-9b28-5c7c38b1bc5a	flagged by reference only	Species	NA	Scorzonera laciniata	0.459					Plantae;Tracheophyta;NA;Asterales;Asteraceae;Scorzonera;NA
n5402	5402	port_py3_epang_T8_gammainfo	6d85c0f1-cad0-4143-9d5b-168ffadf4b41	flagged by reference only	Species	Primula blinii	Primula souliei	0.510					Plantae;Tracheophyta;NA;Ericales;Primulaceae;Primula;Primula blinii
n5402	5402	port_py3_epang_T8_gammainfo	6f3af62e-0e58-4ec1-984d-a5d0076fa9d7	flagged by reference only	Species	Bipolaris sorokiniana	NA	0.999					Fungi;Ascomycota;NA;Pleosporales;Pleosporaceae;Bipolaris;Bipolaris sorokiniana
n5402	5402	port_py3_epang_T8_gammainfo	7455c5d8-b492-4954-aa54-f44c8de017cb	flagged by reference only	Species	Ilex ferruginea	Ilex dasyphylla	0.828					Plantae;Tracheophyta;NA;Aquifoliales;Aquifoliaceae;Ilex;Ilex ferruginea
n5402	5402	port_py3_epang_T8_gammainfo	74e4f1f6-99e6-4bdb-af81-c275672c28b2	flagged by reference only	Species	Bipolaris bicolor	NA	0.903					Fungi;Ascomycota;NA;Pleosporales;Pleosporaceae;Bipolaris;Bipolaris bicolor
n5402	5402	port_py3_epang_T8_gammainfo	78bc7019-e5e3-42ea-900d-34afdf5c61e8	flagged by reference only	Species	NA	Primula farinosa	0.845					Plantae;Tracheophyta;NA;Ericales;Primulaceae;Primula;NA
n5402	5402	port_py3_epang_T8_gammainfo	7a6af31f-b747-4847-94e7-918fcdcd3620	flagged by reference only	Species	NA	Asterochloris glomerata	0.433					Plantae;Chlorophyta;NA;Microthamniales;NA;Asterochloris;NA
n5402	5402	port_py3_epang_T8_gammainfo	7be002a3-b399-457d-87b3-5ae73374ad31	flagged by reference only	Species	NA	Actinidia fulvicoma	0.753					Plantae;Tracheophyta;NA;Ericales;Actinidiaceae;Actinidia;NA
n5402	5402	port_py3_epang_T8_gammainfo	7db8eea4-eb27-413e-b113-1ab22d18a77c	flagged by reference only	Species	Scorzonera songorica	NA	0.736					Plantae;Tracheophyta;NA;Asterales;Asteraceae;Scorzonera;Scorzonera songorica
n5402	5402	port_py3_epang_T8_gammainfo	804e6407-347e-4be1-9ed4-e7796c0546c0	flagged by reference only	Species	Actinidia pilosula	NA	0.462					Plantae;Tracheophyta;NA;Ericales;Actinidiaceae;Actinidia;Actinidia pilosula
n5402	5402	port_py3_epang_T8_gammainfo	83b8a334-0438-4b61-a26e-25c9997e2fbe	flagged by reference only	Species	Asterochloris mediterranea	NA	0.734					Plantae;Chlorophyta;NA;Microthamniales;NA;Asterochloris;Asterochloris mediterranea
n5402	5402	port_py3_epang_T8_gammainfo	85019380-437b-475b-a8f1-3ce86f19e2cb	flagged by reference only	Phylum	Ascomycota	NA	0.955					Fungi;Ascomycota;NA;Eurotiales;NA;NA;NA
n5402	5402	port_py3_epang_T8_gammainfo	8680bb75-da19-415f-a7b1-4efc1d967cfd	flagged by reference only	Species	Primula nutans	Primula eximia	0.499					Plantae;Tracheophyta;NA;Ericales;Primulaceae;Primula;Primula nutans
n5402	5402	port_py3_epang_T8_gammainfo	8a957ac5-7f8d-4d51-bc81-8383ebe8338d	flagged by reference only	Species	NA	Asterochloris irregularis	0.719					Plantae;Chlorophyta;NA;Microthamniales;NA;Asterochloris;NA
n5402	5402	port_py3_epang_T8_gammainfo	8aabd75f-2508-4069-be47-dc664595c211	flagged by reference only	Phylum	Ascomycota	NA	0.955					Fungi;Ascomycota;NA;Eurotiales;NA;NA;NA
n5402	5402	port_py3_epang_T8_gammainfo	902747c6-d308-4f71-901e-ee57f2b77e74	flagged by reference only	Species	Bipolaris sorokiniana	NA	0.999					Fungi;Ascomycota;NA;Pleosporales;Pleosporaceae;Bipolaris;Bipolaris sorokiniana
n5402	5402	port_py3_epang_T8_gammainfo	9170f2a3-a8f4-41f9-8aa2-3bf0b183bf54	flagged by reference only	Phylum	Ascomycota	NA	0.955					Fungi;Ascomycota;NA;Eurotiales;NA;NA;NA
n5402	5402	port_py3_epang_T8_gammainfo	92073f88-172b-4d9b-898e-a3d71e7ce4b1	flagged by reference only	Species	__TAXCLUSTER17__Primula szechuanica	Primula longipes	0.901					Plantae;Tracheophyta;NA;Ericales;Primulaceae;Primula;__TAXCLUSTER17__Primula szechuanica
n5402	5402	port_py3_epang_T8_gammainfo	94ab3c51-9283-4363-b390-f6f0ca9f7170	flagged by reference only	Phylum	Ascomycota	NA	0.955					Fungi;Ascomycota;NA;Eurotiales;NA;NA;NA
n5402	5402	port_py3_epang_T8_gammainfo	96801a73-5ffb-4af0-9a01-5607726ebecf	flagged by reference only	Species	Podospermum roseum	Scorzonera purpurea	0.999					Plantae;Tracheophyta;NA;Asterales;Asteraceae;Scorzonera;Podospermum roseum
n5402	5402	port_py3_epang_T8_gammainfo	97311ffc-d825-4d81-96cb-deaa05ae4508	flagged by reference only	Infraorder	Alternaria	Bipolaris	0.987					Fungi;Ascomycota;NA;Pleosporales;Pleosporaceae;Alternaria;NA
n5402	5402	port_py3_epang_T8_gammainfo	9a112a64-02f0-403a-b7b3-e97deeacbdc3	flagged by reference only	Species	Bipolaris bicolor	NA	0.903					Fungi;Ascomycota;NA;Pleosporales;Pleosporaceae;Bipolaris;Bipolaris bicolor
n5402	5402	port_py3_epang_T8_gammainfo	9a3f7c67-f7d6-400a-9d3d-91a27b0f34a3	flagged by reference only	Species	Ilex micrococca	Ilex kwangtungensis	0.816					Plantae;Tracheophyta;NA;Aquifoliales;Aquifoliaceae;Ilex;Ilex micrococca
n5402	5402	port_py3_epang_T8_gammainfo	9b99a095-c874-4640-b417-89177fac1f99	flagged by reference only	Species	NA	Primula longipes	0.901					Plantae;Tracheophyta;NA;Ericales;Primulaceae;Primula;NA
n5402	5402	port_py3_epang_T8_gammainfo	9c8df2a4-3d6f-4e6a-8c76-c4f903fcf03c	flagged by reference only	Species	Bipolaris sorokiniana	NA	0.999					Fungi;Ascomycota;NA;Pleosporales;Pleosporaceae;Bipolaris;Bipolaris sorokiniana
n5402	5402	port_py3_epang_T8_gammainfo	a9881588-6d66-42db-a063-d6b62b57a492	flagged by reference only	Genus	Takhtajaniantha	Gelasia	1.000					Plantae;Tracheophyta;NA;Asterales;Asteraceae;Takhtajaniantha;Scorzonera latifolia
n5402	5402	port_py3_epang_T8_gammainfo	a9f98a0a-f713-4d64-8e3b-284123878207	flagged by reference only	Species	NA	Asterochloris irregularis	0.419					Plantae;Chlorophyta;NA;Microthamniales;NA;Asterochloris;NA
n5402	5402	port_py3_epang_T8_gammainfo	acd5be05-1a67-4ace-a021-813759809637	flagged by reference only	Species	Ilex ferruginea	Ilex dasyphylla	0.828					Plantae;Tracheophyta;NA;Aquifoliales;Aquifoliaceae;Ilex;Ilex ferruginea
n5402	5402	port_py3_epang_T8_gammainfo	ace2ad1b-62db-43a8-b9e7-d55611a36437	flagged by reference only	Species	Actinidia pilosula	NA	0.462					Plantae;Tracheophyta;NA;Ericales;Actinidiaceae;Actinidia;Actinidia pilosula
n5402	5402	port_py3_epang_T8_gammainfo	afe0c2ea-eabd-4592-bfc4-418cd425439d	flagged by reference only	Species	Podospermum armenaicum	Scorzonera laciniata	0.513					Plantae;Tracheophyta;NA;Asterales;Asteraceae;Scorzonera;Podospermum armenaicum
n5402	5402	port_py3_epang_T8_gammainfo	afe8a7c3-adf6-449e-bca5-9f32c6157918	flagged by reference only	Species	NA	__TAXCLUSTER10__Primula helodoxa	0.853					Plantae;Tracheophyta;NA;Ericales;Primulaceae;Primula;NA
n5402	5402	port_py3_epang_T8_gammainfo	b1c9f439-e9e5-49c0-9f44-157be4b25a78	flagged by reference only	Species	Scorzonera cana	NA	0.788					Plantae;Tracheophyta;NA;Asterales;Asteraceae;Scorzonera;Scorzonera cana
n5402	5402	port_py3_epang_T8_gammainfo	b369d4e6-f8f6-49d3-8d21-6dc7684b461f	flagged by reference only	Phylum	Ascomycota	NA	0.961					Fungi;Ascomycota;NA;Eurotiales;Aspergillaceae;Aspergillus;NA
n5402	5402	port_py3_epang_T8_gammainfo	b4701a75-4e2c-431d-b754-6b6f3ae316ac	flagged by reference only	Species	Asterochloris irregularis	Asterochloris glomerata	0.433					Plantae;Chlorophyta;NA;Microthamniales;NA;Asterochloris;Asterochloris irregularis
n5402	5402	port_py3_epang_T8_gammainfo	b77bf342-72ce-453b-9753-58721a014e6b	flagged by reference only	Phylum	Ascomycota	NA	0.990					Fungi;Ascomycota;NA;Eurotiales;Aspergillaceae;Aspergillus;NA
n5402	5402	port_py3_epang_T8_gammainfo	b837531d-0fef-4f7f-b50c-c7663d5a244b	flagged by reference only	Species	NA	__TAXCLUSTER10__Primula helodoxa	0.852					Plantae;Tracheophyta;NA;Ericales;Primulaceae;Primula;NA
n5402	5402	port_py3_epang_T8_gammainfo	b9b7976e-d22b-4c50-aa10-5a2c6c131266	flagged by reference only	Phylum	Ascomycota	NA	0.979					Fungi;Ascomycota;NA;Eurotiales;Aspergillaceae;Aspergillus;NA
n5402	5402	port_py3_epang_T8_gammainfo	c6c5c3e9-52a1-4c92-b9fe-c91a3c11ac98	flagged by reference only	Genus	Eudorina	Pandorina	1.000					Plantae;Chlorophyta;NA;Chlamydomonadales;Volvocaceae;Eudorina
n5402	5402	port_py3_epang_T8_gammainfo	ca36daf6-930d-419d-8d88-5bf2c8893333	flagged by reference only	Species	__TAXCLUSTER17__Primula szechuanica	Primula longipes	0.901					Plantae;Tracheophyta;NA;Ericales;Primulaceae;Primula;__TAXCLUSTER17__Primula szechuanica
n5402	5402	port_py3_epang_T8_gammainfo	ca568fc8-9d1a-4eaf-b692-8da5beb540ab	flagged by reference only	Phylum	Basidiomycota	NA	1.000					Fungi;Basidiomycota;NA;Cantharellales;Tulasnellaceae;NA;NA
n5402	5402	port_py3_epang_T8_gammainfo	ca8578e1-4583-44ed-8ba0-b2239ae20d75	flagged by reference only	Species	__TAXCLUSTER17__Primula szechuanica	Primula longipes	0.901					Plantae;Tracheophyta;NA;Ericales;Primulaceae;Primula;__TAXCLUSTER17__Primula szechuanica
n5402	5402	port_py3_epang_T8_gammainfo	cb56b87c-ce3a-4d4e-ba78-46927b31017f	flagged by reference only	Species	Mucuna bracteata	Mucuna pruriens	0.980					Plantae;Tracheophyta;NA;Fabales;Fabaceae;Mucuna;Mucuna bracteata
n5402	5402	port_py3_epang_T8_gammainfo	ce999006-80dc-4b0a-9311-cd7fa91d5764	flagged by reference only	Infraorder	Alternaria	Bipolaris	0.987					Fungi;Ascomycota;NA;Pleosporales;Pleosporaceae;Alternaria;NA
n5402	5402	port_py3_epang_T8_gammainfo	d0ef184b-b4a3-4c7d-a595-27a16025db4e	flagged by reference only	Species	Bipolaris bicolor	NA	0.996					Fungi;Ascomycota;NA;Pleosporales;Pleosporaceae;Bipolaris;Bipolaris bicolor
n5402	5402	port_py3_epang_T8_gammainfo	d28fb319-cb0b-463b-afb2-0bbfa78c8581	flagged by reference only	Species	Ilex venulosa	Ilex khasiana	0.529					Plantae;Tracheophyta;NA;Aquifoliales;Aquifoliaceae;Ilex;Ilex venulosa
n5402	5402	port_py3_epang_T8_gammainfo	d4f2401d-c954-41b4-ad91-5ed39944a1c7	flagged by reference only	Species	Primula elatior	Primula vulgaris	0.920					Plantae;Tracheophyta;NA;Ericales;Primulaceae;Primula;Primula elatior
n5402	5402	port_py3_epang_T8_gammainfo	dcf87a27-390b-4810-afb0-45ff333ac7b9	flagged by reference only	Phylum	Ascomycota	NA	0.955					Fungi;Ascomycota;NA;Eurotiales;NA;NA;NA
n5402	5402	port_py3_epang_T8_gammainfo	eec10d11-6f76-4715-80b3-3b8709270780	flagged by reference only	Species	Primula matthioli	Cortusa matthioli	1.000					Plantae;Tracheophyta;NA;Ericales;Primulaceae;Primula;Primula matthioli
n5402	5402	port_py3_epang_T8_gammainfo	f4e6b4af-f2b7-484a-82a1-a94f10036a4e	flagged by reference only	Phylum	Ascomycota	NA	0.935					Fungi;Ascomycota;NA;Eurotiales;Aspergillaceae;Aspergillus;NA
n5402	5402	port_py3_epang_T8_gammainfo	0043ddd3-9e72-4a19-bcfd-47feed13ef05	flagged by test only					Phylum	NA	Ascomycota	1.000	Fungi;NA;NA;NA;NA;NA;NA
n5402	5402	port_py3_epang_T8_gammainfo	016d8e10-e99e-4aa5-878f-90498914c9b8	flagged by test only					Species	Primula kisoana	Primula saxatilis	0.502	Plantae;Tracheophyta;NA;Ericales;Primulaceae;Primula;Primula kisoana
n5402	5402	port_py3_epang_T8_gammainfo	0326d4e3-c803-4299-a077-8d71e9c7ee1f	flagged by test only					Kingdom	Plantae	Fungi	1.000	Plantae;Tracheophyta;NA;Poales;Cyperaceae;Carex;Carex acutiformis
n5402	5402	port_py3_epang_T8_gammainfo	03893063-f809-4a1d-9efd-cb1225d6fe3a	flagged by test only					Species	NA	Bipolaris sorokiniana	0.975	Fungi;Ascomycota;NA;Pleosporales;Pleosporaceae;Bipolaris;NA
n5402	5402	port_py3_epang_T8_gammainfo	04b64c7b-7d13-44a1-b73a-a1f3489d706a	flagged by test only					Species	Primula elatior	Primula veris	0.997	Plantae;Tracheophyta;NA;Ericales;Primulaceae;Primula;Primula elatior
n5402	5402	port_py3_epang_T8_gammainfo	05f8157b-9667-459e-8d68-e46c8e4842ff	flagged by test only					Species	Primula kialensis	Primula marginata	0.510	Plantae;Tracheophyta;NA;Ericales;Primulaceae;Primula;Primula kialensis
n5402	5402	port_py3_epang_T8_gammainfo	06c3d543-3c24-4673-afe0-617dffd6391c	flagged by test only					Species	Primula grandis	Primula vulgaris	0.510	Plantae;Tracheophyta;NA;Ericales;Primulaceae;Primula;Primula grandis
n5402	5402	port_py3_epang_T8_gammainfo	06dcde95-2593-4d6f-9a52-d2f36bf02aee	flagged by test only					Species	Ilex integerrima	Ilex brasiliensis	0.510	Plantae;Tracheophyta;NA;Aquifoliales;Aquifoliaceae;Ilex;Ilex integerrima
n5402	5402	port_py3_epang_T8_gammainfo	076bfd05-1d35-4439-81e5-d38fcc27ed9d	flagged by test only					Species	Asterochloris italiana	NA	0.800	Plantae;Chlorophyta;NA;Microthamniales;NA;Asterochloris;Asterochloris italiana
n5402	5402	port_py3_epang_T8_gammainfo	07aac45f-752e-494c-82e4-97abc6cb12c1	flagged by test only					Species	Primula auriculata	Primula marginata	0.510	Plantae;Tracheophyta;NA;Ericales;Primulaceae;Primula;Primula auriculata
n5402	5402	port_py3_epang_T8_gammainfo	08162423-be61-4e90-b713-8db105372177	flagged by test only					Species	Ilex venulosa	Ilex hirsuta	0.828	Plantae;Tracheophyta;NA;Aquifoliales;Aquifoliaceae;Ilex;Ilex venulosa
n5402	5402	port_py3_epang_T8_gammainfo	0880787c-3eb0-4395-bc45-76a44bb5b0c5	flagged by test only					Species	Primula farinosa	Primula pinnata	0.440	Plantae;Tracheophyta;NA;Ericales;Primulaceae;Primula;Primula farinosa
n5402	5402	port_py3_epang_T8_gammainfo	0ad0a660-47a5-4cc8-9f14-5bfc92165579	flagged by test only					Species	Asterochloris irregularis	NA	0.491	Plantae;Chlorophyta;NA;Microthamniales;NA;Asterochloris;Asterochloris irregularis
n5402	5402	port_py3_epang_T8_gammainfo	0bab20ec-0d4d-4271-957f-bb98409dc976	flagged by test only					Family	NA	Aspergillaceae	0.996	Fungi;Ascomycota;NA;Eurotiales;NA;NA;NA
n5402	5402	port_py3_epang_T8_gammainfo	0ee04683-0631-4ae2-a109-da0285ddd846	flagged by test only					Species	Primula megaseifolia	Primula veris	1.000	Plantae;Tracheophyta;NA;Ericales;Primulaceae;Primula;Primula megaseifolia
n5402	5402	port_py3_epang_T8_gammainfo	10664ba8-3f6c-48e5-9c9f-aa5940b751bd	flagged by test only					Species	Ilex opaca	Ilex brasiliensis	0.510	Plantae;Tracheophyta;NA;Aquifoliales;Aquifoliaceae;Ilex;Ilex opaca
n5402	5402	port_py3_epang_T8_gammainfo	11911fb5-383b-4692-ac57-a6ec792a337d	flagged by test only					Species	Bipolaris sorokiniana	NA	0.797	Fungi;Ascomycota;NA;Pleosporales;Pleosporaceae;Bipolaris;Bipolaris sorokiniana
n5402	5402	port_py3_epang_T8_gammainfo	11bc3933-50e8-4c91-8d8e-7fe36e149352	flagged by test only					Species	Ilex pubescens	Ilex canariensis	1.000	Plantae;Tracheophyta;NA;Aquifoliales;Aquifoliaceae;Ilex;Ilex pubescens
n5402	5402	port_py3_epang_T8_gammainfo	124316c5-cf03-4a4b-801e-e40edfecfc70	flagged by test only					Genus	Dodecatheon	Primula	1.000	Plantae;Tracheophyta;NA;Ericales;Primulaceae;Dodecatheon;Primula meadia
n5402	5402	port_py3_epang_T8_gammainfo	13696475-39a1-416d-8d98-0b7160c3e7e5	flagged by test only					Phylum	NA	Basidiomycota	1.000	Fungi;NA;NA;NA;NA;NA;NA
n5402	5402	port_py3_epang_T8_gammainfo	15f1dff1-7e95-4fe2-9e01-61fa58e90633	flagged by test only					Species	Primula yunnanensis	NA	0.502	Plantae;Tracheophyta;NA;Ericales;Primulaceae;Primula;Primula yunnanensis
n5402	5402	port_py3_epang_T8_gammainfo	1797038b-241a-42ad-912f-d2cefaf9eef1	flagged by test only					Species	NA	Bipolaris sorokiniana	0.975	Fungi;Ascomycota;NA;Pleosporales;Pleosporaceae;Bipolaris;NA
n5402	5402	port_py3_epang_T8_gammainfo	19b5ccac-b5ff-44da-be12-71cba790aa99	flagged by test only					Species	Primula farinosa	Primula pinnata	0.428	Plantae;Tracheophyta;NA;Ericales;Primulaceae;Primula;Primula farinosa
n5402	5402	port_py3_epang_T8_gammainfo	1a544f15-be09-4d5e-89b4-b4ac38a77144	flagged by test only					Species	Primula elatior	Primula veris	0.997	Plantae;Tracheophyta;NA;Ericales;Primulaceae;Primula;Primula elatior
n5402	5402	port_py3_epang_T8_gammainfo	1af3fddc-520d-43e4-b99d-137973231031	flagged by test only					Species	NA	Bipolaris sorokiniana	0.975	Fungi;Ascomycota;NA;Pleosporales;Pleosporaceae;Bipolaris;NA
n5402	5402	port_py3_epang_T8_gammainfo	1b570d80-6445-4ef9-b798-d9a00d75834b	flagged by test only					Phylum	Basidiomycota	Mucoromycota	1.000	Fungi;Basidiomycota;NA;NA;NA;NA;NA
n5402	5402	port_py3_epang_T8_gammainfo	1cc20daa-45d8-48e7-bb1e-8475fa1e3f8a	flagged by test only					Species	Primula elatior	Primula veris	1.000	Plantae;Tracheophyta;NA;Ericales;Primulaceae;Primula;Primula elatior
n5402	5402	port_py3_epang_T8_gammainfo	1d7d9a48-a7e5-4065-af2c-1030fd3c36fe	flagged by test only					Kingdom	Plantae	Fungi	1.000	Plantae;Tracheophyta;NA;Poales;Cyperaceae;Carex;Carex acutiformis
n5402	5402	port_py3_epang_T8_gammainfo	1ff93911-5ef5-458e-b675-617c8b7ec62d	flagged by test only					Phylum	NA	Basidiomycota	1.000	Fungi;NA;NA;NA;NA;NA;NA
n5402	5402	port_py3_epang_T8_gammainfo	1ffced88-f8a8-4095-9d0e-06751b0cbf0c	flagged by test only					Kingdom	Plantae	Fungi	1.000	Plantae;Tracheophyta;NA;Poales;Cyperaceae;Carex;Carex arcta
n5402	5402	port_py3_epang_T8_gammainfo	2031147c-b537-40dc-981b-896b02677c1d	flagged by test only					Species	Primula elatior	Primula veris	0.997	Plantae;Tracheophyta;NA;Ericales;Primulaceae;Primula;Primula elatior
n5402	5402	port_py3_epang_T8_gammainfo	21710183-81bf-4b38-a859-502832beca1d	flagged by test only					Species	Actinidia fulvicoma	NA	0.770	Plantae;Tracheophyta;NA;Ericales;Actinidiaceae;Actinidia;Actinidia fulvicoma
n5402	5402	port_py3_epang_T8_gammainfo	21b7d433-9f5d-4c3e-8f7e-970f49bf241d	flagged by test only					Species	Primula elatior	Primula veris	1.000	Plantae;Tracheophyta;NA;Ericales;Primulaceae;Primula;Primula elatior
n5402	5402	port_py3_epang_T8_gammainfo	24ce2043-f17b-433d-9e78-bffce358e3f9	flagged by test only					Species	Ilex khasiana	Ilex brasiliensis	0.429	Plantae;Tracheophyta;NA;Aquifoliales;Aquifoliaceae;Ilex;Ilex khasiana
n5402	5402	port_py3_epang_T8_gammainfo	25569ec5-197d-4eb1-880e-fc51fddfe299	flagged by test only					Genus	NA	Aspergillus	0.651	Fungi;Ascomycota;NA;Eurotiales;Aspergillaceae;NA;NA
n5402	5402	port_py3_epang_T8_gammainfo	26698df5-3959-4f7a-b748-729dc7b18c5c	flagged by test only					Species	NA	Bipolaris sorokiniana	0.975	Fungi;Ascomycota;NA;Pleosporales;Pleosporaceae;Bipolaris;NA
n5402	5402	port_py3_epang_T8_gammainfo	27f8dfdc-b631-471d-85f4-e6431a95d1a2	flagged by test only					Species	Primula farinosa	Primula pinnata	0.434	Plantae;Tracheophyta;NA;Ericales;Primulaceae;Primula;Primula farinosa
n5402	5402	port_py3_epang_T8_gammainfo	28ee46d0-7f1d-4029-ba54-c23f31bdf87a	flagged by test only					Kingdom	Fungi	Plantae	1.000	Fungi;NA;NA;NA;NA;NA;NA
n5402	5402	port_py3_epang_T8_gammainfo	2a83b556-97c9-4df1-b41f-a15e8611ef14	flagged by test only					Order	Aquifoliales	Ericales	1.000	Plantae;Tracheophyta;NA;Aquifoliales;Aquifoliaceae;Ilex;Ilex crenata
n5402	5402	port_py3_epang_T8_gammainfo	2be6ac95-2b36-4af5-b1e7-e328a842fcbd	flagged by test only					Phylum	Ascomycota	NA	0.701	Fungi;Ascomycota;NA;Eurotiales;NA;NA;NA
n5402	5402	port_py3_epang_T8_gammainfo	2be96a78-62b6-4776-b3f4-d4c43bb500f5	flagged by test only					Kingdom	Fungi	Plantae	1.000	Fungi;NA;NA;NA;NA;NA;NA
n5402	5402	port_py3_epang_T8_gammainfo	2d7824b6-43ce-41e9-adc9-7bb57c18be6a	flagged by test only					Species	Scorzonera tragopogonoides	Scorzonera albicaulis	1.000	Plantae;Tracheophyta;NA;Asterales;Asteraceae;Scorzonera;Scorzonera tragopogonoides
n5402	5402	port_py3_epang_T8_gammainfo	2daca48d-67cf-41a9-b2a8-898626cb179f	flagged by test only					Kingdom	Plantae	Fungi	1.000	Plantae;Tracheophyta;NA;Poales;Cyperaceae;Carex;Carex acutiformis
n5402	5402	port_py3_epang_T8_gammainfo	2e4cedf6-f1ad-4b0e-b9d3-fecde212f01b	flagged by test only					Species	NA	Bipolaris sorokiniana	0.975	Fungi;Ascomycota;NA;Pleosporales;Pleosporaceae;Bipolaris;NA
n5402	5402	port_py3_epang_T8_gammainfo	2e7de12f-3f3d-4495-94ef-9aa14be2f046	flagged by test only					Species	Carex acuta	Carex acaulis	1.000	Plantae;Tracheophyta;NA;Poales;Cyperaceae;Carex;Carex acuta
n5402	5402	port_py3_epang_T8_gammainfo	2f6c1945-4824-40e7-b155-78597c1c1187	flagged by test only					Species	Ilex brevicuspis	Ilex brasiliensis	0.510	Plantae;Tracheophyta;NA;Aquifoliales;Aquifoliaceae;Ilex;Ilex brevicuspis
n5402	5402	port_py3_epang_T8_gammainfo	2f7c4ab4-a5e4-4269-8d89-2d84dcae2eb6	flagged by test only					Species	Primula hidakana	Primula takedana	0.675	Plantae;Tracheophyta;NA;Ericales;Primulaceae;Primula;Primula hidakana
n5402	5402	port_py3_epang_T8_gammainfo	309ecfa2-450a-422c-baf6-4e47768add66	flagged by test only					Genus	Pandorina	Eudorina	1.000	Plantae;Chlorophyta;NA;Chlamydomonadales;Volvocaceae;Pandorina;Pandorina morum
n5402	5402	port_py3_epang_T8_gammainfo	30ebdfc5-8dcd-42ed-b3ce-40423848ffe3	flagged by test only					Species	Ilex dumosa	Ilex brasiliensis	0.509	Plantae;Tracheophyta;NA;Aquifoliales;Aquifoliaceae;Ilex;Ilex dumosa
n5402	5402	port_py3_epang_T8_gammainfo	31c04f75-864f-4204-8a06-62883536ff7f	flagged by test only					Species	NA	Bipolaris sorokiniana	0.975	Fungi;Ascomycota;NA;Pleosporales;Pleosporaceae;Bipolaris;NA
n5402	5402	port_py3_epang_T8_gammainfo	3628ddb3-b4ea-4ed3-bf1c-b56b50cf4c91	flagged by test only					Order	Aquifoliales	Ericales	1.000	Plantae;Tracheophyta;NA;Aquifoliales;Aquifoliaceae;Ilex;Ilex crenata
n5402	5402	port_py3_epang_T8_gammainfo	39044952-aa56-44f1-a6d5-8386ce0c0e6a	flagged by test only					Species	Primula grandis	Primula veris	1.000	Plantae;Tracheophyta;NA;Ericales;Primulaceae;Primula;Primula grandis
n5402	5402	port_py3_epang_T8_gammainfo	3b7aa83b-3f3f-4572-8abf-a132fc2a19a0	flagged by test only					Species	Actinidia fulvicoma	NA	0.734	Plantae;Tracheophyta;NA;Ericales;Actinidiaceae;Actinidia;Actinidia fulvicoma
n5402	5402	port_py3_epang_T8_gammainfo	3bc999e5-2232-4b3a-acfc-6161b2e6504c	flagged by test only					Species	Primula farinosa	Primula pinnata	0.440	Plantae;Tracheophyta;NA;Ericales;Primulaceae;Primula;Primula farinosa
n5402	5402	port_py3_epang_T8_gammainfo	3beab120-14a5-48de-9baf-2be5be2a8a4e	flagged by test only					Species	Scenedesmus basiliensis	NA	0.894	Plantae;Chlorophyta;NA;Sphaeropleales;Scenedesmaceae;Scenedesmus;Scenedesmus basiliensis
n5402	5402	port_py3_epang_T8_gammainfo	3f87d9ff-fe10-405c-ba15-05e34f5b999a	flagged by test only					Genus	Gelasia	Scorzonera	0.962	Plantae;Tracheophyta;NA;Asterales;Asteraceae;Gelasia
n5402	5402	port_py3_epang_T8_gammainfo	44a402a7-af14-4adc-9378-eebd072b17d0	flagged by test only					Species	Primula vulgaris	Primula veris	0.997	Plantae;Tracheophyta;NA;Ericales;Primulaceae;Primula;Primula vulgaris
n5402	5402	port_py3_epang_T8_gammainfo	4536f9a1-2250-441d-99c2-007d52e8eacf	flagged by test only					Order	Nymphaeales	Ericales	1.000	Plantae;Tracheophyta;NA;Nymphaeales;Nymphaeaceae;Nymphaea;Nymphaea colorata
n5402	5402	port_py3_epang_T8_gammainfo	4648eaad-6a88-4cd7-876f-c1657c62a8f9	flagged by test only					Species	Primula kisoana	Primula saxatilis	0.502	Plantae;Tracheophyta;NA;Ericales;Primulaceae;Primula;Primula kisoana
n5402	5402	port_py3_epang_T8_gammainfo	49068feb-194c-4a76-abe2-a2a82501b49b	flagged by test only					Phylum	Ascomycota	NA	0.662	Fungi;Ascomycota;NA;Eurotiales;Aspergillaceae;Aspergillus;NA
n5402	5402	port_py3_epang_T8_gammainfo	4a8536f7-98b3-4f46-85c6-9a32f925a7a7	flagged by test only					Species	NA	Bipolaris sorokiniana	0.975	Fungi;Ascomycota;NA;Pleosporales;Pleosporaceae;Bipolaris;NA
n5402	5402	port_py3_epang_T8_gammainfo	4b807b12-05a5-420a-9add-0c70f6f564d0	flagged by test only					Species	Ilex integerrima	Ilex brasiliensis	1.000	Plantae;Tracheophyta;NA;Aquifoliales;Aquifoliaceae;Ilex;Ilex integerrima
n5402	5402	port_py3_epang_T8_gammainfo	4dad4cd3-c360-4dc9-8951-b19bd5f6cee4	flagged by test only					Species	Nymphaea alba	Nymphaea candida	0.510	Plantae;Tracheophyta;NA;Nymphaeales;Nymphaeaceae;Nymphaea;Nymphaea alba
n5402	5402	port_py3_epang_T8_gammainfo	4e54986c-299e-4d4a-805a-5c518c9b0ce4	flagged by test only					Kingdom	Plantae	Fungi	1.000	Plantae;Tracheophyta;NA;Poales;Cyperaceae;Carex;Carex annectens
n5402	5402	port_py3_epang_T8_gammainfo	4e72a671-d288-4aaa-a025-e8c53b472038	flagged by test only					Species	Primula elatior	Primula veris	1.000	Plantae;Tracheophyta;NA;Ericales;Primulaceae;Primula;Primula elatior
n5402	5402	port_py3_epang_T8_gammainfo	4ec3fcce-70a5-47b2-855c-755122280628	flagged by test only					Species	NA	Bipolaris sorokiniana	0.975	Fungi;Ascomycota;NA;Pleosporales;Pleosporaceae;Bipolaris;NA
n5402	5402	port_py3_epang_T8_gammainfo	4fd8151b-902c-45eb-8fa7-2e846c33d3c0	flagged by test only					Species	Carex acutiformis	Carex alba	0.528	Plantae;Tracheophyta;NA;Poales;Cyperaceae;Carex;Carex acutiformis
n5402	5402	port_py3_epang_T8_gammainfo	504cefd8-c2cf-4b49-aad1-5a7008b258bd	flagged by test only					Species	Primula elatior	Primula veris	1.000	Plantae;Tracheophyta;NA;Ericales;Primulaceae;Primula;Primula elatior
n5402	5402	port_py3_epang_T8_gammainfo	509da335-1af6-4fe4-98aa-06d6802e967c	flagged by test only					Species	NA	Bipolaris sorokiniana	0.975	Fungi;Ascomycota;NA;Pleosporales;Pleosporaceae;Bipolaris;NA
n5402	5402	port_py3_epang_T8_gammainfo	50b143fa-a5a9-4241-b7fc-1fd75fec0d19	flagged by test only					Species	Ilex canariensis	Ilex pedunculosa	0.510	Plantae;Tracheophyta;NA;Aquifoliales;Aquifoliaceae;Ilex;Ilex canariensis
n5402	5402	port_py3_epang_T8_gammainfo	50f1a169-b77c-4171-abe1-566c726fb9a1	flagged by test only					Species	NA	Bipolaris sorokiniana	0.975	Fungi;Ascomycota;NA;Pleosporales;Pleosporaceae;Bipolaris;NA
n5402	5402	port_py3_epang_T8_gammainfo	55ef84a9-53be-4026-988e-22807a42ba0f	flagged by test only					Species	Carex arcta	Carex acaulis	1.000	Plantae;Tracheophyta;NA;Poales;Cyperaceae;Carex;Carex arcta
n5402	5402	port_py3_epang_T8_gammainfo	569d128a-d4c0-4085-9fbe-296b9743a456	flagged by test only					Species	Ilex microdonta	Ilex brasiliensis	0.510	Plantae;Tracheophyta;NA;Aquifoliales;Aquifoliaceae;Ilex;Ilex microdonta
n5402	5402	port_py3_epang_T8_gammainfo	56a9e1c8-821c-4e7f-8db3-163e25910c5d	flagged by test only					Species	Ilex dumosa	Ilex pedunculosa	0.510	Plantae;Tracheophyta;NA;Aquifoliales;Aquifoliaceae;Ilex;Ilex dumosa
n5402	5402	port_py3_epang_T8_gammainfo	56fbcbf4-22c8-47a1-a1d4-f510612b2617	flagged by test only					Species	NA	__TAXCLUSTER9__Ilex verticillata	0.427	Plantae;Tracheophyta;NA;Aquifoliales;Aquifoliaceae;Ilex;NA
n5402	5402	port_py3_epang_T8_gammainfo	57077e79-77d6-44a9-9b0c-773000cf137d	flagged by test only					Phylum	NA	Basidiomycota	1.000	Fungi;NA;NA;NA;NA;NA;NA
n5402	5402	port_py3_epang_T8_gammainfo	589b3a41-77a5-4c51-a891-5b2540853ccb	flagged by test only					Genus	NA	Carex	1.000	Plantae;Tracheophyta;NA;Poales;Cyperaceae;NA;NA
n5402	5402	port_py3_epang_T8_gammainfo	5b857735-356b-4fd7-b60a-b24e699067ae	flagged by test only					Species	NA	Ilex canariensis	1.000	Plantae;Tracheophyta;NA;Aquifoliales;Aquifoliaceae;Ilex;NA
n5402	5402	port_py3_epang_T8_gammainfo	5bd2c352-f26b-49b2-9226-01371136eec4	flagged by test only					Species	__TAXCLUSTER14__Ilex lohfauensis	Ilex canariensis	1.000	Plantae;Tracheophyta;NA;Aquifoliales;Aquifoliaceae;Ilex;__TAXCLUSTER14__Ilex lohfauensis
n5402	5402	port_py3_epang_T8_gammainfo	5dbebef9-9795-4235-9551-bf24eb528f4c	flagged by test only					Species	Ilex pubescens	Ilex crenata	0.557	Plantae;Tracheophyta;NA;Aquifoliales;Aquifoliaceae;Ilex;Ilex pubescens
n5402	5402	port_py3_epang_T8_gammainfo	5f5edad4-2f3a-4be2-a348-c5a7ffb68dda	flagged by test only					Species	Primula elatior	Primula veris	0.997	Plantae;Tracheophyta;NA;Ericales;Primulaceae;Primula;Primula elatior
n5402	5402	port_py3_epang_T8_gammainfo	5f9a00e3-05e3-4c74-ba1e-274644ee72cf	flagged by test only					Species	Primula vulgaris	Primula veris	0.997	Plantae;Tracheophyta;NA;Ericales;Primulaceae;Primula;Primula vulgaris
n5402	5402	port_py3_epang_T8_gammainfo	60f61185-b905-4503-beb6-6765f1ada7ef	flagged by test only					Species	Ilex cornuta	Ilex brasiliensis	0.509	Plantae;Tracheophyta;NA;Aquifoliales;Aquifoliaceae;Ilex;Ilex cornuta
n5402	5402	port_py3_epang_T8_gammainfo	61e37d62-c280-40fb-ae41-3d27ea4c1aa9	flagged by test only					Species	Ilex tsoi	Ilex ficifolia	0.415	Plantae;Tracheophyta;NA;Aquifoliales;Aquifoliaceae;Ilex;Ilex tsoi
n5402	5402	port_py3_epang_T8_gammainfo	625eb4f1-a097-461c-af87-a258df1c16e8	flagged by test only					Species	Nymphaea micrantha	Nymphaea caerulea	0.646	Plantae;Tracheophyta;NA;Nymphaeales;Nymphaeaceae;Nymphaea;Nymphaea micrantha
n5402	5402	port_py3_epang_T8_gammainfo	631d5a8f-e617-4d3d-ba0a-4081b882115e	flagged by test only					Family	NA	Aspergillaceae	0.996	Fungi;Ascomycota;NA;Eurotiales;NA;NA;NA
n5402	5402	port_py3_epang_T8_gammainfo	63225a2c-4ff9-45f4-947b-e55ab4c0778b	flagged by test only					Species	Scorzonera laciniata	NA	0.767	Plantae;Tracheophyta;NA;Asterales;Asteraceae;Scorzonera;Scorzonera laciniata
n5402	5402	port_py3_epang_T8_gammainfo	640310f0-df15-4f23-a2df-5cb7ac543786	flagged by test only					Genus	Pandorina	Eudorina	1.000	Plantae;Chlorophyta;NA;Chlamydomonadales;Volvocaceae;Pandorina;Pandorina morum
n5402	5402	port_py3_epang_T8_gammainfo	64a10e95-7f75-430a-a3bb-54fe8420528b	flagged by test only					Species	Primula elatior	Primula veris	1.000	Plantae;Tracheophyta;NA;Ericales;Primulaceae;Primula;Primula elatior
n5402	5402	port_py3_epang_T8_gammainfo	6567099c-e803-47e8-8f0c-cead60d41f35	flagged by test only					Kingdom	Plantae	Fungi	1.000	Plantae;Tracheophyta;NA;Poales;Cyperaceae;Carex;Carex annectens
n5402	5402	port_py3_epang_T8_gammainfo	65751a9a-8018-4a46-abec-525cd7a5e65b	flagged by test only					Family	NA	Aspergillaceae	0.865	Fungi;Ascomycota;NA;Eurotiales;NA;NA;NA
n5402	5402	port_py3_epang_T8_gammainfo	657eab65-d53e-4a3a-ab79-3d90c64e8d5f	flagged by test only					Phylum	Chytridiomycota	Basidiomycota	0.978	Fungi;Chytridiomycota;NA;NA;NA;NA;NA
n5402	5402	port_py3_epang_T8_gammainfo	6809154e-54a3-4235-9310-d472bc537b2b	flagged by test only					Species	Ilex dumosa	Ilex brasiliensis	0.509	Plantae;Tracheophyta;NA;Aquifoliales;Aquifoliaceae;Ilex;Ilex dumosa
n5402	5402	port_py3_epang_T8_gammainfo	686f72a8-899a-44f7-9cdd-83684c68186b	flagged by test only					Order	Caryophyllales	Ericales	1.000	Plantae;Tracheophyta;NA;Caryophyllales;Caryophyllaceae;Acanthophyllum;Acanthophyllum pungens
n5402	5402	port_py3_epang_T8_gammainfo	69debbc0-4206-49bb-8690-f0cb6029c71c	flagged by test only					Species	Ilex brevicuspis	Ilex pedunculosa	0.510	Plantae;Tracheophyta;NA;Aquifoliales;Aquifoliaceae;Ilex;Ilex brevicuspis
n5402	5402	port_py3_epang_T8_gammainfo	6affbc76-1ac7-4aaa-8397-ce5576b623c7	flagged by test only					Species	NA	Bipolaris sorokiniana	0.975	Fungi;Ascomycota;NA;Pleosporales;Pleosporaceae;Bipolaris;NA
n5402	5402	port_py3_epang_T8_gammainfo	6c5fc730-6042-4259-adca-b4b427000d3b	flagged by test only					Species	Primula vulgaris	Primula veris	0.997	Plantae;Tracheophyta;NA;Ericales;Primulaceae;Primula;Primula vulgaris
n5402	5402	port_py3_epang_T8_gammainfo	6e9bd1dd-4180-4e61-8718-7f0c64393f17	flagged by test only					Kingdom	Plantae	Fungi	1.000	Plantae;Tracheophyta;NA;Poales;Cyperaceae;Carex;Carex acuta
n5402	5402	port_py3_epang_T8_gammainfo	70913d12-9889-4a42-b4f6-b9a7c9dfa49b	flagged by test only					Species	Primula hidakana	Primula takedana	0.675	Plantae;Tracheophyta;NA;Ericales;Primulaceae;Primula;Primula hidakana
n5402	5402	port_py3_epang_T8_gammainfo	70bfe58d-2fca-4a84-8b0d-d0653ddc954b	flagged by test only					Species	Carex acuta	Carex alba	0.657	Plantae;Tracheophyta;NA;Poales;Cyperaceae;Carex;Carex acuta
n5402	5402	port_py3_epang_T8_gammainfo	712af03e-b0e6-4cf6-8dc6-8e9f5b00c22f	flagged by test only					Species	Aspergillus penicillioides	NA	0.866	Fungi;Ascomycota;NA;Eurotiales;Aspergillaceae;Aspergillus;Aspergillus penicillioides
n5402	5402	port_py3_epang_T8_gammainfo	718a9b63-81a8-4ca8-99dc-42e9dac2bcf2	flagged by test only					Species	Primula egaliksensis	Primula marginata	0.510	Plantae;Tracheophyta;NA;Ericales;Primulaceae;Primula;Primula egaliksensis
n5402	5402	port_py3_epang_T8_gammainfo	72282719-4d36-46d1-bd73-137bb8d14a92	flagged by test only					Phylum	NA	Ascomycota	1.000	Fungi;NA;NA;NA;NA;NA;NA
n5402	5402	port_py3_epang_T8_gammainfo	764f0c96-bcad-4d5e-be11-14e59cdb1c41	flagged by test only					Species	Gelasia aucheriana	Gelasia litwinowii	0.595	Plantae;Tracheophyta;NA;Asterales;Asteraceae;Gelasia;Gelasia aucheriana
n5402	5402	port_py3_epang_T8_gammainfo	7803cf41-086a-4589-9c93-94199bbfe8af	flagged by test only					Species	Ilex pubescens	Ilex crenata	0.557	Plantae;Tracheophyta;NA;Aquifoliales;Aquifoliaceae;Ilex;Ilex pubescens
n5402	5402	port_py3_epang_T8_gammainfo	7809e608-7534-4dbe-998c-7e6c817f4d17	flagged by test only					Species	Nymphaea alba	Nymphaea candida	0.510	Plantae;Tracheophyta;NA;Nymphaeales;Nymphaeaceae;Nymphaea;Nymphaea alba
n5402	5402	port_py3_epang_T8_gammainfo	79fabe1e-076a-4b15-988d-c0358d41a54f	flagged by test only					Species	Ilex hippocrateoides	Ilex dumosa	0.444	Plantae;Tracheophyta;NA;Aquifoliales;Aquifoliaceae;Ilex;Ilex hippocrateoides
n5402	5402	port_py3_epang_T8_gammainfo	7a4f65ad-f1f1-4f8e-a7a7-859ff196d621	flagged by test only					Species	Mucuna samarensis	Mucuna gigantea	1.000	Plantae;Tracheophyta;NA;Fabales;Fabaceae;Mucuna;Mucuna samarensis
n5402	5402	port_py3_epang_T8_gammainfo	7a8b992e-efa4-48fb-97bc-13db6a964c3a	flagged by test only					Species	Ilex microdonta	Ilex brasiliensis	0.510	Plantae;Tracheophyta;NA;Aquifoliales;Aquifoliaceae;Ilex;Ilex microdonta
n5402	5402	port_py3_epang_T8_gammainfo	7b2afb27-2c10-4ccd-beb7-652969a3b731	flagged by test only					Order	NA	Zoopagales	1.000	Fungi;Zoopagomycota;NA;NA;NA;NA;NA
n5402	5402	port_py3_epang_T8_gammainfo	81590eee-b900-410f-b745-f25f7d86406b	flagged by test only					Species	Scorzonera laciniata	NA	0.767	Plantae;Tracheophyta;NA;Asterales;Asteraceae;Scorzonera;Scorzonera laciniata
n5402	5402	port_py3_epang_T8_gammainfo	82a10728-b624-4e33-9c32-62435035e484	flagged by test only					Species	Primula vulgaris	Primula veris	0.995	Plantae;Tracheophyta;NA;Ericales;Primulaceae;Primula;Primula vulgaris
n5402	5402	port_py3_epang_T8_gammainfo	83f3dd9f-7506-454f-b0f5-a6443e5d0cfa	flagged by test only					Species	Ilex dumosa	Ilex brasiliensis	0.509	Plantae;Tracheophyta;NA;Aquifoliales;Aquifoliaceae;Ilex;Ilex dumosa
n5402	5402	port_py3_epang_T8_gammainfo	85120cc9-7941-4575-98c2-f8f848338738	flagged by test only					Species	Ilex pseudobuxus	Ilex brasiliensis	0.510	Plantae;Tracheophyta;NA;Aquifoliales;Aquifoliaceae;Ilex;Ilex pseudobuxus
n5402	5402	port_py3_epang_T8_gammainfo	891ec3a8-5537-4fd3-8463-e3eac6a06413	flagged by test only					Species	Ilex integerrima	Ilex brasiliensis	1.000	Plantae;Tracheophyta;NA;Aquifoliales;Aquifoliaceae;Ilex;Ilex integerrima
n5402	5402	port_py3_epang_T8_gammainfo	8b29a212-dd7e-4cd5-9a4c-9bc4f5a229f8	flagged by test only					Species	Ilex dumosa	Ilex brasiliensis	0.509	Plantae;Tracheophyta;NA;Aquifoliales;Aquifoliaceae;Ilex;Ilex dumosa
n5402	5402	port_py3_epang_T8_gammainfo	8b76cfa6-c284-4e30-8646-ad838a07d1a2	flagged by test only					Phylum	NA	Ascomycota	0.976	Fungi;NA;NA;NA;NA;NA;NA
n5402	5402	port_py3_epang_T8_gammainfo	8bc648e5-071e-4335-8f0b-687d4e595128	flagged by test only					Genus	NA	Carex	1.000	Plantae;Tracheophyta;NA;Poales;Cyperaceae;NA;NA
n5402	5402	port_py3_epang_T8_gammainfo	8cca4641-2551-48de-926e-0d5c0882a04f	flagged by test only					Species	NA	Bipolaris sorokiniana	0.889	Fungi;Ascomycota;NA;Pleosporales;Pleosporaceae;Bipolaris;NA
n5402	5402	port_py3_epang_T8_gammainfo	8cd0077e-bd61-4cad-b37e-835761af0979	flagged by test only					Species	Primula moupinensis	__TAXCLUSTER10__Primula helodoxa	0.538	Plantae;Tracheophyta;NA;Ericales;Primulaceae;Primula;Primula moupinensis
n5402	5402	port_py3_epang_T8_gammainfo	8d3a96c9-bafc-4014-8341-c0661878e7d0	flagged by test only					Species	Primula vulgaris	Primula veris	0.997	Plantae;Tracheophyta;NA;Ericales;Primulaceae;Primula;Primula vulgaris
n5402	5402	port_py3_epang_T8_gammainfo	8e67bf12-83de-4019-a7df-f065ec3f0046	flagged by test only					Kingdom	Plantae	Fungi	1.000	Plantae;Tracheophyta;NA;Poales;Cyperaceae;Carex;Carex arcta
n5402	5402	port_py3_epang_T8_gammainfo	8ea50d64-853c-4891-b59a-bcbc0f71ccb6	flagged by test only					Species	Ilex integerrima	Ilex brasiliensis	0.510	Plantae;Tracheophyta;NA;Aquifoliales;Aquifoliaceae;Ilex;Ilex integerrima
n5402	5402	port_py3_epang_T8_gammainfo	91a68433-01a4-4e03-9d8c-866f43a43484	flagged by test only					Species	Ilex pubescens	Ilex crenata	0.557	Plantae;Tracheophyta;NA;Aquifoliales;Aquifoliaceae;Ilex;Ilex pubescens
n5402	5402	port_py3_epang_T8_gammainfo	91dac453-2ea6-47ef-af0c-320dd2bc26a0	flagged by test only					Species	Ilex venulosa	Ilex hirsuta	0.828	Plantae;Tracheophyta;NA;Aquifoliales;Aquifoliaceae;Ilex;Ilex venulosa
n5402	5402	port_py3_epang_T8_gammainfo	9352596d-2fe2-4cf4-9042-9a0ba709198d	flagged by test only					Species	Bipolaris sacchari	Bipolaris sorokiniana	0.823	Fungi;Ascomycota;NA;Pleosporales;Pleosporaceae;Bipolaris;Bipolaris sacchari
n5402	5402	port_py3_epang_T8_gammainfo	93b03229-92b3-49ee-8326-4280a23ac3b5	flagged by test only					Species	Scorzonera laciniata	NA	0.539	Plantae;Tracheophyta;NA;Asterales;Asteraceae;Scorzonera;Scorzonera laciniata
n5402	5402	port_py3_epang_T8_gammainfo	941d10d9-701c-451f-bc40-0d8c856862ef	flagged by test only					Species	Actinidia hemsleyana	Actinidia rufa	0.510	Plantae;Tracheophyta;NA;Ericales;Actinidiaceae;Actinidia;Actinidia hemsleyana
n5402	5402	port_py3_epang_T8_gammainfo	948a2f21-f287-41f3-8b34-4a22b68fbba3	flagged by test only					Species	Nymphaea micrantha	Nymphaea caerulea	0.646	Plantae;Tracheophyta;NA;Nymphaeales;Nymphaeaceae;Nymphaea;Nymphaea micrantha
n5402	5402	port_py3_epang_T8_gammainfo	9521390a-e518-467e-85e3-09de9cc016c0	flagged by test only					Species	NA	Bipolaris sorokiniana	0.975	Fungi;Ascomycota;NA;Pleosporales;Pleosporaceae;Bipolaris;NA
n5402	5402	port_py3_epang_T8_gammainfo	95f12d86-766b-4f1b-a499-57073e00defb	flagged by test only					Species	Ilex rotunda	Ilex canariensis	1.000	Plantae;Tracheophyta;NA;Aquifoliales;Aquifoliaceae;Ilex;Ilex rotunda
n5402	5402	port_py3_epang_T8_gammainfo	97f0611a-3880-4841-8ab7-624a9b2c3f8c	flagged by test only					Kingdom	Plantae	Fungi	1.000	Plantae;Tracheophyta;NA;Poales;Cyperaceae;Carex;Carex acuta
n5402	5402	port_py3_epang_T8_gammainfo	97f25c77-22f3-4bc3-b53f-c1e9033a9736	flagged by test only					Species	Mucuna samarensis	Mucuna gigantea	1.000	Plantae;Tracheophyta;NA;Fabales;Fabaceae;Mucuna;Mucuna samarensis
n5402	5402	port_py3_epang_T8_gammainfo	9c0c91de-ae6b-4dd0-ba3f-e8304fb303a4	flagged by test only					Genus	Aspergillus	NA	1.000	Fungi;Ascomycota;NA;Eurotiales;Aspergillaceae;Aspergillus;NA
n5402	5402	port_py3_epang_T8_gammainfo	9cc6abec-4a39-4923-b3e4-0c2e9c2e9c89	flagged by test only					Family	NA	Aspergillaceae	0.865	Fungi;Ascomycota;NA;Eurotiales;NA;NA;NA
n5402	5402	port_py3_epang_T8_gammainfo	9cd1e107-404e-4c74-a73b-7ea345e9497e	flagged by test only					Species	Ilex hippocrateoides	Ilex dumosa	0.444	Plantae;Tracheophyta;NA;Aquifoliales;Aquifoliaceae;Ilex;Ilex hippocrateoides
n5402	5402	port_py3_epang_T8_gammainfo	a0260006-7888-45c1-98ba-06d51f5e559c	flagged by test only					Phylum	Ascomycota	NA	0.662	Fungi;Ascomycota;NA;Eurotiales;Aspergillaceae;Aspergillus;NA
n5402	5402	port_py3_epang_T8_gammainfo	a1113ee7-c7b4-4a81-a5e6-c07e075471d0	flagged by test only					Species	Carex acuta	Carex angustata	1.000	Plantae;Tracheophyta;NA;Poales;Cyperaceae;Carex;Carex acuta
n5402	5402	port_py3_epang_T8_gammainfo	a50adb88-9deb-44bc-9799-b0a4e697a640	flagged by test only					Species	Ilex ficoidea	Ilex canariensis	1.000	Plantae;Tracheophyta;NA;Aquifoliales;Aquifoliaceae;Ilex;Ilex ficoidea
n5402	5402	port_py3_epang_T8_gammainfo	a824afba-bc21-468f-b735-7243e29a04f0	flagged by test only					Species	Ilex pseudobuxus	Ilex brasiliensis	0.510	Plantae;Tracheophyta;NA;Aquifoliales;Aquifoliaceae;Ilex;Ilex pseudobuxus
n5402	5402	port_py3_epang_T8_gammainfo	a978ee1b-d8d2-49a6-a534-b823abf82774	flagged by test only					Phylum	NA	Ascomycota	1.000	Fungi;NA;NA;NA;NA;NA;NA
n5402	5402	port_py3_epang_T8_gammainfo	abc0c41f-0a5b-488a-b4b0-7ac175fbe93c	flagged by test only					Phylum	NA	Ascomycota	0.976	Fungi;NA;NA;NA;NA;NA;NA
n5402	5402	port_py3_epang_T8_gammainfo	b19d309d-00ab-428c-b57b-1a9754934ead	flagged by test only					Kingdom	Fungi	Plantae	1.000	Fungi;NA;NA;NA;NA;NA;NA
n5402	5402	port_py3_epang_T8_gammainfo	b546cfd2-80aa-417d-831f-5417c7bbe5be	flagged by test only					Kingdom	Fungi	Plantae	1.000	Fungi;NA;NA;NA;NA;NA;NA
n5402	5402	port_py3_epang_T8_gammainfo	bebd605a-537e-43ec-a745-504fc697054a	flagged by test only					Species	NA	__TAXCLUSTER14__Ilex lohfauensis	0.832	Plantae;Tracheophyta;NA;Aquifoliales;Aquifoliaceae;Ilex;NA
n5402	5402	port_py3_epang_T8_gammainfo	bfe0b73e-c402-4d9e-a93f-a121bf41644b	flagged by test only					Species	Ilex dumosa	Ilex brasiliensis	0.509	Plantae;Tracheophyta;NA;Aquifoliales;Aquifoliaceae;Ilex;Ilex dumosa
n5402	5402	port_py3_epang_T8_gammainfo	c1efcc52-ce25-46ff-8483-25d398fa9b74	flagged by test only					Species	Primula farinosa	Primula pinnata	0.440	Plantae;Tracheophyta;NA;Ericales;Primulaceae;Primula;Primula farinosa
n5402	5402	port_py3_epang_T8_gammainfo	c374a931-2950-482d-98be-4bc6dc0dd66e	flagged by test only					Order	Nymphaeales	Ericales	1.000	Plantae;Tracheophyta;NA;Nymphaeales;Nymphaeaceae;Nymphaea;Nymphaea colorata
n5402	5402	port_py3_epang_T8_gammainfo	c4f9584a-ec7a-4088-9fef-86e6d7ad9249	flagged by test only					Species	Ilex pseudobuxus	Ilex microdonta	0.542	Plantae;Tracheophyta;NA;Aquifoliales;Aquifoliaceae;Ilex;Ilex pseudobuxus
n5402	5402	port_py3_epang_T8_gammainfo	c5110d63-8c70-4b82-963d-b04fb554b21b	flagged by test only					Species	Ilex khasiana	Ilex brasiliensis	0.429	Plantae;Tracheophyta;NA;Aquifoliales;Aquifoliaceae;Ilex;Ilex khasiana
n5402	5402	port_py3_epang_T8_gammainfo	cc5010c5-5d72-4200-b889-b1a810113468	flagged by test only					Phylum	NA	Ascomycota	1.000	Fungi;NA;NA;NA;NA;NA;NA
n5402	5402	port_py3_epang_T8_gammainfo	cd163a3c-377a-40f6-90a5-6d133c5743d0	flagged by test only					Species	Primula moupinensis	__TAXCLUSTER10__Primula helodoxa	0.471	Plantae;Tracheophyta;NA;Ericales;Primulaceae;Primula;Primula moupinensis
n5402	5402	port_py3_epang_T8_gammainfo	cf97ea73-785a-42ff-8d69-7e8550709569	flagged by test only					Species	Primula latifolia	Primula marginata	1.000	Plantae;Tracheophyta;NA;Ericales;Primulaceae;Primula;Primula latifolia
n5402	5402	port_py3_epang_T8_gammainfo	d1ec4ad5-520b-4410-8e28-bea482f8498b	flagged by test only					Species	Bipolaris bicolor	NA	0.797	Fungi;Ascomycota;NA;Pleosporales;Pleosporaceae;Bipolaris;Bipolaris bicolor
n5402	5402	port_py3_epang_T8_gammainfo	d4331726-bc8f-48bf-a19e-1e5cf5701314	flagged by test only					Species	__TAXCLUSTER21__Ilex suaveolens	Ilex canariensis	1.000	Plantae;Tracheophyta;NA;Aquifoliales;Aquifoliaceae;Ilex;__TAXCLUSTER21__Ilex suaveolens
n5402	5402	port_py3_epang_T8_gammainfo	d4e326a4-78ba-4884-920d-5df7177e6abf	flagged by test only					Species	Ilex cochinchinensis	__TAXCLUSTER9__Ilex verticillata	0.427	Plantae;Tracheophyta;NA;Aquifoliales;Aquifoliaceae;Ilex;Ilex cochinchinensis
n5402	5402	port_py3_epang_T8_gammainfo	daa9c539-f572-4f15-9c52-8777ed45f6b8	flagged by test only					Species	NA	Bipolaris sorokiniana	0.975	Fungi;Ascomycota;NA;Pleosporales;Pleosporaceae;Bipolaris;NA
n5402	5402	port_py3_epang_T8_gammainfo	dc78e940-a731-4224-8e54-2a8a5137fa9d	flagged by test only					Phylum	Ascomycota	NA	0.701	Fungi;Ascomycota;NA;Eurotiales;NA;NA;NA
n5402	5402	port_py3_epang_T8_gammainfo	de9e5304-b1cf-4b34-b848-8dd054541d93	flagged by test only					Species	Asterochloris irregularis	NA	0.491	Plantae;Chlorophyta;NA;Microthamniales;NA;Asterochloris;Asterochloris irregularis
n5402	5402	port_py3_epang_T8_gammainfo	e42c4c5b-b070-4e9f-b57e-31393155e70c	flagged by test only					Species	Scenedesmus basiliensis	NA	0.894	Plantae;Chlorophyta;NA;Sphaeropleales;Scenedesmaceae;Scenedesmus;Scenedesmus basiliensis
n5402	5402	port_py3_epang_T8_gammainfo	eb839d67-c3e2-43b8-ae28-d4fc38c62a39	flagged by test only					Kingdom	Plantae	Fungi	1.000	Plantae;Tracheophyta;NA;Poales;Cyperaceae;Carex;Carex acutiformis
n5402	5402	port_py3_epang_T8_gammainfo	ebd81364-c474-463c-8b7f-7f9881e5403c	flagged by test only					Phylum	Basidiomycota	Mucoromycota	1.000	Fungi;Basidiomycota;NA;NA;NA;NA;NA
n5402	5402	port_py3_epang_T8_gammainfo	ec838f37-c6bf-41bd-b081-b61946835943	flagged by test only					Species	Nymphaea odorata	NA	1.000	Plantae;Tracheophyta;NA;Nymphaeales;Nymphaeaceae;Nymphaea;Nymphaea odorata
n5402	5402	port_py3_epang_T8_gammainfo	edd2429a-216d-4e65-aee9-ba781ed01f88	flagged by test only					Species	Bipolaris sacchari	Bipolaris sorokiniana	0.823	Fungi;Ascomycota;NA;Pleosporales;Pleosporaceae;Bipolaris;Bipolaris sacchari
n5402	5402	port_py3_epang_T8_gammainfo	eea84bc7-417b-43f8-b7e0-dd6d5fa18070	flagged by test only					Species	Ilex cochinchinensis	__TAXCLUSTER9__Ilex verticillata	0.427	Plantae;Tracheophyta;NA;Aquifoliales;Aquifoliaceae;Ilex;Ilex cochinchinensis
n5402	5402	port_py3_epang_T8_gammainfo	f1c3d30e-ec8e-4ef4-8d9b-0bfc4aec585e	flagged by test only					Phylum	NA	Ascomycota	1.000	Fungi;NA;NA;NA;NA;NA;NA
n5402	5402	port_py3_epang_T8_gammainfo	fa7b9820-6dd1-4496-b573-66927e998ba7	flagged by test only					Species	NA	__TAXCLUSTER14__Ilex lohfauensis	0.832	Plantae;Tracheophyta;NA;Aquifoliales;Aquifoliaceae;Ilex;NA
n5402	5402	upstream_py3_raxml_T8	93f887af-fd8f-4f96-968f-32cccdca8a3f	same rank, other proposal	Species	Ilex brevicuspis	Ilex integerrima	0.528	Species	Ilex brevicuspis	Ilex brasiliensis	0.549	Plantae;Tracheophyta;NA;Aquifoliales;Aquifoliaceae;Ilex;Ilex brevicuspis
n5402	5402	upstream_py3_raxml_T8	daf7780a-3980-429f-acd6-35da5d9386a9	flagged by reference only	Species	Primula alcalina	Primula specuicola	0.495					Plantae;Tracheophyta;NA;Ericales;Primulaceae;Primula;Primula alcalina
n5402	5402	upstream_py3_raxml_T8	56fbcbf4-22c8-47a1-a1d4-f510612b2617	flagged by test only					Species	NA	__TAXCLUSTER9__Ilex verticillata	0.434	Plantae;Tracheophyta;NA;Aquifoliales;Aquifoliaceae;Ilex;NA
n5402	5402	upstream_py3_raxml_T8	70bfe58d-2fca-4a84-8b0d-d0653ddc954b	flagged by test only					Species	Carex acuta	Carex alba	0.583	Plantae;Tracheophyta;NA;Poales;Cyperaceae;Carex;Carex acuta
n5402	5402	upstream_py3_raxml_T8	d4e326a4-78ba-4884-920d-5df7177e6abf	flagged by test only					Species	Ilex cochinchinensis	__TAXCLUSTER9__Ilex verticillata	0.434	Plantae;Tracheophyta;NA;Aquifoliales;Aquifoliaceae;Ilex;Ilex cochinchinensis
n5402	5402	upstream_py3_raxml_T8	eea84bc7-417b-43f8-b7e0-dd6d5fa18070	flagged by test only					Species	Ilex cochinchinensis	__TAXCLUSTER9__Ilex verticillata	0.434	Plantae;Tracheophyta;NA;Aquifoliales;Aquifoliaceae;Ilex;Ilex cochinchinensis
